filename,cruise_name,cruise_number,chief_scientist,serial_number,deployment_platform_name,inst_type,instrument,instrument_model,instrument_offbottom_depth,mooring_number,program,project,sdn_instrument_id,station,latitude,longitude,time,depth,PRESPR01,PSLTZZ01,TEMPPR01,TEMPP901,SIGTEQ01,POTM_01
,,,,,,,,,,,,,,,degrees_north,degrees_east,UTC,m,,1e-3,degree_C,degree_C,kg/m**3,degree_C
MCTD_SL2016001_2005_12982_7200.000000.nc,mooring deployment,SL2016001,Jim Hamilton,12982,"MV Service Leader, , ",MicroCat,"MicroCat,model number SBE37-SM V3.1,serial number 12982",SBE37-SM V3.1,6.000000,2005,'Strait of Canso Real Time Observatory Project',Strait of Canso Real Time Observatory Project',SDN:L22::TOOL1456,2005.0,45.650967,-61.425217,2017-04-25T00:00:00Z,41.0,41.586,30.3624,NaN,-0.3658,24.37722493353931,-0.3668071246492171
MCTD_SL2016001_2005_12982_7200.000000.nc,mooring deployment,SL2016001,Jim Hamilton,12982,"MV Service Leader, , ",MicroCat,"MicroCat,model number SBE37-SM V3.1,serial number 12982",SBE37-SM V3.1,6.000000,2005,'Strait of Canso Real Time Observatory Project',Strait of Canso Real Time Observatory Project',SDN:L22::TOOL1456,2005.0,45.650967,-61.425217,2017-04-25T02:00:00Z,41.0,41.416,30.366,NaN,-0.3695,24.380258027164246,-0.3705018819843687
MCTD_SL2016001_2005_12982_7200.000000.nc,mooring deployment,SL2016001,Jim Hamilton,12982,"MV Service Leader, , ",MicroCat,"MicroCat,model number SBE37-SM V3.1,serial number 12982",SBE37-SM V3.1,6.000000,2005,'Strait of Canso Real Time Observatory Project',Strait of Canso Real Time Observatory Project',SDN:L22::TOOL1456,2005.0,45.650967,-61.425217,2017-04-25T04:00:00Z,41.0,41.089,30.3682,NaN,-0.374,24.382187109076767,-0.3749923951468504
MCTD_SL2016001_2005_12982_7200.000000.nc,mooring deployment,SL2016001,Jim Hamilton,12982,"MV Service Leader, , ",MicroCat,"MicroCat,model number SBE37-SM V3.1,serial number 12982",SBE37-SM V3.1,6.000000,2005,'Strait of Canso Real Time Observatory Project',Strait of Canso Real Time Observatory Project',SDN:L22::TOOL1456,2005.0,45.650967,-61.425217,2017-04-25T06:00:00Z,41.0,40.871,30.3726,NaN,-0.3703,24.385615710707953,-0.3712887111197949
MCTD_SL2016001_2005_12982_7200.000000.nc,mooring deployment,SL2016001,Jim Hamilton,12982,"MV Service Leader, , ",MicroCat,"MicroCat,model number SBE37-SM V3.1,serial number 12982",SBE37-SM V3.1,6.000000,2005,'Strait of Canso Real Time Observatory Project',Strait of Canso Real Time Observatory Project',SDN:L22::TOOL1456,2005.0,45.650967,-61.425217,2017-04-25T08:00:00Z,41.0,41.068,30.38,NaN,-0.3722,24.391657521275874,-0.3731934506004683
MCTD_SL2016001_2005_12982_7200.000000.nc,mooring deployment,SL2016001,Jim Hamilton,12982,"MV Service Leader, , ",MicroCat,"MicroCat,model number SBE37-SM V3.1,serial number 12982",SBE37-SM V3.1,6.000000,2005,'Strait of Canso Real Time Observatory Project',Strait of Canso Real Time Observatory Project',SDN:L22::TOOL1456,2005.0,45.650967,-61.425217,2017-04-25T10:00:00Z,41.0,41.404,30.3845,NaN,-0.3823,24.395634323509285,-0.3832984055683907
MCTD_SL2016001_2005_12982_7200.000000.nc,mooring deployment,SL2016001,Jim Hamilton,12982,"MV Service Leader, , ",MicroCat,"MicroCat,model number SBE37-SM V3.1,serial number 12982",SBE37-SM V3.1,6.000000,2005,'Strait of Canso Real Time Observatory Project',Strait of Canso Real Time Observatory Project',SDN:L22::TOOL1456,2005.0,45.650967,-61.425217,2017-04-25T12:00:00Z,41.0,41.696,30.3858,NaN,-0.379,24.39657318061927,-0.38000687252557735
MCTD_SL2016001_2005_12982_7200.000000.nc,mooring deployment,SL2016001,Jim Hamilton,12982,"MV Service Leader, , ",MicroCat,"MicroCat,model number SBE37-SM V3.1,serial number 12982",SBE37-SM V3.1,6.000000,2005,'Strait of Canso Real Time Observatory Project',Strait of Canso Real Time Observatory Project',SDN:L22::TOOL1456,2005.0,45.650967,-61.425217,2017-04-25T14:00:00Z,41.0,41.577,30.3678,NaN,-0.3725,24.381813668234372,-0.3735048915295256
MCTD_SL2016001_2005_12982_7200.000000.nc,mooring deployment,SL2016001,Jim Hamilton,12982,"MV Service Leader, , ",MicroCat,"MicroCat,model number SBE37-SM V3.1,serial number 12982",SBE37-SM V3.1,6.000000,2005,'Strait of Canso Real Time Observatory Project',Strait of Canso Real Time Observatory Project',SDN:L22::TOOL1456,2005.0,45.650967,-61.425217,2017-04-25T16:00:00Z,41.0,41.148,30.3681,NaN,-0.3797,24.38229894120559,-0.3806917815303325
MCTD_SL2016001_2005_12982_7200.000000.nc,mooring deployment,SL2016001,Jim Hamilton,12982,"MV Service Leader, , ",MicroCat,"MicroCat,model number SBE37-SM V3.1,serial number 12982",SBE37-SM V3.1,6.000000,2005,'Strait of Canso Real Time Observatory Project',Strait of Canso Real Time Observatory Project',SDN:L22::TOOL1456,2005.0,45.650967,-61.425217,2017-04-25T18:00:00Z,41.0,40.83,30.3663,NaN,-0.3749,24.380682608300503,-0.37588556806885054
MCTD_SL2016001_2005_12982_7200.000000.nc,mooring deployment,SL2016001,Jim Hamilton,12982,"MV Service Leader, , ",MicroCat,"MicroCat,model number SBE37-SM V3.1,serial number 12982",SBE37-SM V3.1,6.000000,2005,'Strait of Canso Real Time Observatory Project',Strait of Canso Real Time Observatory Project',SDN:L22::TOOL1456,2005.0,45.650967,-61.425217,2017-04-25T20:00:00Z,41.0,40.989,30.3695,NaN,-0.3914,24.38382353134375,-0.3923837950115248
MCTD_SL2016001_2005_12982_7200.000000.nc,mooring deployment,SL2016001,Jim Hamilton,12982,"MV Service Leader, , ",MicroCat,"MicroCat,model number SBE37-SM V3.1,serial number 12982",SBE37-SM V3.1,6.000000,2005,'Strait of Canso Real Time Observatory Project',Strait of Canso Real Time Observatory Project',SDN:L22::TOOL1456,2005.0,45.650967,-61.425217,2017-04-25T22:00:00Z,41.0,41.323,30.3704,NaN,-0.3894,24.384483635318247,-0.3903927394994641
MCTD_SL2016001_2005_12982_7200.000000.nc,mooring deployment,SL2016001,Jim Hamilton,12982,"MV Service Leader, , ",MicroCat,"MicroCat,model number SBE37-SM V3.1,serial number 12982",SBE37-SM V3.1,6.000000,2005,'Strait of Canso Real Time Observatory Project',Strait of Canso Real Time Observatory Project',SDN:L22::TOOL1456,2005.0,45.650967,-61.425217,2017-04-26T00:00:00Z,41.0,41.653,30.3757,NaN,-0.3832,24.388556463330133,-0.3842034828283095
MCTD_SL2016001_2005_12982_7200.000000.nc,mooring deployment,SL2016001,Jim Hamilton,12982,"MV Service Leader, , ",MicroCat,"MicroCat,model number SBE37-SM V3.1,serial number 12982",SBE37-SM V3.1,6.000000,2005,'Strait of Canso Real Time Observatory Project',Strait of Canso Real Time Observatory Project',SDN:L22::TOOL1456,2005.0,45.650967,-61.425217,2017-04-26T02:00:00Z,41.0,41.62,30.375,NaN,-0.3864,24.38809880352528,-0.3874014525027186
MCTD_SL2016001_2005_12982_7200.000000.nc,mooring deployment,SL2016001,Jim Hamilton,12982,"MV Service Leader, , ",MicroCat,"MicroCat,model number SBE37-SM V3.1,serial number 12982",SBE37-SM V3.1,6.000000,2005,'Strait of Canso Real Time Observatory Project',Strait of Canso Real Time Observatory Project',SDN:L22::TOOL1456,2005.0,45.650967,-61.425217,2017-04-26T04:00:00Z,41.0,41.304,30.3738,NaN,-0.389,24.38721667796358,-0.38999268794328196
MCTD_SL2016001_2005_12982_7200.000000.nc,mooring deployment,SL2016001,Jim Hamilton,12982,"MV Service Leader, , ",MicroCat,"MicroCat,model number SBE37-SM V3.1,serial number 12982",SBE37-SM V3.1,6.000000,2005,'Strait of Canso Real Time Observatory Project',Strait of Canso Real Time Observatory Project',SDN:L22::TOOL1456,2005.0,45.650967,-61.425217,2017-04-26T06:00:00Z,41.0,40.982,30.3771,NaN,-0.3779,24.38950787416684,-0.37888906400783634
MCTD_SL2016001_2005_12982_7200.000000.nc,mooring deployment,SL2016001,Jim Hamilton,12982,"MV Service Leader, , ",MicroCat,"MicroCat,model number SBE37-SM V3.1,serial number 12982",SBE37-SM V3.1,6.000000,2005,'Strait of Canso Real Time Observatory Project',Strait of Canso Real Time Observatory Project',SDN:L22::TOOL1456,2005.0,45.650967,-61.425217,2017-04-26T08:00:00Z,41.0,41.028,30.3857,NaN,-0.3766,24.39641066609056,-0.37759133201180245
MCTD_SL2016001_2005_12982_7200.000000.nc,mooring deployment,SL2016001,Jim Hamilton,12982,"MV Service Leader, , ",MicroCat,"MicroCat,model number SBE37-SM V3.1,serial number 12982",SBE37-SM V3.1,6.000000,2005,'Strait of Canso Real Time Observatory Project',Strait of Canso Real Time Observatory Project',SDN:L22::TOOL1456,2005.0,45.650967,-61.425217,2017-04-26T10:00:00Z,41.0,41.352,30.3872,NaN,-0.3876,24.397994039259174,-0.3885954242251667
MCTD_SL2016001_2005_12982_7200.000000.nc,mooring deployment,SL2016001,Jim Hamilton,12982,"MV Service Leader, , ",MicroCat,"MicroCat,model number SBE37-SM V3.1,serial number 12982",SBE37-SM V3.1,6.000000,2005,'Strait of Canso Real Time Observatory Project',Strait of Canso Real Time Observatory Project',SDN:L22::TOOL1456,2005.0,45.650967,-61.425217,2017-04-26T12:00:00Z,41.0,41.584,30.377,NaN,-0.4153,24.390681586322216,-0.4162902017472085
MCTD_SL2016001_2005_12982_7200.000000.nc,mooring deployment,SL2016001,Jim Hamilton,12982,"MV Service Leader, , ",MicroCat,"MicroCat,model number SBE37-SM V3.1,serial number 12982",SBE37-SM V3.1,6.000000,2005,'Strait of Canso Real Time Observatory Project',Strait of Canso Real Time Observatory Project',SDN:L22::TOOL1456,2005.0,45.650967,-61.425217,2017-04-26T14:00:00Z,41.0,41.621,30.354,NaN,-0.3879,24.37118569633526,-0.3888992637823391
MCTD_SL2016001_2005_12982_7200.000000.nc,mooring deployment,SL2016001,Jim Hamilton,12982,"MV Service Leader, , ",MicroCat,"MicroCat,model number SBE37-SM V3.1,serial number 12982",SBE37-SM V3.1,6.000000,2005,'Strait of Canso Real Time Observatory Project',Strait of Canso Real Time Observatory Project',SDN:L22::TOOL1456,2005.0,45.650967,-61.425217,2017-04-26T16:00:00Z,41.0,41.137,30.3554,NaN,-0.3819,24.372114451170546,-0.3828897234592916
MCTD_SL2016001_2005_12982_7200.000000.nc,mooring deployment,SL2016001,Jim Hamilton,12982,"MV Service Leader, , ",MicroCat,"MicroCat,model number SBE37-SM V3.1,serial number 12982",SBE37-SM V3.1,6.000000,2005,'Strait of Canso Real Time Observatory Project',Strait of Canso Real Time Observatory Project',SDN:L22::TOOL1456,2005.0,45.650967,-61.425217,2017-04-26T18:00:00Z,41.0,40.609,30.3491,NaN,-0.3775,24.366876889137984,-0.37847789088240874
MCTD_SL2016001_2005_12982_7200.000000.nc,mooring deployment,SL2016001,Jim Hamilton,12982,"MV Service Leader, , ",MicroCat,"MicroCat,model number SBE37-SM V3.1,serial number 12982",SBE37-SM V3.1,6.000000,2005,'Strait of Canso Real Time Observatory Project',Strait of Canso Real Time Observatory Project',SDN:L22::TOOL1456,2005.0,45.650967,-61.425217,2017-04-26T20:00:00Z,41.0,40.551,30.3488,NaN,-0.3784,24.366664848267874,-0.37937612865909204
MCTD_SL2016001_2005_12982_7200.000000.nc,mooring deployment,SL2016001,Jim Hamilton,12982,"MV Service Leader, , ",MicroCat,"MicroCat,model number SBE37-SM V3.1,serial number 12982",SBE37-SM V3.1,6.000000,2005,'Strait of Canso Real Time Observatory Project',Strait of Canso Real Time Observatory Project',SDN:L22::TOOL1456,2005.0,45.650967,-61.425217,2017-04-26T22:00:00Z,41.0,40.995,30.3468,NaN,-0.3768,24.36499578073176,-0.3777874102230944
MCTD_SL2016001_2005_12982_7200.000000.nc,mooring deployment,SL2016001,Jim Hamilton,12982,"MV Service Leader, , ",MicroCat,"MicroCat,model number SBE37-SM V3.1,serial number 12982",SBE37-SM V3.1,6.000000,2005,'Strait of Canso Real Time Observatory Project',Strait of Canso Real Time Observatory Project',SDN:L22::TOOL1456,2005.0,45.650967,-61.425217,2017-04-27T00:00:00Z,41.0,41.432,30.345,NaN,-0.3821,24.363720635377376,-0.3830960448167166
MCTD_SL2016001_2005_12982_7200.000000.nc,mooring deployment,SL2016001,Jim Hamilton,12982,"MV Service Leader, , ",MicroCat,"MicroCat,model number SBE37-SM V3.1,serial number 12982",SBE37-SM V3.1,6.000000,2005,'Strait of Canso Real Time Observatory Project',Strait of Canso Real Time Observatory Project',SDN:L22::TOOL1456,2005.0,45.650967,-61.425217,2017-04-27T02:00:00Z,41.0,41.714,30.3427,NaN,-0.3848,24.361953732792244,-0.3858017681774201
MCTD_SL2016001_2005_12982_7200.000000.nc,mooring deployment,SL2016001,Jim Hamilton,12982,"MV Service Leader, , ",MicroCat,"MicroCat,model number SBE37-SM V3.1,serial number 12982",SBE37-SM V3.1,6.000000,2005,'Strait of Canso Real Time Observatory Project',Strait of Canso Real Time Observatory Project',SDN:L22::TOOL1456,2005.0,45.650967,-61.425217,2017-04-27T04:00:00Z,41.0,41.461,30.3426,NaN,-0.3902,24.362053895390545,-0.3911936218711566
MCTD_SL2016001_2005_12982_7200.000000.nc,mooring deployment,SL2016001,Jim Hamilton,12982,"MV Service Leader, , ",MicroCat,"MicroCat,model number SBE37-SM V3.1,serial number 12982",SBE37-SM V3.1,6.000000,2005,'Strait of Canso Real Time Observatory Project',Strait of Canso Real Time Observatory Project',SDN:L22::TOOL1456,2005.0,45.650967,-61.425217,2017-04-27T06:00:00Z,41.0,41.144,30.3422,NaN,-0.3968,24.361951348984803,-0.39778348849923817
MCTD_SL2016001_2005_12982_7200.000000.nc,mooring deployment,SL2016001,Jim Hamilton,12982,"MV Service Leader, , ",MicroCat,"MicroCat,model number SBE37-SM V3.1,serial number 12982",SBE37-SM V3.1,6.000000,2005,'Strait of Canso Real Time Observatory Project',Strait of Canso Real Time Observatory Project',SDN:L22::TOOL1456,2005.0,45.650967,-61.425217,2017-04-27T08:00:00Z,41.0,41.028,30.3441,NaN,-0.3788,24.362882261840696,-0.3797872882205606
MCTD_SL2016001_2005_12982_7200.000000.nc,mooring deployment,SL2016001,Jim Hamilton,12982,"MV Service Leader, , ",MicroCat,"MicroCat,model number SBE37-SM V3.1,serial number 12982",SBE37-SM V3.1,6.000000,2005,'Strait of Canso Real Time Observatory Project',Strait of Canso Real Time Observatory Project',SDN:L22::TOOL1456,2005.0,45.650967,-61.425217,2017-04-27T10:00:00Z,41.0,41.409,30.3456,NaN,-0.3807,24.364158176986848,-0.3816960378797843
MCTD_SL2016001_2005_12982_7200.000000.nc,mooring deployment,SL2016001,Jim Hamilton,12982,"MV Service Leader, , ",MicroCat,"MicroCat,model number SBE37-SM V3.1,serial number 12982",SBE37-SM V3.1,6.000000,2005,'Strait of Canso Real Time Observatory Project',Strait of Canso Real Time Observatory Project',SDN:L22::TOOL1456,2005.0,45.650967,-61.425217,2017-04-27T12:00:00Z,41.0,41.651,30.316,NaN,-0.3816,24.340278863347066,-0.3825992775976352
MCTD_SL2016001_2005_12982_7200.000000.nc,mooring deployment,SL2016001,Jim Hamilton,12982,"MV Service Leader, , ",MicroCat,"MicroCat,model number SBE37-SM V3.1,serial number 12982",SBE37-SM V3.1,6.000000,2005,'Strait of Canso Real Time Observatory Project',Strait of Canso Real Time Observatory Project',SDN:L22::TOOL1456,2005.0,45.650967,-61.425217,2017-04-27T14:00:00Z,41.0,41.793,30.2734,NaN,-0.3674,24.305392790784254,-0.368404547535718
MCTD_SL2016001_2005_12982_7200.000000.nc,mooring deployment,SL2016001,Jim Hamilton,12982,"MV Service Leader, , ",MicroCat,"MicroCat,model number SBE37-SM V3.1,serial number 12982",SBE37-SM V3.1,6.000000,2005,'Strait of Canso Real Time Observatory Project',Strait of Canso Real Time Observatory Project',SDN:L22::TOOL1456,2005.0,45.650967,-61.425217,2017-04-27T16:00:00Z,41.0,41.452,30.2746,NaN,-0.3698,24.306442378725933,-0.3707954380886671
MCTD_SL2016001_2005_12982_7200.000000.nc,mooring deployment,SL2016001,Jim Hamilton,12982,"MV Service Leader, , ",MicroCat,"MicroCat,model number SBE37-SM V3.1,serial number 12982",SBE37-SM V3.1,6.000000,2005,'Strait of Canso Real Time Observatory Project',Strait of Canso Real Time Observatory Project',SDN:L22::TOOL1456,2005.0,45.650967,-61.425217,2017-04-27T18:00:00Z,41.0,40.817,30.274,NaN,-0.3738,24.306091408259135,-0.37477846194044323
MCTD_SL2016001_2005_12982_7200.000000.nc,mooring deployment,SL2016001,Jim Hamilton,12982,"MV Service Leader, , ",MicroCat,"MicroCat,model number SBE37-SM V3.1,serial number 12982",SBE37-SM V3.1,6.000000,2005,'Strait of Canso Real Time Observatory Project',Strait of Canso Real Time Observatory Project',SDN:L22::TOOL1456,2005.0,45.650967,-61.425217,2017-04-27T20:00:00Z,41.0,40.53,30.2661,NaN,-0.3693,24.299559284000225,-0.37027245758749633
MCTD_SL2016001_2005_12982_7200.000000.nc,mooring deployment,SL2016001,Jim Hamilton,12982,"MV Service Leader, , ",MicroCat,"MicroCat,model number SBE37-SM V3.1,serial number 12982",SBE37-SM V3.1,6.000000,2005,'Strait of Canso Real Time Observatory Project',Strait of Canso Real Time Observatory Project',SDN:L22::TOOL1456,2005.0,45.650967,-61.425217,2017-04-27T22:00:00Z,41.0,40.851,30.262,NaN,-0.3701,24.29627476135579,-0.3710796804455128
MCTD_SL2016001_2005_12982_7200.000000.nc,mooring deployment,SL2016001,Jim Hamilton,12982,"MV Service Leader, , ",MicroCat,"MicroCat,model number SBE37-SM V3.1,serial number 12982",SBE37-SM V3.1,6.000000,2005,'Strait of Canso Real Time Observatory Project',Strait of Canso Real Time Observatory Project',SDN:L22::TOOL1456,2005.0,45.650967,-61.425217,2017-04-28T00:00:00Z,41.0,41.34,30.2647,NaN,-0.3732,24.29855988593522,-0.37419069238321623
MCTD_SL2016001_2005_12982_7200.000000.nc,mooring deployment,SL2016001,Jim Hamilton,12982,"MV Service Leader, , ",MicroCat,"MicroCat,model number SBE37-SM V3.1,serial number 12982",SBE37-SM V3.1,6.000000,2005,'Strait of Canso Real Time Observatory Project',Strait of Canso Real Time Observatory Project',SDN:L22::TOOL1456,2005.0,45.650967,-61.425217,2017-04-28T02:00:00Z,41.0,41.703,30.2617,NaN,-0.3739,24.296160447062448,-0.37489904329416146
MCTD_SL2016001_2005_12982_7200.000000.nc,mooring deployment,SL2016001,Jim Hamilton,12982,"MV Service Leader, , ",MicroCat,"MicroCat,model number SBE37-SM V3.1,serial number 12982",SBE37-SM V3.1,6.000000,2005,'Strait of Canso Real Time Observatory Project',Strait of Canso Real Time Observatory Project',SDN:L22::TOOL1456,2005.0,45.650967,-61.425217,2017-04-28T04:00:00Z,41.0,41.614,30.2591,NaN,-0.3735,24.294046901768525,-0.3744968151121589
MCTD_SL2016001_2005_12982_7200.000000.nc,mooring deployment,SL2016001,Jim Hamilton,12982,"MV Service Leader, , ",MicroCat,"MicroCat,model number SBE37-SM V3.1,serial number 12982",SBE37-SM V3.1,6.000000,2005,'Strait of Canso Real Time Observatory Project',Strait of Canso Real Time Observatory Project',SDN:L22::TOOL1456,2005.0,45.650967,-61.425217,2017-04-28T06:00:00Z,41.0,41.296,30.2567,NaN,-0.3788,24.29228526020006,-0.3797869643435466
MCTD_SL2016001_2005_12982_7200.000000.nc,mooring deployment,SL2016001,Jim Hamilton,12982,"MV Service Leader, , ",MicroCat,"MicroCat,model number SBE37-SM V3.1,serial number 12982",SBE37-SM V3.1,6.000000,2005,'Strait of Canso Real Time Observatory Project',Strait of Canso Real Time Observatory Project',SDN:L22::TOOL1456,2005.0,45.650967,-61.425217,2017-04-28T08:00:00Z,41.0,40.977,30.255,NaN,-0.3716,24.290671121927517,-0.37258166673068843
MCTD_SL2016001_2005_12982_7200.000000.nc,mooring deployment,SL2016001,Jim Hamilton,12982,"MV Service Leader, , ",MicroCat,"MicroCat,model number SBE37-SM V3.1,serial number 12982",SBE37-SM V3.1,6.000000,2005,'Strait of Canso Real Time Observatory Project',Strait of Canso Real Time Observatory Project',SDN:L22::TOOL1456,2005.0,45.650967,-61.425217,2017-04-28T10:00:00Z,41.0,41.228,30.2554,NaN,-0.3804,24.291288537152923,-0.38138463188375565
MCTD_SL2016001_2005_12982_7200.000000.nc,mooring deployment,SL2016001,Jim Hamilton,12982,"MV Service Leader, , ",MicroCat,"MicroCat,model number SBE37-SM V3.1,serial number 12982",SBE37-SM V3.1,6.000000,2005,'Strait of Canso Real Time Observatory Project',Strait of Canso Real Time Observatory Project',SDN:L22::TOOL1456,2005.0,45.650967,-61.425217,2017-04-28T12:00:00Z,41.0,41.585,30.2572,NaN,-0.4032,24.293499799726305,-0.4041851337428913
MCTD_SL2016001_2005_12982_7200.000000.nc,mooring deployment,SL2016001,Jim Hamilton,12982,"MV Service Leader, , ",MicroCat,"MicroCat,model number SBE37-SM V3.1,serial number 12982",SBE37-SM V3.1,6.000000,2005,'Strait of Canso Real Time Observatory Project',Strait of Canso Real Time Observatory Project',SDN:L22::TOOL1456,2005.0,45.650967,-61.425217,2017-04-28T14:00:00Z,41.0,41.756,30.2562,NaN,-0.4083,24.292860416344638,-0.4092873070960041
MCTD_SL2016001_2005_12982_7200.000000.nc,mooring deployment,SL2016001,Jim Hamilton,12982,"MV Service Leader, , ",MicroCat,"MicroCat,model number SBE37-SM V3.1,serial number 12982",SBE37-SM V3.1,6.000000,2005,'Strait of Canso Real Time Observatory Project',Strait of Canso Real Time Observatory Project',SDN:L22::TOOL1456,2005.0,45.650967,-61.425217,2017-04-28T16:00:00Z,41.0,41.514,30.2175,NaN,-0.3835,24.260778298130163,-0.3844874497361036
MCTD_SL2016001_2005_12982_7200.000000.nc,mooring deployment,SL2016001,Jim Hamilton,12982,"MV Service Leader, , ",MicroCat,"MicroCat,model number SBE37-SM V3.1,serial number 12982",SBE37-SM V3.1,6.000000,2005,'Strait of Canso Real Time Observatory Project',Strait of Canso Real Time Observatory Project',SDN:L22::TOOL1456,2005.0,45.650967,-61.425217,2017-04-28T18:00:00Z,41.0,40.935,30.2204,NaN,-0.3719,24.262734213774365,-0.37287783701924343
MCTD_SL2016001_2005_12982_7200.000000.nc,mooring deployment,SL2016001,Jim Hamilton,12982,"MV Service Leader, , ",MicroCat,"MicroCat,model number SBE37-SM V3.1,serial number 12982",SBE37-SM V3.1,6.000000,2005,'Strait of Canso Real Time Observatory Project',Strait of Canso Real Time Observatory Project',SDN:L22::TOOL1456,2005.0,45.650967,-61.425217,2017-04-28T20:00:00Z,41.0,40.353,30.2236,NaN,-0.3793,24.26556502194876,-0.3802613368223578
MCTD_SL2016001_2005_12982_7200.000000.nc,mooring deployment,SL2016001,Jim Hamilton,12982,"MV Service Leader, , ",MicroCat,"MicroCat,model number SBE37-SM V3.1,serial number 12982",SBE37-SM V3.1,6.000000,2005,'Strait of Canso Real Time Observatory Project',Strait of Canso Real Time Observatory Project',SDN:L22::TOOL1456,2005.0,45.650967,-61.425217,2017-04-28T22:00:00Z,41.0,40.505,30.2253,NaN,-0.3854,24.267141022230817,-0.3863629829179568
MCTD_SL2016001_2005_12982_7200.000000.nc,mooring deployment,SL2016001,Jim Hamilton,12982,"MV Service Leader, , ",MicroCat,"MicroCat,model number SBE37-SM V3.1,serial number 12982",SBE37-SM V3.1,6.000000,2005,'Strait of Canso Real Time Observatory Project',Strait of Canso Real Time Observatory Project',SDN:L22::TOOL1456,2005.0,45.650967,-61.425217,2017-04-29T00:00:00Z,41.0,40.939,30.2199,NaN,-0.3917,24.262988188025474,-0.3926707901640945
MCTD_SL2016001_2005_12982_7200.000000.nc,mooring deployment,SL2016001,Jim Hamilton,12982,"MV Service Leader, , ",MicroCat,"MicroCat,model number SBE37-SM V3.1,serial number 12982",SBE37-SM V3.1,6.000000,2005,'Strait of Canso Real Time Observatory Project',Strait of Canso Real Time Observatory Project',SDN:L22::TOOL1456,2005.0,45.650967,-61.425217,2017-04-29T02:00:00Z,41.0,41.372,30.2241,NaN,-0.4075,24.26690232254532,-0.40847583124147263
MCTD_SL2016001_2005_12982_7200.000000.nc,mooring deployment,SL2016001,Jim Hamilton,12982,"MV Service Leader, , ",MicroCat,"MicroCat,model number SBE37-SM V3.1,serial number 12982",SBE37-SM V3.1,6.000000,2005,'Strait of Canso Real Time Observatory Project',Strait of Canso Real Time Observatory Project',SDN:L22::TOOL1456,2005.0,45.650967,-61.425217,2017-04-29T04:00:00Z,41.0,41.578,30.2048,NaN,-0.3745,24.250221029986733,-0.3754912710652177
MCTD_SL2016001_2005_12982_7200.000000.nc,mooring deployment,SL2016001,Jim Hamilton,12982,"MV Service Leader, , ",MicroCat,"MicroCat,model number SBE37-SM V3.1,serial number 12982",SBE37-SM V3.1,6.000000,2005,'Strait of Canso Real Time Observatory Project',Strait of Canso Real Time Observatory Project',SDN:L22::TOOL1456,2005.0,45.650967,-61.425217,2017-04-29T06:00:00Z,41.0,41.39,30.203,NaN,-0.3973,24.24952187312192,-0.39827829916727125
MCTD_SL2016001_2005_12982_7200.000000.nc,mooring deployment,SL2016001,Jim Hamilton,12982,"MV Service Leader, , ",MicroCat,"MicroCat,model number SBE37-SM V3.1,serial number 12982",SBE37-SM V3.1,6.000000,2005,'Strait of Canso Real Time Observatory Project',Strait of Canso Real Time Observatory Project',SDN:L22::TOOL1456,2005.0,45.650967,-61.425217,2017-04-29T08:00:00Z,41.0,41.034,30.2053,NaN,-0.3963,24.251346551872757,-0.3972702833564825
MCTD_SL2016001_2005_12982_7200.000000.nc,mooring deployment,SL2016001,Jim Hamilton,12982,"MV Service Leader, , ",MicroCat,"MicroCat,model number SBE37-SM V3.1,serial number 12982",SBE37-SM V3.1,6.000000,2005,'Strait of Canso Real Time Observatory Project',Strait of Canso Real Time Observatory Project',SDN:L22::TOOL1456,2005.0,45.650967,-61.425217,2017-04-29T10:00:00Z,41.0,41.011,30.1988,NaN,-0.4122,24.246617953967643,-0.4131635039473307
MCTD_SL2016001_2005_12982_7200.000000.nc,mooring deployment,SL2016001,Jim Hamilton,12982,"MV Service Leader, , ",MicroCat,"MicroCat,model number SBE37-SM V3.1,serial number 12982",SBE37-SM V3.1,6.000000,2005,'Strait of Canso Real Time Observatory Project',Strait of Canso Real Time Observatory Project',SDN:L22::TOOL1456,2005.0,45.650967,-61.425217,2017-04-29T12:00:00Z,41.0,41.462,30.2038,NaN,-0.4091,24.250555961535156,-0.41007580300455965
MCTD_SL2016001_2005_12982_7200.000000.nc,mooring deployment,SL2016001,Jim Hamilton,12982,"MV Service Leader, , ",MicroCat,"MicroCat,model number SBE37-SM V3.1,serial number 12982",SBE37-SM V3.1,6.000000,2005,'Strait of Canso Real Time Observatory Project',Strait of Canso Real Time Observatory Project',SDN:L22::TOOL1456,2005.0,45.650967,-61.425217,2017-04-29T14:00:00Z,41.0,41.686,30.1903,NaN,-0.4213,24.240048739775375,-0.42227563113014444
MCTD_SL2016001_2005_12982_7200.000000.nc,mooring deployment,SL2016001,Jim Hamilton,12982,"MV Service Leader, , ",MicroCat,"MicroCat,model number SBE37-SM V3.1,serial number 12982",SBE37-SM V3.1,6.000000,2005,'Strait of Canso Real Time Observatory Project',Strait of Canso Real Time Observatory Project',SDN:L22::TOOL1456,2005.0,45.650967,-61.425217,2017-04-29T16:00:00Z,41.0,41.552,30.2053,NaN,-0.4155,24.251977307964353,-0.41647574400008763
MCTD_SL2016001_2005_12982_7200.000000.nc,mooring deployment,SL2016001,Jim Hamilton,12982,"MV Service Leader, , ",MicroCat,"MicroCat,model number SBE37-SM V3.1,serial number 12982",SBE37-SM V3.1,6.000000,2005,'Strait of Canso Real Time Observatory Project',Strait of Canso Real Time Observatory Project',SDN:L22::TOOL1456,2005.0,45.650967,-61.425217,2017-04-29T18:00:00Z,41.0,41.14,30.2099,NaN,-0.4053,24.25535873681133,-0.40626994631020297
MCTD_SL2016001_2005_12982_7200.000000.nc,mooring deployment,SL2016001,Jim Hamilton,12982,"MV Service Leader, , ",MicroCat,"MicroCat,model number SBE37-SM V3.1,serial number 12982",SBE37-SM V3.1,6.000000,2005,'Strait of Canso Real Time Observatory Project',Strait of Canso Real Time Observatory Project',SDN:L22::TOOL1456,2005.0,45.650967,-61.425217,2017-04-29T20:00:00Z,41.0,40.505,30.2055,NaN,-0.3917,24.251355881073096,-0.39265921680693705
MCTD_SL2016001_2005_12982_7200.000000.nc,mooring deployment,SL2016001,Jim Hamilton,12982,"MV Service Leader, , ",MicroCat,"MicroCat,model number SBE37-SM V3.1,serial number 12982",SBE37-SM V3.1,6.000000,2005,'Strait of Canso Real Time Observatory Project',Strait of Canso Real Time Observatory Project',SDN:L22::TOOL1456,2005.0,45.650967,-61.425217,2017-04-29T22:00:00Z,41.0,40.182,30.2057,NaN,-0.3989,24.25175466569408,-0.3998489210373721
MCTD_SL2016001_2005_12982_7200.000000.nc,mooring deployment,SL2016001,Jim Hamilton,12982,"MV Service Leader, , ",MicroCat,"MicroCat,model number SBE37-SM V3.1,serial number 12982",SBE37-SM V3.1,6.000000,2005,'Strait of Canso Real Time Observatory Project',Strait of Canso Real Time Observatory Project',SDN:L22::TOOL1456,2005.0,45.650967,-61.425217,2017-04-30T00:00:00Z,41.0,40.693,30.2048,NaN,-0.4007,24.25108730209263,-0.4016604773609786
MCTD_SL2016001_2005_12982_7200.000000.nc,mooring deployment,SL2016001,Jim Hamilton,12982,"MV Service Leader, , ",MicroCat,"MicroCat,model number SBE37-SM V3.1,serial number 12982",SBE37-SM V3.1,6.000000,2005,'Strait of Canso Real Time Observatory Project',Strait of Canso Real Time Observatory Project',SDN:L22::TOOL1456,2005.0,45.650967,-61.425217,2017-04-30T02:00:00Z,41.0,41.164,30.2061,NaN,-0.4066,24.252331725509293,-0.40756975410249846
MCTD_SL2016001_2005_12982_7200.000000.nc,mooring deployment,SL2016001,Jim Hamilton,12982,"MV Service Leader, , ",MicroCat,"MicroCat,model number SBE37-SM V3.1,serial number 12982",SBE37-SM V3.1,6.000000,2005,'Strait of Canso Real Time Observatory Project',Strait of Canso Real Time Observatory Project',SDN:L22::TOOL1456,2005.0,45.650967,-61.425217,2017-04-30T04:00:00Z,41.0,41.764,30.2032,NaN,-0.3793,24.249088375667498,-0.38029389607018554
MCTD_SL2016001_2005_12982_7200.000000.nc,mooring deployment,SL2016001,Jim Hamilton,12982,"MV Service Leader, , ",MicroCat,"MicroCat,model number SBE37-SM V3.1,serial number 12982",SBE37-SM V3.1,6.000000,2005,'Strait of Canso Real Time Observatory Project',Strait of Canso Real Time Observatory Project',SDN:L22::TOOL1456,2005.0,45.650967,-61.425217,2017-04-30T06:00:00Z,41.0,41.53,30.2014,NaN,-0.38,24.247657504222616,-0.38098783625106114
MCTD_SL2016001_2005_12982_7200.000000.nc,mooring deployment,SL2016001,Jim Hamilton,12982,"MV Service Leader, , ",MicroCat,"MicroCat,model number SBE37-SM V3.1,serial number 12982",SBE37-SM V3.1,6.000000,2005,'Strait of Canso Real Time Observatory Project',Strait of Canso Real Time Observatory Project',SDN:L22::TOOL1456,2005.0,45.650967,-61.425217,2017-04-30T08:00:00Z,41.0,41.418,30.1977,NaN,-0.3812,24.244708598254192,-0.382184399649362
MCTD_SL2016001_2005_12982_7200.000000.nc,mooring deployment,SL2016001,Jim Hamilton,12982,"MV Service Leader, , ",MicroCat,"MicroCat,model number SBE37-SM V3.1,serial number 12982",SBE37-SM V3.1,6.000000,2005,'Strait of Canso Real Time Observatory Project',Strait of Canso Real Time Observatory Project',SDN:L22::TOOL1456,2005.0,45.650967,-61.425217,2017-04-30T10:00:00Z,41.0,41.333,30.2064,NaN,-0.3988,24.252317741188108,-0.39977665353136255
MCTD_SL2016001_2005_12982_7200.000000.nc,mooring deployment,SL2016001,Jim Hamilton,12982,"MV Service Leader, , ",MicroCat,"MicroCat,model number SBE37-SM V3.1,serial number 12982",SBE37-SM V3.1,6.000000,2005,'Strait of Canso Real Time Observatory Project',Strait of Canso Real Time Observatory Project',SDN:L22::TOOL1456,2005.0,45.650967,-61.425217,2017-04-30T12:00:00Z,41.0,41.685,30.1898,NaN,-0.3926,24.238704470194307,-0.39358605917371386
MCTD_SL2016001_2005_12982_7200.000000.nc,mooring deployment,SL2016001,Jim Hamilton,12982,"MV Service Leader, , ",MicroCat,"MicroCat,model number SBE37-SM V3.1,serial number 12982",SBE37-SM V3.1,6.000000,2005,'Strait of Canso Real Time Observatory Project',Strait of Canso Real Time Observatory Project',SDN:L22::TOOL1456,2005.0,45.650967,-61.425217,2017-04-30T14:00:00Z,41.0,42.006,30.2092,NaN,-0.4232,24.25537969820357,-0.4241840651429208
MCTD_SL2016001_2005_12982_7200.000000.nc,mooring deployment,SL2016001,Jim Hamilton,12982,"MV Service Leader, , ",MicroCat,"MicroCat,model number SBE37-SM V3.1,serial number 12982",SBE37-SM V3.1,6.000000,2005,'Strait of Canso Real Time Observatory Project',Strait of Canso Real Time Observatory Project',SDN:L22::TOOL1456,2005.0,45.650967,-61.425217,2017-04-30T16:00:00Z,41.0,41.971,30.2101,NaN,-0.4279,24.256259816698275,-0.4288815728315658
MCTD_SL2016001_2005_12982_7200.000000.nc,mooring deployment,SL2016001,Jim Hamilton,12982,"MV Service Leader, , ",MicroCat,"MicroCat,model number SBE37-SM V3.1,serial number 12982",SBE37-SM V3.1,6.000000,2005,'Strait of Canso Real Time Observatory Project',Strait of Canso Real Time Observatory Project',SDN:L22::TOOL1456,2005.0,45.650967,-61.425217,2017-04-30T18:00:00Z,41.0,41.637,30.1944,NaN,-0.4571,24.244517943666096,-0.4580617118882508
MCTD_SL2016001_2005_12982_7200.000000.nc,mooring deployment,SL2016001,Jim Hamilton,12982,"MV Service Leader, , ",MicroCat,"MicroCat,model number SBE37-SM V3.1,serial number 12982",SBE37-SM V3.1,6.000000,2005,'Strait of Canso Real Time Observatory Project',Strait of Canso Real Time Observatory Project',SDN:L22::TOOL1456,2005.0,45.650967,-61.425217,2017-04-30T20:00:00Z,41.0,41.068,30.1437,NaN,-0.4392,24.20297956870445,-0.44015081987677374
MCTD_SL2016001_2005_12982_7200.000000.nc,mooring deployment,SL2016001,Jim Hamilton,12982,"MV Service Leader, , ",MicroCat,"MicroCat,model number SBE37-SM V3.1,serial number 12982",SBE37-SM V3.1,6.000000,2005,'Strait of Canso Real Time Observatory Project',Strait of Canso Real Time Observatory Project',SDN:L22::TOOL1456,2005.0,45.650967,-61.425217,2017-04-30T22:00:00Z,41.0,40.408,30.1371,NaN,-0.4339,24.197476317948485,-0.4348366517362868
MCTD_SL2016001_2005_12982_7200.000000.nc,mooring deployment,SL2016001,Jim Hamilton,12982,"MV Service Leader, , ",MicroCat,"MicroCat,model number SBE37-SM V3.1,serial number 12982",SBE37-SM V3.1,6.000000,2005,'Strait of Canso Real Time Observatory Project',Strait of Canso Real Time Observatory Project',SDN:L22::TOOL1456,2005.0,45.650967,-61.425217,2017-05-01T00:00:00Z,41.0,40.58,30.0735,NaN,-0.4223,24.14572221615026,-0.4232399126092554
MCTD_SL2016001_2005_12982_7200.000000.nc,mooring deployment,SL2016001,Jim Hamilton,12982,"MV Service Leader, , ",MicroCat,"MicroCat,model number SBE37-SM V3.1,serial number 12982",SBE37-SM V3.1,6.000000,2005,'Strait of Canso Real Time Observatory Project',Strait of Canso Real Time Observatory Project',SDN:L22::TOOL1456,2005.0,45.650967,-61.425217,2017-05-01T02:00:00Z,41.0,40.97,30.0741,NaN,-0.3798,24.14482734919511,-0.38076442477147543
MCTD_SL2016001_2005_12982_7200.000000.nc,mooring deployment,SL2016001,Jim Hamilton,12982,"MV Service Leader, , ",MicroCat,"MicroCat,model number SBE37-SM V3.1,serial number 12982",SBE37-SM V3.1,6.000000,2005,'Strait of Canso Real Time Observatory Project',Strait of Canso Real Time Observatory Project',SDN:L22::TOOL1456,2005.0,45.650967,-61.425217,2017-05-01T04:00:00Z,41.0,41.448,30.0773,NaN,-0.5014,24.151292771914314,-0.5023318735858866
MCTD_SL2016001_2005_12982_7200.000000.nc,mooring deployment,SL2016001,Jim Hamilton,12982,"MV Service Leader, , ",MicroCat,"MicroCat,model number SBE37-SM V3.1,serial number 12982",SBE37-SM V3.1,6.000000,2005,'Strait of Canso Real Time Observatory Project',Strait of Canso Real Time Observatory Project',SDN:L22::TOOL1456,2005.0,45.650967,-61.425217,2017-05-01T06:00:00Z,41.0,41.672,30.0676,NaN,-0.3343,24.13807285296184,-0.3352973406325703
MCTD_SL2016001_2005_12982_7200.000000.nc,mooring deployment,SL2016001,Jim Hamilton,12982,"MV Service Leader, , ",MicroCat,"MicroCat,model number SBE37-SM V3.1,serial number 12982",SBE37-SM V3.1,6.000000,2005,'Strait of Canso Real Time Observatory Project',Strait of Canso Real Time Observatory Project',SDN:L22::TOOL1456,2005.0,45.650967,-61.425217,2017-05-01T08:00:00Z,41.0,41.502,30.0461,NaN,-0.4241,24.12364556306602,-0.4250588128644453
MCTD_SL2016001_2005_12982_7200.000000.nc,mooring deployment,SL2016001,Jim Hamilton,12982,"MV Service Leader, , ",MicroCat,"MicroCat,model number SBE37-SM V3.1,serial number 12982",SBE37-SM V3.1,6.000000,2005,'Strait of Canso Real Time Observatory Project',Strait of Canso Real Time Observatory Project',SDN:L22::TOOL1456,2005.0,45.650967,-61.425217,2017-05-01T10:00:00Z,41.0,41.302,30.0436,NaN,-0.3298,24.118541067619162,-0.3307880796182263
MCTD_SL2016001_2005_12982_7200.000000.nc,mooring deployment,SL2016001,Jim Hamilton,12982,"MV Service Leader, , ",MicroCat,"MicroCat,model number SBE37-SM V3.1,serial number 12982",SBE37-SM V3.1,6.000000,2005,'Strait of Canso Real Time Observatory Project',Strait of Canso Real Time Observatory Project',SDN:L22::TOOL1456,2005.0,45.650967,-61.425217,2017-05-01T12:00:00Z,41.0,41.467,30.0512,NaN,-0.4073,24.127224929098475,-0.4082645080301575
MCTD_SL2016001_2005_12982_7200.000000.nc,mooring deployment,SL2016001,Jim Hamilton,12982,"MV Service Leader, , ",MicroCat,"MicroCat,model number SBE37-SM V3.1,serial number 12982",SBE37-SM V3.1,6.000000,2005,'Strait of Canso Real Time Observatory Project',Strait of Canso Real Time Observatory Project',SDN:L22::TOOL1456,2005.0,45.650967,-61.425217,2017-05-01T14:00:00Z,41.0,41.822,30.054,NaN,-0.4075,24.129493496968507,-0.40847305875984036
MCTD_SL2016001_2005_12982_7200.000000.nc,mooring deployment,SL2016001,Jim Hamilton,12982,"MV Service Leader, , ",MicroCat,"MicroCat,model number SBE37-SM V3.1,serial number 12982",SBE37-SM V3.1,6.000000,2005,'Strait of Canso Real Time Observatory Project',Strait of Canso Real Time Observatory Project',SDN:L22::TOOL1456,2005.0,45.650967,-61.425217,2017-05-01T16:00:00Z,41.0,41.939,30.0308,NaN,-0.385,24.11002385739971,-0.38598225277692055
MCTD_SL2016001_2005_12982_7200.000000.nc,mooring deployment,SL2016001,Jim Hamilton,12982,"MV Service Leader, , ",MicroCat,"MicroCat,model number SBE37-SM V3.1,serial number 12982",SBE37-SM V3.1,6.000000,2005,'Strait of Canso Real Time Observatory Project',Strait of Canso Real Time Observatory Project',SDN:L22::TOOL1456,2005.0,45.650967,-61.425217,2017-05-01T18:00:00Z,41.0,41.705,30.0581,NaN,-0.4675,24.134718906371518,-0.4684486468022312
MCTD_SL2016001_2005_12982_7200.000000.nc,mooring deployment,SL2016001,Jim Hamilton,12982,"MV Service Leader, , ",MicroCat,"MicroCat,model number SBE37-SM V3.1,serial number 12982",SBE37-SM V3.1,6.000000,2005,'Strait of Canso Real Time Observatory Project',Strait of Canso Real Time Observatory Project',SDN:L22::TOOL1456,2005.0,45.650967,-61.425217,2017-05-01T20:00:00Z,41.0,41.22,30.0594,NaN,-0.494,24.136597767863577,-0.4949279265451789
MCTD_SL2016001_2005_12982_7200.000000.nc,mooring deployment,SL2016001,Jim Hamilton,12982,"MV Service Leader, , ",MicroCat,"MicroCat,model number SBE37-SM V3.1,serial number 12982",SBE37-SM V3.1,6.000000,2005,'Strait of Canso Real Time Observatory Project',Strait of Canso Real Time Observatory Project',SDN:L22::TOOL1456,2005.0,45.650967,-61.425217,2017-05-01T22:00:00Z,41.0,40.608,30.0665,NaN,-0.5239,24.143258502560457,-0.5248037874066954
MCTD_SL2016001_2005_12982_7200.000000.nc,mooring deployment,SL2016001,Jim Hamilton,12982,"MV Service Leader, , ",MicroCat,"MicroCat,model number SBE37-SM V3.1,serial number 12982",SBE37-SM V3.1,6.000000,2005,'Strait of Canso Real Time Observatory Project',Strait of Canso Real Time Observatory Project',SDN:L22::TOOL1456,2005.0,45.650967,-61.425217,2017-05-02T00:00:00Z,41.0,40.489,30.0503,NaN,-0.4494,24.12784428960299,-0.45032634309728947
MCTD_SL2016001_2005_12982_7200.000000.nc,mooring deployment,SL2016001,Jim Hamilton,12982,"MV Service Leader, , ",MicroCat,"MicroCat,model number SBE37-SM V3.1,serial number 12982",SBE37-SM V3.1,6.000000,2005,'Strait of Canso Real Time Observatory Project',Strait of Canso Real Time Observatory Project',SDN:L22::TOOL1456,2005.0,45.650967,-61.425217,2017-05-02T02:00:00Z,41.0,40.687,30.0467,NaN,-0.3966,24.12324294480186,-0.39754952966791796
MCTD_SL2016001_2005_12982_7200.000000.nc,mooring deployment,SL2016001,Jim Hamilton,12982,"MV Service Leader, , ",MicroCat,"MicroCat,model number SBE37-SM V3.1,serial number 12982",SBE37-SM V3.1,6.000000,2005,'Strait of Canso Real Time Observatory Project',Strait of Canso Real Time Observatory Project',SDN:L22::TOOL1456,2005.0,45.650967,-61.425217,2017-05-02T04:00:00Z,41.0,41.067,30.0448,NaN,-0.3609,24.120541450645533,-0.3618712607003743
MCTD_SL2016001_2005_12982_7200.000000.nc,mooring deployment,SL2016001,Jim Hamilton,12982,"MV Service Leader, , ",MicroCat,"MicroCat,model number SBE37-SM V3.1,serial number 12982",SBE37-SM V3.1,6.000000,2005,'Strait of Canso Real Time Observatory Project',Strait of Canso Real Time Observatory Project',SDN:L22::TOOL1456,2005.0,45.650967,-61.425217,2017-05-02T06:00:00Z,41.0,41.446,30.0387,NaN,-0.3342,24.114730925142794,-0.3351895968962309
MCTD_SL2016001_2005_12982_7200.000000.nc,mooring deployment,SL2016001,Jim Hamilton,12982,"MV Service Leader, , ",MicroCat,"MicroCat,model number SBE37-SM V3.1,serial number 12982",SBE37-SM V3.1,6.000000,2005,'Strait of Canso Real Time Observatory Project',Strait of Canso Real Time Observatory Project',SDN:L22::TOOL1456,2005.0,45.650967,-61.425217,2017-05-02T08:00:00Z,41.0,41.349,30.0319,NaN,-0.112,24.101491580034235,-0.1130671100602305
MCTD_SL2016001_2005_12982_7200.000000.nc,mooring deployment,SL2016001,Jim Hamilton,12982,"MV Service Leader, , ",MicroCat,"MicroCat,model number SBE37-SM V3.1,serial number 12982",SBE37-SM V3.1,6.000000,2005,'Strait of Canso Real Time Observatory Project',Strait of Canso Real Time Observatory Project',SDN:L22::TOOL1456,2005.0,45.650967,-61.425217,2017-05-02T10:00:00Z,41.0,41.111,30.0361,NaN,-0.1723,24.107052946119893,-0.17333953523366902
MCTD_SL2016001_2005_12982_7200.000000.nc,mooring deployment,SL2016001,Jim Hamilton,12982,"MV Service Leader, , ",MicroCat,"MicroCat,model number SBE37-SM V3.1,serial number 12982",SBE37-SM V3.1,6.000000,2005,'Strait of Canso Real Time Observatory Project',Strait of Canso Real Time Observatory Project',SDN:L22::TOOL1456,2005.0,45.650967,-61.425217,2017-05-02T12:00:00Z,41.0,41.018,30.057,NaN,-0.302,24.12842701624095,-0.3029922120140454
MCTD_SL2016001_2005_12982_7200.000000.nc,mooring deployment,SL2016001,Jim Hamilton,12982,"MV Service Leader, , ",MicroCat,"MicroCat,model number SBE37-SM V3.1,serial number 12982",SBE37-SM V3.1,6.000000,2005,'Strait of Canso Real Time Observatory Project',Strait of Canso Real Time Observatory Project',SDN:L22::TOOL1456,2005.0,45.650967,-61.425217,2017-05-02T14:00:00Z,41.0,41.295,30.0346,NaN,-0.3416,24.111665812500178,-0.34258292996359757
MCTD_SL2016001_2005_12982_7200.000000.nc,mooring deployment,SL2016001,Jim Hamilton,12982,"MV Service Leader, , ",MicroCat,"MicroCat,model number SBE37-SM V3.1,serial number 12982",SBE37-SM V3.1,6.000000,2005,'Strait of Canso Real Time Observatory Project',Strait of Canso Real Time Observatory Project',SDN:L22::TOOL1456,2005.0,45.650967,-61.425217,2017-05-02T16:00:00Z,41.0,41.662,30.0296,NaN,-0.3199,24.106905037244132,-0.32089934127953834
MCTD_SL2016001_2006_12981_7200.000000.nc,mooring deployment,SL2016001,Jim Hamilton,12981,"MV Service Leader, , ",MicroCat,"MicroCat,model number SBE37-SM V3.1,serial number 12981",SBE37-SM V3.1,18.000000,2006,'Strait of Canso Real Time Observatory Project','Strait of Canso Real Time Observatory Project',SDN:L22::TOOL1456,2006.0,45.6508,-61.425717,2017-04-25T00:00:00Z,28.0,28.041,1.0E35,NaN,-0.8064,NaN,NaN
MCTD_SL2016001_2006_12981_7200.000000.nc,mooring deployment,SL2016001,Jim Hamilton,12981,"MV Service Leader, , ",MicroCat,"MicroCat,model number SBE37-SM V3.1,serial number 12981",SBE37-SM V3.1,18.000000,2006,'Strait of Canso Real Time Observatory Project','Strait of Canso Real Time Observatory Project',SDN:L22::TOOL1456,2006.0,45.6508,-61.425717,2017-04-25T02:00:00Z,28.0,27.867,1.0E35,NaN,-0.8055,NaN,NaN
MCTD_SL2016001_2006_12981_7200.000000.nc,mooring deployment,SL2016001,Jim Hamilton,12981,"MV Service Leader, , ",MicroCat,"MicroCat,model number SBE37-SM V3.1,serial number 12981",SBE37-SM V3.1,18.000000,2006,'Strait of Canso Real Time Observatory Project','Strait of Canso Real Time Observatory Project',SDN:L22::TOOL1456,2006.0,45.6508,-61.425717,2017-04-25T04:00:00Z,28.0,27.539,1.0E35,NaN,-0.8101,NaN,NaN
MCTD_SL2016001_2006_12981_7200.000000.nc,mooring deployment,SL2016001,Jim Hamilton,12981,"MV Service Leader, , ",MicroCat,"MicroCat,model number SBE37-SM V3.1,serial number 12981",SBE37-SM V3.1,18.000000,2006,'Strait of Canso Real Time Observatory Project','Strait of Canso Real Time Observatory Project',SDN:L22::TOOL1456,2006.0,45.6508,-61.425717,2017-04-25T06:00:00Z,28.0,27.323,1.0E35,NaN,-0.9142,NaN,NaN
MCTD_SL2016001_2006_12981_7200.000000.nc,mooring deployment,SL2016001,Jim Hamilton,12981,"MV Service Leader, , ",MicroCat,"MicroCat,model number SBE37-SM V3.1,serial number 12981",SBE37-SM V3.1,18.000000,2006,'Strait of Canso Real Time Observatory Project','Strait of Canso Real Time Observatory Project',SDN:L22::TOOL1456,2006.0,45.6508,-61.425717,2017-04-25T08:00:00Z,28.0,27.521,1.0E35,NaN,-0.9324,NaN,NaN
MCTD_SL2016001_2006_12981_7200.000000.nc,mooring deployment,SL2016001,Jim Hamilton,12981,"MV Service Leader, , ",MicroCat,"MicroCat,model number SBE37-SM V3.1,serial number 12981",SBE37-SM V3.1,18.000000,2006,'Strait of Canso Real Time Observatory Project','Strait of Canso Real Time Observatory Project',SDN:L22::TOOL1456,2006.0,45.6508,-61.425717,2017-04-25T10:00:00Z,28.0,27.858,1.0E35,NaN,-0.8532,NaN,NaN
MCTD_SL2016001_2006_12981_7200.000000.nc,mooring deployment,SL2016001,Jim Hamilton,12981,"MV Service Leader, , ",MicroCat,"MicroCat,model number SBE37-SM V3.1,serial number 12981",SBE37-SM V3.1,18.000000,2006,'Strait of Canso Real Time Observatory Project','Strait of Canso Real Time Observatory Project',SDN:L22::TOOL1456,2006.0,45.6508,-61.425717,2017-04-25T12:00:00Z,28.0,28.158,1.0E35,NaN,-0.838,NaN,NaN
MCTD_SL2016001_2006_12981_7200.000000.nc,mooring deployment,SL2016001,Jim Hamilton,12981,"MV Service Leader, , ",MicroCat,"MicroCat,model number SBE37-SM V3.1,serial number 12981",SBE37-SM V3.1,18.000000,2006,'Strait of Canso Real Time Observatory Project','Strait of Canso Real Time Observatory Project',SDN:L22::TOOL1456,2006.0,45.6508,-61.425717,2017-04-25T14:00:00Z,28.0,28.027,1.0E35,NaN,-0.8369,NaN,NaN
MCTD_SL2016001_2006_12981_7200.000000.nc,mooring deployment,SL2016001,Jim Hamilton,12981,"MV Service Leader, , ",MicroCat,"MicroCat,model number SBE37-SM V3.1,serial number 12981",SBE37-SM V3.1,18.000000,2006,'Strait of Canso Real Time Observatory Project','Strait of Canso Real Time Observatory Project',SDN:L22::TOOL1456,2006.0,45.6508,-61.425717,2017-04-25T16:00:00Z,28.0,27.593,1.0E35,NaN,-0.8397,NaN,NaN
MCTD_SL2016001_2006_12981_7200.000000.nc,mooring deployment,SL2016001,Jim Hamilton,12981,"MV Service Leader, , ",MicroCat,"MicroCat,model number SBE37-SM V3.1,serial number 12981",SBE37-SM V3.1,18.000000,2006,'Strait of Canso Real Time Observatory Project','Strait of Canso Real Time Observatory Project',SDN:L22::TOOL1456,2006.0,45.6508,-61.425717,2017-04-25T18:00:00Z,28.0,27.278,1.0E35,NaN,-0.8759,NaN,NaN
MCTD_SL2016001_2006_12981_7200.000000.nc,mooring deployment,SL2016001,Jim Hamilton,12981,"MV Service Leader, , ",MicroCat,"MicroCat,model number SBE37-SM V3.1,serial number 12981",SBE37-SM V3.1,18.000000,2006,'Strait of Canso Real Time Observatory Project','Strait of Canso Real Time Observatory Project',SDN:L22::TOOL1456,2006.0,45.6508,-61.425717,2017-04-25T20:00:00Z,28.0,27.443,1.0E35,NaN,-0.788,NaN,NaN
MCTD_SL2016001_2006_12981_7200.000000.nc,mooring deployment,SL2016001,Jim Hamilton,12981,"MV Service Leader, , ",MicroCat,"MicroCat,model number SBE37-SM V3.1,serial number 12981",SBE37-SM V3.1,18.000000,2006,'Strait of Canso Real Time Observatory Project','Strait of Canso Real Time Observatory Project',SDN:L22::TOOL1456,2006.0,45.6508,-61.425717,2017-04-25T22:00:00Z,28.0,27.782,1.0E35,NaN,-0.7134,NaN,NaN
MCTD_SL2016001_2006_12981_7200.000000.nc,mooring deployment,SL2016001,Jim Hamilton,12981,"MV Service Leader, , ",MicroCat,"MicroCat,model number SBE37-SM V3.1,serial number 12981",SBE37-SM V3.1,18.000000,2006,'Strait of Canso Real Time Observatory Project','Strait of Canso Real Time Observatory Project',SDN:L22::TOOL1456,2006.0,45.6508,-61.425717,2017-04-26T00:00:00Z,28.0,28.11,1.0E35,NaN,-0.754,NaN,NaN
MCTD_SL2016001_2006_12981_7200.000000.nc,mooring deployment,SL2016001,Jim Hamilton,12981,"MV Service Leader, , ",MicroCat,"MicroCat,model number SBE37-SM V3.1,serial number 12981",SBE37-SM V3.1,18.000000,2006,'Strait of Canso Real Time Observatory Project','Strait of Canso Real Time Observatory Project',SDN:L22::TOOL1456,2006.0,45.6508,-61.425717,2017-04-26T02:00:00Z,28.0,28.072,1.0E35,NaN,-0.8282,NaN,NaN
MCTD_SL2016001_2006_12981_7200.000000.nc,mooring deployment,SL2016001,Jim Hamilton,12981,"MV Service Leader, , ",MicroCat,"MicroCat,model number SBE37-SM V3.1,serial number 12981",SBE37-SM V3.1,18.000000,2006,'Strait of Canso Real Time Observatory Project','Strait of Canso Real Time Observatory Project',SDN:L22::TOOL1456,2006.0,45.6508,-61.425717,2017-04-26T04:00:00Z,28.0,27.757,1.0E35,NaN,-0.8832,NaN,NaN
MCTD_SL2016001_2006_12981_7200.000000.nc,mooring deployment,SL2016001,Jim Hamilton,12981,"MV Service Leader, , ",MicroCat,"MicroCat,model number SBE37-SM V3.1,serial number 12981",SBE37-SM V3.1,18.000000,2006,'Strait of Canso Real Time Observatory Project','Strait of Canso Real Time Observatory Project',SDN:L22::TOOL1456,2006.0,45.6508,-61.425717,2017-04-26T06:00:00Z,28.0,27.43,1.0E35,NaN,-0.8347,NaN,NaN
MCTD_SL2016001_2006_12981_7200.000000.nc,mooring deployment,SL2016001,Jim Hamilton,12981,"MV Service Leader, , ",MicroCat,"MicroCat,model number SBE37-SM V3.1,serial number 12981",SBE37-SM V3.1,18.000000,2006,'Strait of Canso Real Time Observatory Project','Strait of Canso Real Time Observatory Project',SDN:L22::TOOL1456,2006.0,45.6508,-61.425717,2017-04-26T08:00:00Z,28.0,27.481,1.0E35,NaN,-0.9026,NaN,NaN
MCTD_SL2016001_2006_12981_7200.000000.nc,mooring deployment,SL2016001,Jim Hamilton,12981,"MV Service Leader, , ",MicroCat,"MicroCat,model number SBE37-SM V3.1,serial number 12981",SBE37-SM V3.1,18.000000,2006,'Strait of Canso Real Time Observatory Project','Strait of Canso Real Time Observatory Project',SDN:L22::TOOL1456,2006.0,45.6508,-61.425717,2017-04-26T10:00:00Z,28.0,27.81,1.0E35,NaN,-0.7182,NaN,NaN
MCTD_SL2016001_2006_12981_7200.000000.nc,mooring deployment,SL2016001,Jim Hamilton,12981,"MV Service Leader, , ",MicroCat,"MicroCat,model number SBE37-SM V3.1,serial number 12981",SBE37-SM V3.1,18.000000,2006,'Strait of Canso Real Time Observatory Project','Strait of Canso Real Time Observatory Project',SDN:L22::TOOL1456,2006.0,45.6508,-61.425717,2017-04-26T12:00:00Z,28.0,28.041,1.0E35,NaN,-0.8091,NaN,NaN
MCTD_SL2016001_2006_12981_7200.000000.nc,mooring deployment,SL2016001,Jim Hamilton,12981,"MV Service Leader, , ",MicroCat,"MicroCat,model number SBE37-SM V3.1,serial number 12981",SBE37-SM V3.1,18.000000,2006,'Strait of Canso Real Time Observatory Project','Strait of Canso Real Time Observatory Project',SDN:L22::TOOL1456,2006.0,45.6508,-61.425717,2017-04-26T14:00:00Z,28.0,28.076,1.0E35,NaN,-0.8013,NaN,NaN
MCTD_SL2016001_2006_12981_7200.000000.nc,mooring deployment,SL2016001,Jim Hamilton,12981,"MV Service Leader, , ",MicroCat,"MicroCat,model number SBE37-SM V3.1,serial number 12981",SBE37-SM V3.1,18.000000,2006,'Strait of Canso Real Time Observatory Project','Strait of Canso Real Time Observatory Project',SDN:L22::TOOL1456,2006.0,45.6508,-61.425717,2017-04-26T16:00:00Z,28.0,27.584,1.0E35,NaN,-0.8188,NaN,NaN
MCTD_SL2016001_2006_12981_7200.000000.nc,mooring deployment,SL2016001,Jim Hamilton,12981,"MV Service Leader, , ",MicroCat,"MicroCat,model number SBE37-SM V3.1,serial number 12981",SBE37-SM V3.1,18.000000,2006,'Strait of Canso Real Time Observatory Project','Strait of Canso Real Time Observatory Project',SDN:L22::TOOL1456,2006.0,45.6508,-61.425717,2017-04-26T18:00:00Z,28.0,27.062,1.0E35,NaN,-0.8213,NaN,NaN
MCTD_SL2016001_2006_12981_7200.000000.nc,mooring deployment,SL2016001,Jim Hamilton,12981,"MV Service Leader, , ",MicroCat,"MicroCat,model number SBE37-SM V3.1,serial number 12981",SBE37-SM V3.1,18.000000,2006,'Strait of Canso Real Time Observatory Project','Strait of Canso Real Time Observatory Project',SDN:L22::TOOL1456,2006.0,45.6508,-61.425717,2017-04-26T20:00:00Z,28.0,27.001,1.0E35,NaN,-0.8174,NaN,NaN
MCTD_SL2016001_2006_12981_7200.000000.nc,mooring deployment,SL2016001,Jim Hamilton,12981,"MV Service Leader, , ",MicroCat,"MicroCat,model number SBE37-SM V3.1,serial number 12981",SBE37-SM V3.1,18.000000,2006,'Strait of Canso Real Time Observatory Project','Strait of Canso Real Time Observatory Project',SDN:L22::TOOL1456,2006.0,45.6508,-61.425717,2017-04-26T22:00:00Z,28.0,27.454,1.0E35,NaN,-0.8639,NaN,NaN
MCTD_SL2016001_2006_12981_7200.000000.nc,mooring deployment,SL2016001,Jim Hamilton,12981,"MV Service Leader, , ",MicroCat,"MicroCat,model number SBE37-SM V3.1,serial number 12981",SBE37-SM V3.1,18.000000,2006,'Strait of Canso Real Time Observatory Project','Strait of Canso Real Time Observatory Project',SDN:L22::TOOL1456,2006.0,45.6508,-61.425717,2017-04-27T00:00:00Z,28.0,27.887,1.0E35,NaN,-0.9013,NaN,NaN
MCTD_SL2016001_2006_12981_7200.000000.nc,mooring deployment,SL2016001,Jim Hamilton,12981,"MV Service Leader, , ",MicroCat,"MicroCat,model number SBE37-SM V3.1,serial number 12981",SBE37-SM V3.1,18.000000,2006,'Strait of Canso Real Time Observatory Project','Strait of Canso Real Time Observatory Project',SDN:L22::TOOL1456,2006.0,45.6508,-61.425717,2017-04-27T02:00:00Z,28.0,28.17,1.0E35,NaN,-0.9209,NaN,NaN
MCTD_SL2016001_2006_12981_7200.000000.nc,mooring deployment,SL2016001,Jim Hamilton,12981,"MV Service Leader, , ",MicroCat,"MicroCat,model number SBE37-SM V3.1,serial number 12981",SBE37-SM V3.1,18.000000,2006,'Strait of Canso Real Time Observatory Project','Strait of Canso Real Time Observatory Project',SDN:L22::TOOL1456,2006.0,45.6508,-61.425717,2017-04-27T04:00:00Z,28.0,27.91,1.0E35,NaN,-0.933,NaN,NaN
MCTD_SL2016001_2006_12981_7200.000000.nc,mooring deployment,SL2016001,Jim Hamilton,12981,"MV Service Leader, , ",MicroCat,"MicroCat,model number SBE37-SM V3.1,serial number 12981",SBE37-SM V3.1,18.000000,2006,'Strait of Canso Real Time Observatory Project','Strait of Canso Real Time Observatory Project',SDN:L22::TOOL1456,2006.0,45.6508,-61.425717,2017-04-27T06:00:00Z,28.0,27.597,1.0E35,NaN,-0.9681,NaN,NaN
MCTD_SL2016001_2006_12981_7200.000000.nc,mooring deployment,SL2016001,Jim Hamilton,12981,"MV Service Leader, , ",MicroCat,"MicroCat,model number SBE37-SM V3.1,serial number 12981",SBE37-SM V3.1,18.000000,2006,'Strait of Canso Real Time Observatory Project','Strait of Canso Real Time Observatory Project',SDN:L22::TOOL1456,2006.0,45.6508,-61.425717,2017-04-27T08:00:00Z,28.0,27.482,1.0E35,NaN,-0.9447,NaN,NaN
MCTD_SL2016001_2006_12981_7200.000000.nc,mooring deployment,SL2016001,Jim Hamilton,12981,"MV Service Leader, , ",MicroCat,"MicroCat,model number SBE37-SM V3.1,serial number 12981",SBE37-SM V3.1,18.000000,2006,'Strait of Canso Real Time Observatory Project','Strait of Canso Real Time Observatory Project',SDN:L22::TOOL1456,2006.0,45.6508,-61.425717,2017-04-27T10:00:00Z,28.0,27.863,1.0E35,NaN,-0.9188,NaN,NaN
MCTD_SL2016001_2006_12981_7200.000000.nc,mooring deployment,SL2016001,Jim Hamilton,12981,"MV Service Leader, , ",MicroCat,"MicroCat,model number SBE37-SM V3.1,serial number 12981",SBE37-SM V3.1,18.000000,2006,'Strait of Canso Real Time Observatory Project','Strait of Canso Real Time Observatory Project',SDN:L22::TOOL1456,2006.0,45.6508,-61.425717,2017-04-27T12:00:00Z,28.0,28.109,1.0E35,NaN,-0.8287,NaN,NaN
MCTD_SL2016001_2006_12981_7200.000000.nc,mooring deployment,SL2016001,Jim Hamilton,12981,"MV Service Leader, , ",MicroCat,"MicroCat,model number SBE37-SM V3.1,serial number 12981",SBE37-SM V3.1,18.000000,2006,'Strait of Canso Real Time Observatory Project','Strait of Canso Real Time Observatory Project',SDN:L22::TOOL1456,2006.0,45.6508,-61.425717,2017-04-27T14:00:00Z,28.0,28.25,1.0E35,NaN,-0.7631,NaN,NaN
MCTD_SL2016001_2006_12981_7200.000000.nc,mooring deployment,SL2016001,Jim Hamilton,12981,"MV Service Leader, , ",MicroCat,"MicroCat,model number SBE37-SM V3.1,serial number 12981",SBE37-SM V3.1,18.000000,2006,'Strait of Canso Real Time Observatory Project','Strait of Canso Real Time Observatory Project',SDN:L22::TOOL1456,2006.0,45.6508,-61.425717,2017-04-27T16:00:00Z,28.0,27.904,1.0E35,NaN,-0.9205,NaN,NaN
MCTD_SL2016001_2006_12981_7200.000000.nc,mooring deployment,SL2016001,Jim Hamilton,12981,"MV Service Leader, , ",MicroCat,"MicroCat,model number SBE37-SM V3.1,serial number 12981",SBE37-SM V3.1,18.000000,2006,'Strait of Canso Real Time Observatory Project','Strait of Canso Real Time Observatory Project',SDN:L22::TOOL1456,2006.0,45.6508,-61.425717,2017-04-27T18:00:00Z,28.0,27.266,1.0E35,NaN,-0.6049,NaN,NaN
MCTD_SL2016001_2006_12981_7200.000000.nc,mooring deployment,SL2016001,Jim Hamilton,12981,"MV Service Leader, , ",MicroCat,"MicroCat,model number SBE37-SM V3.1,serial number 12981",SBE37-SM V3.1,18.000000,2006,'Strait of Canso Real Time Observatory Project','Strait of Canso Real Time Observatory Project',SDN:L22::TOOL1456,2006.0,45.6508,-61.425717,2017-04-27T20:00:00Z,28.0,26.983,1.0E35,NaN,-0.9268,NaN,NaN
MCTD_SL2016001_2006_12981_7200.000000.nc,mooring deployment,SL2016001,Jim Hamilton,12981,"MV Service Leader, , ",MicroCat,"MicroCat,model number SBE37-SM V3.1,serial number 12981",SBE37-SM V3.1,18.000000,2006,'Strait of Canso Real Time Observatory Project','Strait of Canso Real Time Observatory Project',SDN:L22::TOOL1456,2006.0,45.6508,-61.425717,2017-04-27T22:00:00Z,28.0,27.305,1.0E35,NaN,-0.6965,NaN,NaN
MCTD_SL2016001_2006_12981_7200.000000.nc,mooring deployment,SL2016001,Jim Hamilton,12981,"MV Service Leader, , ",MicroCat,"MicroCat,model number SBE37-SM V3.1,serial number 12981",SBE37-SM V3.1,18.000000,2006,'Strait of Canso Real Time Observatory Project','Strait of Canso Real Time Observatory Project',SDN:L22::TOOL1456,2006.0,45.6508,-61.425717,2017-04-28T00:00:00Z,28.0,27.8,1.0E35,NaN,-0.7163,NaN,NaN
MCTD_SL2016001_2006_12981_7200.000000.nc,mooring deployment,SL2016001,Jim Hamilton,12981,"MV Service Leader, , ",MicroCat,"MicroCat,model number SBE37-SM V3.1,serial number 12981",SBE37-SM V3.1,18.000000,2006,'Strait of Canso Real Time Observatory Project','Strait of Canso Real Time Observatory Project',SDN:L22::TOOL1456,2006.0,45.6508,-61.425717,2017-04-28T02:00:00Z,28.0,28.157,1.0E35,NaN,-0.5661,NaN,NaN
MCTD_SL2016001_2006_12981_7200.000000.nc,mooring deployment,SL2016001,Jim Hamilton,12981,"MV Service Leader, , ",MicroCat,"MicroCat,model number SBE37-SM V3.1,serial number 12981",SBE37-SM V3.1,18.000000,2006,'Strait of Canso Real Time Observatory Project','Strait of Canso Real Time Observatory Project',SDN:L22::TOOL1456,2006.0,45.6508,-61.425717,2017-04-28T04:00:00Z,28.0,28.064,1.0E35,NaN,-0.8321,NaN,NaN
MCTD_SL2016001_2006_12981_7200.000000.nc,mooring deployment,SL2016001,Jim Hamilton,12981,"MV Service Leader, , ",MicroCat,"MicroCat,model number SBE37-SM V3.1,serial number 12981",SBE37-SM V3.1,18.000000,2006,'Strait of Canso Real Time Observatory Project','Strait of Canso Real Time Observatory Project',SDN:L22::TOOL1456,2006.0,45.6508,-61.425717,2017-04-28T06:00:00Z,28.0,27.746,1.0E35,NaN,-0.7883,NaN,NaN
MCTD_SL2016001_2006_12981_7200.000000.nc,mooring deployment,SL2016001,Jim Hamilton,12981,"MV Service Leader, , ",MicroCat,"MicroCat,model number SBE37-SM V3.1,serial number 12981",SBE37-SM V3.1,18.000000,2006,'Strait of Canso Real Time Observatory Project','Strait of Canso Real Time Observatory Project',SDN:L22::TOOL1456,2006.0,45.6508,-61.425717,2017-04-28T08:00:00Z,28.0,27.432,1.0E35,NaN,-0.9286,NaN,NaN
MCTD_SL2016001_2006_12981_7200.000000.nc,mooring deployment,SL2016001,Jim Hamilton,12981,"MV Service Leader, , ",MicroCat,"MicroCat,model number SBE37-SM V3.1,serial number 12981",SBE37-SM V3.1,18.000000,2006,'Strait of Canso Real Time Observatory Project','Strait of Canso Real Time Observatory Project',SDN:L22::TOOL1456,2006.0,45.6508,-61.425717,2017-04-28T10:00:00Z,28.0,27.686,1.0E35,NaN,-0.604,NaN,NaN
MCTD_SL2016001_2006_12981_7200.000000.nc,mooring deployment,SL2016001,Jim Hamilton,12981,"MV Service Leader, , ",MicroCat,"MicroCat,model number SBE37-SM V3.1,serial number 12981",SBE37-SM V3.1,18.000000,2006,'Strait of Canso Real Time Observatory Project','Strait of Canso Real Time Observatory Project',SDN:L22::TOOL1456,2006.0,45.6508,-61.425717,2017-04-28T12:00:00Z,28.0,28.043,1.0E35,NaN,-0.8327,NaN,NaN
MCTD_SL2016001_2006_12981_7200.000000.nc,mooring deployment,SL2016001,Jim Hamilton,12981,"MV Service Leader, , ",MicroCat,"MicroCat,model number SBE37-SM V3.1,serial number 12981",SBE37-SM V3.1,18.000000,2006,'Strait of Canso Real Time Observatory Project','Strait of Canso Real Time Observatory Project',SDN:L22::TOOL1456,2006.0,45.6508,-61.425717,2017-04-28T14:00:00Z,28.0,28.214,1.0E35,NaN,-1.003,NaN,NaN
MCTD_SL2016001_2006_12981_7200.000000.nc,mooring deployment,SL2016001,Jim Hamilton,12981,"MV Service Leader, , ",MicroCat,"MicroCat,model number SBE37-SM V3.1,serial number 12981",SBE37-SM V3.1,18.000000,2006,'Strait of Canso Real Time Observatory Project','Strait of Canso Real Time Observatory Project',SDN:L22::TOOL1456,2006.0,45.6508,-61.425717,2017-04-28T16:00:00Z,28.0,27.969,1.0E35,NaN,-0.9852,NaN,NaN
MCTD_SL2016001_2006_12981_7200.000000.nc,mooring deployment,SL2016001,Jim Hamilton,12981,"MV Service Leader, , ",MicroCat,"MicroCat,model number SBE37-SM V3.1,serial number 12981",SBE37-SM V3.1,18.000000,2006,'Strait of Canso Real Time Observatory Project','Strait of Canso Real Time Observatory Project',SDN:L22::TOOL1456,2006.0,45.6508,-61.425717,2017-04-28T18:00:00Z,28.0,27.383,1.0E35,NaN,-0.9307,NaN,NaN
MCTD_SL2016001_2006_12981_7200.000000.nc,mooring deployment,SL2016001,Jim Hamilton,12981,"MV Service Leader, , ",MicroCat,"MicroCat,model number SBE37-SM V3.1,serial number 12981",SBE37-SM V3.1,18.000000,2006,'Strait of Canso Real Time Observatory Project','Strait of Canso Real Time Observatory Project',SDN:L22::TOOL1456,2006.0,45.6508,-61.425717,2017-04-28T20:00:00Z,28.0,26.798,1.0E35,NaN,-0.9333,NaN,NaN
MCTD_SL2016001_2006_12981_7200.000000.nc,mooring deployment,SL2016001,Jim Hamilton,12981,"MV Service Leader, , ",MicroCat,"MicroCat,model number SBE37-SM V3.1,serial number 12981",SBE37-SM V3.1,18.000000,2006,'Strait of Canso Real Time Observatory Project','Strait of Canso Real Time Observatory Project',SDN:L22::TOOL1456,2006.0,45.6508,-61.425717,2017-04-28T22:00:00Z,28.0,26.958,1.0E35,NaN,-0.9386,NaN,NaN
MCTD_SL2016001_2006_12981_7200.000000.nc,mooring deployment,SL2016001,Jim Hamilton,12981,"MV Service Leader, , ",MicroCat,"MicroCat,model number SBE37-SM V3.1,serial number 12981",SBE37-SM V3.1,18.000000,2006,'Strait of Canso Real Time Observatory Project','Strait of Canso Real Time Observatory Project',SDN:L22::TOOL1456,2006.0,45.6508,-61.425717,2017-04-29T00:00:00Z,28.0,27.395,1.0E35,NaN,-0.9322,NaN,NaN
MCTD_SL2016001_2006_12981_7200.000000.nc,mooring deployment,SL2016001,Jim Hamilton,12981,"MV Service Leader, , ",MicroCat,"MicroCat,model number SBE37-SM V3.1,serial number 12981",SBE37-SM V3.1,18.000000,2006,'Strait of Canso Real Time Observatory Project','Strait of Canso Real Time Observatory Project',SDN:L22::TOOL1456,2006.0,45.6508,-61.425717,2017-04-29T02:00:00Z,28.0,27.828,1.0E35,NaN,-0.9457,NaN,NaN
MCTD_SL2016001_2006_12981_7200.000000.nc,mooring deployment,SL2016001,Jim Hamilton,12981,"MV Service Leader, , ",MicroCat,"MicroCat,model number SBE37-SM V3.1,serial number 12981",SBE37-SM V3.1,18.000000,2006,'Strait of Canso Real Time Observatory Project','Strait of Canso Real Time Observatory Project',SDN:L22::TOOL1456,2006.0,45.6508,-61.425717,2017-04-29T04:00:00Z,28.0,28.034,1.0E35,NaN,-0.7954,NaN,NaN
MCTD_SL2016001_2006_12981_7200.000000.nc,mooring deployment,SL2016001,Jim Hamilton,12981,"MV Service Leader, , ",MicroCat,"MicroCat,model number SBE37-SM V3.1,serial number 12981",SBE37-SM V3.1,18.000000,2006,'Strait of Canso Real Time Observatory Project','Strait of Canso Real Time Observatory Project',SDN:L22::TOOL1456,2006.0,45.6508,-61.425717,2017-04-29T06:00:00Z,28.0,27.846,1.0E35,NaN,-0.8159,NaN,NaN
MCTD_SL2016001_2006_12981_7200.000000.nc,mooring deployment,SL2016001,Jim Hamilton,12981,"MV Service Leader, , ",MicroCat,"MicroCat,model number SBE37-SM V3.1,serial number 12981",SBE37-SM V3.1,18.000000,2006,'Strait of Canso Real Time Observatory Project','Strait of Canso Real Time Observatory Project',SDN:L22::TOOL1456,2006.0,45.6508,-61.425717,2017-04-29T08:00:00Z,28.0,27.478,1.0E35,NaN,-0.7952,NaN,NaN
MCTD_SL2016001_2006_12981_7200.000000.nc,mooring deployment,SL2016001,Jim Hamilton,12981,"MV Service Leader, , ",MicroCat,"MicroCat,model number SBE37-SM V3.1,serial number 12981",SBE37-SM V3.1,18.000000,2006,'Strait of Canso Real Time Observatory Project','Strait of Canso Real Time Observatory Project',SDN:L22::TOOL1456,2006.0,45.6508,-61.425717,2017-04-29T10:00:00Z,28.0,27.465,1.0E35,NaN,-0.8816,NaN,NaN
MCTD_SL2016001_2006_12981_7200.000000.nc,mooring deployment,SL2016001,Jim Hamilton,12981,"MV Service Leader, , ",MicroCat,"MicroCat,model number SBE37-SM V3.1,serial number 12981",SBE37-SM V3.1,18.000000,2006,'Strait of Canso Real Time Observatory Project','Strait of Canso Real Time Observatory Project',SDN:L22::TOOL1456,2006.0,45.6508,-61.425717,2017-04-29T12:00:00Z,28.0,27.921,1.0E35,NaN,-0.8838,NaN,NaN
MCTD_SL2016001_2006_12981_7200.000000.nc,mooring deployment,SL2016001,Jim Hamilton,12981,"MV Service Leader, , ",MicroCat,"MicroCat,model number SBE37-SM V3.1,serial number 12981",SBE37-SM V3.1,18.000000,2006,'Strait of Canso Real Time Observatory Project','Strait of Canso Real Time Observatory Project',SDN:L22::TOOL1456,2006.0,45.6508,-61.425717,2017-04-29T14:00:00Z,28.0,28.141,1.0E35,NaN,-0.9102,NaN,NaN
MCTD_SL2016001_2006_12981_7200.000000.nc,mooring deployment,SL2016001,Jim Hamilton,12981,"MV Service Leader, , ",MicroCat,"MicroCat,model number SBE37-SM V3.1,serial number 12981",SBE37-SM V3.1,18.000000,2006,'Strait of Canso Real Time Observatory Project','Strait of Canso Real Time Observatory Project',SDN:L22::TOOL1456,2006.0,45.6508,-61.425717,2017-04-29T16:00:00Z,28.0,28.002,1.0E35,NaN,-0.9253,NaN,NaN
MCTD_SL2016001_2006_12981_7200.000000.nc,mooring deployment,SL2016001,Jim Hamilton,12981,"MV Service Leader, , ",MicroCat,"MicroCat,model number SBE37-SM V3.1,serial number 12981",SBE37-SM V3.1,18.000000,2006,'Strait of Canso Real Time Observatory Project','Strait of Canso Real Time Observatory Project',SDN:L22::TOOL1456,2006.0,45.6508,-61.425717,2017-04-29T18:00:00Z,28.0,27.59,1.0E35,NaN,-0.9314,NaN,NaN
MCTD_SL2016001_2006_12981_7200.000000.nc,mooring deployment,SL2016001,Jim Hamilton,12981,"MV Service Leader, , ",MicroCat,"MicroCat,model number SBE37-SM V3.1,serial number 12981",SBE37-SM V3.1,18.000000,2006,'Strait of Canso Real Time Observatory Project','Strait of Canso Real Time Observatory Project',SDN:L22::TOOL1456,2006.0,45.6508,-61.425717,2017-04-29T20:00:00Z,28.0,26.95,1.0E35,NaN,-0.9561,NaN,NaN
MCTD_SL2016001_2006_12981_7200.000000.nc,mooring deployment,SL2016001,Jim Hamilton,12981,"MV Service Leader, , ",MicroCat,"MicroCat,model number SBE37-SM V3.1,serial number 12981",SBE37-SM V3.1,18.000000,2006,'Strait of Canso Real Time Observatory Project','Strait of Canso Real Time Observatory Project',SDN:L22::TOOL1456,2006.0,45.6508,-61.425717,2017-04-29T22:00:00Z,28.0,26.631,1.0E35,NaN,-0.9461,NaN,NaN
MCTD_SL2016001_2006_12981_7200.000000.nc,mooring deployment,SL2016001,Jim Hamilton,12981,"MV Service Leader, , ",MicroCat,"MicroCat,model number SBE37-SM V3.1,serial number 12981",SBE37-SM V3.1,18.000000,2006,'Strait of Canso Real Time Observatory Project','Strait of Canso Real Time Observatory Project',SDN:L22::TOOL1456,2006.0,45.6508,-61.425717,2017-04-30T00:00:00Z,28.0,27.146,1.0E35,NaN,-0.9686,NaN,NaN
MCTD_SL2016001_2006_12981_7200.000000.nc,mooring deployment,SL2016001,Jim Hamilton,12981,"MV Service Leader, , ",MicroCat,"MicroCat,model number SBE37-SM V3.1,serial number 12981",SBE37-SM V3.1,18.000000,2006,'Strait of Canso Real Time Observatory Project','Strait of Canso Real Time Observatory Project',SDN:L22::TOOL1456,2006.0,45.6508,-61.425717,2017-04-30T02:00:00Z,28.0,27.615,1.0E35,NaN,-0.9469,NaN,NaN
MCTD_SL2016001_2006_12981_7200.000000.nc,mooring deployment,SL2016001,Jim Hamilton,12981,"MV Service Leader, , ",MicroCat,"MicroCat,model number SBE37-SM V3.1,serial number 12981",SBE37-SM V3.1,18.000000,2006,'Strait of Canso Real Time Observatory Project','Strait of Canso Real Time Observatory Project',SDN:L22::TOOL1456,2006.0,45.6508,-61.425717,2017-04-30T04:00:00Z,28.0,28.22,1.0E35,NaN,-0.9335,NaN,NaN
MCTD_SL2016001_2006_12981_7200.000000.nc,mooring deployment,SL2016001,Jim Hamilton,12981,"MV Service Leader, , ",MicroCat,"MicroCat,model number SBE37-SM V3.1,serial number 12981",SBE37-SM V3.1,18.000000,2006,'Strait of Canso Real Time Observatory Project','Strait of Canso Real Time Observatory Project',SDN:L22::TOOL1456,2006.0,45.6508,-61.425717,2017-04-30T06:00:00Z,28.0,27.985,1.0E35,NaN,-0.8397,NaN,NaN
MCTD_SL2016001_2006_12981_7200.000000.nc,mooring deployment,SL2016001,Jim Hamilton,12981,"MV Service Leader, , ",MicroCat,"MicroCat,model number SBE37-SM V3.1,serial number 12981",SBE37-SM V3.1,18.000000,2006,'Strait of Canso Real Time Observatory Project','Strait of Canso Real Time Observatory Project',SDN:L22::TOOL1456,2006.0,45.6508,-61.425717,2017-04-30T08:00:00Z,28.0,27.871,1.0E35,NaN,-0.917,NaN,NaN
MCTD_SL2016001_2006_12981_7200.000000.nc,mooring deployment,SL2016001,Jim Hamilton,12981,"MV Service Leader, , ",MicroCat,"MicroCat,model number SBE37-SM V3.1,serial number 12981",SBE37-SM V3.1,18.000000,2006,'Strait of Canso Real Time Observatory Project','Strait of Canso Real Time Observatory Project',SDN:L22::TOOL1456,2006.0,45.6508,-61.425717,2017-04-30T10:00:00Z,28.0,27.786,1.0E35,NaN,-0.9144,NaN,NaN
MCTD_SL2016001_2006_12981_7200.000000.nc,mooring deployment,SL2016001,Jim Hamilton,12981,"MV Service Leader, , ",MicroCat,"MicroCat,model number SBE37-SM V3.1,serial number 12981",SBE37-SM V3.1,18.000000,2006,'Strait of Canso Real Time Observatory Project','Strait of Canso Real Time Observatory Project',SDN:L22::TOOL1456,2006.0,45.6508,-61.425717,2017-04-30T12:00:00Z,28.0,28.156,1.0E35,NaN,-0.744,NaN,NaN
MCTD_SL2016001_2006_12981_7200.000000.nc,mooring deployment,SL2016001,Jim Hamilton,12981,"MV Service Leader, , ",MicroCat,"MicroCat,model number SBE37-SM V3.1,serial number 12981",SBE37-SM V3.1,18.000000,2006,'Strait of Canso Real Time Observatory Project','Strait of Canso Real Time Observatory Project',SDN:L22::TOOL1456,2006.0,45.6508,-61.425717,2017-04-30T14:00:00Z,28.0,28.449,1.0E35,NaN,-0.0604,NaN,NaN
MCTD_SL2016001_2006_12981_7200.000000.nc,mooring deployment,SL2016001,Jim Hamilton,12981,"MV Service Leader, , ",MicroCat,"MicroCat,model number SBE37-SM V3.1,serial number 12981",SBE37-SM V3.1,18.000000,2006,'Strait of Canso Real Time Observatory Project','Strait of Canso Real Time Observatory Project',SDN:L22::TOOL1456,2006.0,45.6508,-61.425717,2017-04-30T16:00:00Z,28.0,28.422,1.0E35,NaN,4.1232,NaN,NaN
MCTD_SL2016001_2006_12981_7200.000000.nc,mooring deployment,SL2016001,Jim Hamilton,12981,"MV Service Leader, , ",MicroCat,"MicroCat,model number SBE37-SM V3.1,serial number 12981",SBE37-SM V3.1,18.000000,2006,'Strait of Canso Real Time Observatory Project','Strait of Canso Real Time Observatory Project',SDN:L22::TOOL1456,2006.0,45.6508,-61.425717,2017-04-30T18:00:00Z,28.0,28.06,1.0E35,NaN,4.7052,NaN,NaN
MCTD_SL2016001_2006_12981_7200.000000.nc,mooring deployment,SL2016001,Jim Hamilton,12981,"MV Service Leader, , ",MicroCat,"MicroCat,model number SBE37-SM V3.1,serial number 12981",SBE37-SM V3.1,18.000000,2006,'Strait of Canso Real Time Observatory Project','Strait of Canso Real Time Observatory Project',SDN:L22::TOOL1456,2006.0,45.6508,-61.425717,2017-04-30T20:00:00Z,28.0,27.513,1.0E35,NaN,5.1333,NaN,NaN
MCTD_SL2016001_2006_12981_7200.000000.nc,mooring deployment,SL2016001,Jim Hamilton,12981,"MV Service Leader, , ",MicroCat,"MicroCat,model number SBE37-SM V3.1,serial number 12981",SBE37-SM V3.1,18.000000,2006,'Strait of Canso Real Time Observatory Project','Strait of Canso Real Time Observatory Project',SDN:L22::TOOL1456,2006.0,45.6508,-61.425717,2017-04-30T22:00:00Z,28.0,26.852,1.0E35,NaN,5.2735,NaN,NaN
MCTD_SL2016001_2006_12981_7200.000000.nc,mooring deployment,SL2016001,Jim Hamilton,12981,"MV Service Leader, , ",MicroCat,"MicroCat,model number SBE37-SM V3.1,serial number 12981",SBE37-SM V3.1,18.000000,2006,'Strait of Canso Real Time Observatory Project','Strait of Canso Real Time Observatory Project',SDN:L22::TOOL1456,2006.0,45.6508,-61.425717,2017-05-01T00:00:00Z,28.0,27.031,1.0E35,NaN,4.9456,NaN,NaN
MCTD_SL2016001_2006_12981_7200.000000.nc,mooring deployment,SL2016001,Jim Hamilton,12981,"MV Service Leader, , ",MicroCat,"MicroCat,model number SBE37-SM V3.1,serial number 12981",SBE37-SM V3.1,18.000000,2006,'Strait of Canso Real Time Observatory Project','Strait of Canso Real Time Observatory Project',SDN:L22::TOOL1456,2006.0,45.6508,-61.425717,2017-05-01T02:00:00Z,28.0,27.429,1.0E35,NaN,4.6651,NaN,NaN
MCTD_SL2016001_2006_12981_7200.000000.nc,mooring deployment,SL2016001,Jim Hamilton,12981,"MV Service Leader, , ",MicroCat,"MicroCat,model number SBE37-SM V3.1,serial number 12981",SBE37-SM V3.1,18.000000,2006,'Strait of Canso Real Time Observatory Project','Strait of Canso Real Time Observatory Project',SDN:L22::TOOL1456,2006.0,45.6508,-61.425717,2017-05-01T04:00:00Z,28.0,27.905,1.0E35,NaN,0.267,NaN,NaN
MCTD_SL2016001_2006_12981_7200.000000.nc,mooring deployment,SL2016001,Jim Hamilton,12981,"MV Service Leader, , ",MicroCat,"MicroCat,model number SBE37-SM V3.1,serial number 12981",SBE37-SM V3.1,18.000000,2006,'Strait of Canso Real Time Observatory Project','Strait of Canso Real Time Observatory Project',SDN:L22::TOOL1456,2006.0,45.6508,-61.425717,2017-05-01T06:00:00Z,28.0,28.136,1.0E35,NaN,-0.4378,NaN,NaN
MCTD_SL2016001_2006_12981_7200.000000.nc,mooring deployment,SL2016001,Jim Hamilton,12981,"MV Service Leader, , ",MicroCat,"MicroCat,model number SBE37-SM V3.1,serial number 12981",SBE37-SM V3.1,18.000000,2006,'Strait of Canso Real Time Observatory Project','Strait of Canso Real Time Observatory Project',SDN:L22::TOOL1456,2006.0,45.6508,-61.425717,2017-05-01T08:00:00Z,28.0,27.954,1.0E35,NaN,-0.5521,NaN,NaN
MCTD_SL2016001_2006_12981_7200.000000.nc,mooring deployment,SL2016001,Jim Hamilton,12981,"MV Service Leader, , ",MicroCat,"MicroCat,model number SBE37-SM V3.1,serial number 12981",SBE37-SM V3.1,18.000000,2006,'Strait of Canso Real Time Observatory Project','Strait of Canso Real Time Observatory Project',SDN:L22::TOOL1456,2006.0,45.6508,-61.425717,2017-05-01T10:00:00Z,28.0,27.752,1.0E35,NaN,-0.605,NaN,NaN
MCTD_SL2016001_2006_12981_7200.000000.nc,mooring deployment,SL2016001,Jim Hamilton,12981,"MV Service Leader, , ",MicroCat,"MicroCat,model number SBE37-SM V3.1,serial number 12981",SBE37-SM V3.1,18.000000,2006,'Strait of Canso Real Time Observatory Project','Strait of Canso Real Time Observatory Project',SDN:L22::TOOL1456,2006.0,45.6508,-61.425717,2017-05-01T12:00:00Z,28.0,27.921,1.0E35,NaN,-0.5825,NaN,NaN
MCTD_SL2016001_2006_12981_7200.000000.nc,mooring deployment,SL2016001,Jim Hamilton,12981,"MV Service Leader, , ",MicroCat,"MicroCat,model number SBE37-SM V3.1,serial number 12981",SBE37-SM V3.1,18.000000,2006,'Strait of Canso Real Time Observatory Project','Strait of Canso Real Time Observatory Project',SDN:L22::TOOL1456,2006.0,45.6508,-61.425717,2017-05-01T14:00:00Z,28.0,28.277,1.0E35,NaN,-0.4814,NaN,NaN
MCTD_SL2016001_2006_12981_7200.000000.nc,mooring deployment,SL2016001,Jim Hamilton,12981,"MV Service Leader, , ",MicroCat,"MicroCat,model number SBE37-SM V3.1,serial number 12981",SBE37-SM V3.1,18.000000,2006,'Strait of Canso Real Time Observatory Project','Strait of Canso Real Time Observatory Project',SDN:L22::TOOL1456,2006.0,45.6508,-61.425717,2017-05-01T16:00:00Z,28.0,28.395,1.0E35,NaN,-0.4569,NaN,NaN
MCTD_SL2016001_2006_12981_7200.000000.nc,mooring deployment,SL2016001,Jim Hamilton,12981,"MV Service Leader, , ",MicroCat,"MicroCat,model number SBE37-SM V3.1,serial number 12981",SBE37-SM V3.1,18.000000,2006,'Strait of Canso Real Time Observatory Project','Strait of Canso Real Time Observatory Project',SDN:L22::TOOL1456,2006.0,45.6508,-61.425717,2017-05-01T18:00:00Z,28.0,28.155,1.0E35,NaN,-0.5302,NaN,NaN
MCTD_SL2016001_2006_12981_7200.000000.nc,mooring deployment,SL2016001,Jim Hamilton,12981,"MV Service Leader, , ",MicroCat,"MicroCat,model number SBE37-SM V3.1,serial number 12981",SBE37-SM V3.1,18.000000,2006,'Strait of Canso Real Time Observatory Project','Strait of Canso Real Time Observatory Project',SDN:L22::TOOL1456,2006.0,45.6508,-61.425717,2017-05-01T20:00:00Z,28.0,27.668,1.0E35,NaN,-0.3479,NaN,NaN
MCTD_SL2016001_2006_12981_7200.000000.nc,mooring deployment,SL2016001,Jim Hamilton,12981,"MV Service Leader, , ",MicroCat,"MicroCat,model number SBE37-SM V3.1,serial number 12981",SBE37-SM V3.1,18.000000,2006,'Strait of Canso Real Time Observatory Project','Strait of Canso Real Time Observatory Project',SDN:L22::TOOL1456,2006.0,45.6508,-61.425717,2017-05-01T22:00:00Z,28.0,27.058,1.0E35,NaN,-0.2743,NaN,NaN
MCTD_SL2016001_2006_12981_7200.000000.nc,mooring deployment,SL2016001,Jim Hamilton,12981,"MV Service Leader, , ",MicroCat,"MicroCat,model number SBE37-SM V3.1,serial number 12981",SBE37-SM V3.1,18.000000,2006,'Strait of Canso Real Time Observatory Project','Strait of Canso Real Time Observatory Project',SDN:L22::TOOL1456,2006.0,45.6508,-61.425717,2017-05-02T00:00:00Z,28.0,26.939,1.0E35,NaN,-0.464,NaN,NaN
MCTD_SL2016001_2006_12981_7200.000000.nc,mooring deployment,SL2016001,Jim Hamilton,12981,"MV Service Leader, , ",MicroCat,"MicroCat,model number SBE37-SM V3.1,serial number 12981",SBE37-SM V3.1,18.000000,2006,'Strait of Canso Real Time Observatory Project','Strait of Canso Real Time Observatory Project',SDN:L22::TOOL1456,2006.0,45.6508,-61.425717,2017-05-02T02:00:00Z,28.0,27.144,1.0E35,NaN,-0.0567,NaN,NaN
MCTD_SL2016001_2006_12981_7200.000000.nc,mooring deployment,SL2016001,Jim Hamilton,12981,"MV Service Leader, , ",MicroCat,"MicroCat,model number SBE37-SM V3.1,serial number 12981",SBE37-SM V3.1,18.000000,2006,'Strait of Canso Real Time Observatory Project','Strait of Canso Real Time Observatory Project',SDN:L22::TOOL1456,2006.0,45.6508,-61.425717,2017-05-02T04:00:00Z,28.0,27.517,1.0E35,NaN,0.8822,NaN,NaN
MCTD_SL2016001_2006_12981_7200.000000.nc,mooring deployment,SL2016001,Jim Hamilton,12981,"MV Service Leader, , ",MicroCat,"MicroCat,model number SBE37-SM V3.1,serial number 12981",SBE37-SM V3.1,18.000000,2006,'Strait of Canso Real Time Observatory Project','Strait of Canso Real Time Observatory Project',SDN:L22::TOOL1456,2006.0,45.6508,-61.425717,2017-05-02T06:00:00Z,28.0,27.899,1.0E35,NaN,0.6873,NaN,NaN
MCTD_SL2016001_2006_12981_7200.000000.nc,mooring deployment,SL2016001,Jim Hamilton,12981,"MV Service Leader, , ",MicroCat,"MicroCat,model number SBE37-SM V3.1,serial number 12981",SBE37-SM V3.1,18.000000,2006,'Strait of Canso Real Time Observatory Project','Strait of Canso Real Time Observatory Project',SDN:L22::TOOL1456,2006.0,45.6508,-61.425717,2017-05-02T08:00:00Z,28.0,27.803,1.0E35,NaN,-0.2058,NaN,NaN
MCTD_SL2016001_2006_12981_7200.000000.nc,mooring deployment,SL2016001,Jim Hamilton,12981,"MV Service Leader, , ",MicroCat,"MicroCat,model number SBE37-SM V3.1,serial number 12981",SBE37-SM V3.1,18.000000,2006,'Strait of Canso Real Time Observatory Project','Strait of Canso Real Time Observatory Project',SDN:L22::TOOL1456,2006.0,45.6508,-61.425717,2017-05-02T10:00:00Z,28.0,27.56,1.0E35,NaN,-0.4154,NaN,NaN
MCTD_SL2016001_2006_12981_7200.000000.nc,mooring deployment,SL2016001,Jim Hamilton,12981,"MV Service Leader, , ",MicroCat,"MicroCat,model number SBE37-SM V3.1,serial number 12981",SBE37-SM V3.1,18.000000,2006,'Strait of Canso Real Time Observatory Project','Strait of Canso Real Time Observatory Project',SDN:L22::TOOL1456,2006.0,45.6508,-61.425717,2017-05-02T12:00:00Z,28.0,27.471,1.0E35,NaN,-0.3324,NaN,NaN
MCTD_SL2016001_2006_12996_7200.000000.nc,mooring deployment,SL2016001,Jim Hamilton,12996,"MV Service Leader, , ",MicroCat,"MicroCat,model number SBE37-IM V3.1,serial number 12996",SBE37-IM V3.1,12.000000,2006,'Strait of Canso Real Time Observatory Project','Strait of Canso Real Time Observatory Project',SDN:L22::TOOL1450,2006.0,45.6508,-61.425717,2017-04-25T00:00:00Z,34.0,34.287,29.6601,NaN,-0.725,23.820429129541367,-0.7256734968870601
MCTD_SL2016001_2006_12996_7200.000000.nc,mooring deployment,SL2016001,Jim Hamilton,12996,"MV Service Leader, , ",MicroCat,"MicroCat,model number SBE37-IM V3.1,serial number 12996",SBE37-IM V3.1,12.000000,2006,'Strait of Canso Real Time Observatory Project','Strait of Canso Real Time Observatory Project',SDN:L22::TOOL1450,2006.0,45.6508,-61.425717,2017-04-25T02:00:00Z,34.0,34.114,29.6809,NaN,-0.725,23.837251796227633,-0.7256714039327925
MCTD_SL2016001_2006_12996_7200.000000.nc,mooring deployment,SL2016001,Jim Hamilton,12996,"MV Service Leader, , ",MicroCat,"MicroCat,model number SBE37-IM V3.1,serial number 12996",SBE37-IM V3.1,12.000000,2006,'Strait of Canso Real Time Observatory Project','Strait of Canso Real Time Observatory Project',SDN:L22::TOOL1450,2006.0,45.6508,-61.425717,2017-04-25T04:00:00Z,34.0,33.797,29.6615,NaN,-0.8004,23.823512609544537,-0.8010412620037441
MCTD_SL2016001_2006_12996_7200.000000.nc,mooring deployment,SL2016001,Jim Hamilton,12996,"MV Service Leader, , ",MicroCat,"MicroCat,model number SBE37-IM V3.1,serial number 12996",SBE37-IM V3.1,12.000000,2006,'Strait of Canso Real Time Observatory Project','Strait of Canso Real Time Observatory Project',SDN:L22::TOOL1450,2006.0,45.6508,-61.425717,2017-04-25T06:00:00Z,34.0,33.58,29.6118,NaN,-0.8647,23.784891583566605,-0.8653147385834185
MCTD_SL2016001_2006_12996_7200.000000.nc,mooring deployment,SL2016001,Jim Hamilton,12996,"MV Service Leader, , ",MicroCat,"MicroCat,model number SBE37-IM V3.1,serial number 12996",SBE37-IM V3.1,12.000000,2006,'Strait of Canso Real Time Observatory Project','Strait of Canso Real Time Observatory Project',SDN:L22::TOOL1450,2006.0,45.6508,-61.425717,2017-04-25T08:00:00Z,34.0,33.773,29.6091,NaN,-0.7826,23.780669160282628,-0.7832427135646346
MCTD_SL2016001_2006_12996_7200.000000.nc,mooring deployment,SL2016001,Jim Hamilton,12996,"MV Service Leader, , ",MicroCat,"MicroCat,model number SBE37-IM V3.1,serial number 12996",SBE37-IM V3.1,12.000000,2006,'Strait of Canso Real Time Observatory Project','Strait of Canso Real Time Observatory Project',SDN:L22::TOOL1450,2006.0,45.6508,-61.425717,2017-04-25T10:00:00Z,34.0,34.108,29.6275,NaN,-0.7078,23.79360797178049,-0.7084729701655065
MCTD_SL2016001_2006_12996_7200.000000.nc,mooring deployment,SL2016001,Jim Hamilton,12996,"MV Service Leader, , ",MicroCat,"MicroCat,model number SBE37-IM V3.1,serial number 12996",SBE37-IM V3.1,12.000000,2006,'Strait of Canso Real Time Observatory Project','Strait of Canso Real Time Observatory Project',SDN:L22::TOOL1450,2006.0,45.6508,-61.425717,2017-04-25T12:00:00Z,34.0,34.419,29.6955,NaN,-0.7681,23.850190778646606,-0.7687653608341447
MCTD_SL2016001_2006_12996_7200.000000.nc,mooring deployment,SL2016001,Jim Hamilton,12996,"MV Service Leader, , ",MicroCat,"MicroCat,model number SBE37-IM V3.1,serial number 12996",SBE37-IM V3.1,12.000000,2006,'Strait of Canso Real Time Observatory Project','Strait of Canso Real Time Observatory Project',SDN:L22::TOOL1450,2006.0,45.6508,-61.425717,2017-04-25T14:00:00Z,34.0,34.282,29.7459,NaN,-0.7304,23.889967504735637,-0.7310774123737023
MCTD_SL2016001_2006_12996_7200.000000.nc,mooring deployment,SL2016001,Jim Hamilton,12996,"MV Service Leader, , ",MicroCat,"MicroCat,model number SBE37-IM V3.1,serial number 12996",SBE37-IM V3.1,12.000000,2006,'Strait of Canso Real Time Observatory Project','Strait of Canso Real Time Observatory Project',SDN:L22::TOOL1450,2006.0,45.6508,-61.425717,2017-04-25T16:00:00Z,34.0,33.849,29.7097,NaN,-0.7743,23.86183807987595,-0.7749532206201737
MCTD_SL2016001_2006_12996_7200.000000.nc,mooring deployment,SL2016001,Jim Hamilton,12996,"MV Service Leader, , ",MicroCat,"MicroCat,model number SBE37-IM V3.1,serial number 12996",SBE37-IM V3.1,12.000000,2006,'Strait of Canso Real Time Observatory Project','Strait of Canso Real Time Observatory Project',SDN:L22::TOOL1450,2006.0,45.6508,-61.425717,2017-04-25T18:00:00Z,34.0,33.534,29.619,NaN,-0.8842,23.791188283630845,-0.8848085516434547
MCTD_SL2016001_2006_12996_7200.000000.nc,mooring deployment,SL2016001,Jim Hamilton,12996,"MV Service Leader, , ",MicroCat,"MicroCat,model number SBE37-IM V3.1,serial number 12996",SBE37-IM V3.1,12.000000,2006,'Strait of Canso Real Time Observatory Project','Strait of Canso Real Time Observatory Project',SDN:L22::TOOL1450,2006.0,45.6508,-61.425717,2017-04-25T20:00:00Z,34.0,33.69,29.6291,NaN,-0.8358,23.79818362897629,-0.8364265366898181
MCTD_SL2016001_2006_12996_7200.000000.nc,mooring deployment,SL2016001,Jim Hamilton,12996,"MV Service Leader, , ",MicroCat,"MicroCat,model number SBE37-IM V3.1,serial number 12996",SBE37-IM V3.1,12.000000,2006,'Strait of Canso Real Time Observatory Project','Strait of Canso Real Time Observatory Project',SDN:L22::TOOL1450,2006.0,45.6508,-61.425717,2017-04-25T22:00:00Z,34.0,34.034,29.6543,NaN,-0.7168,23.8155210383876,-0.7174705300946003
MCTD_SL2016001_2006_12996_7200.000000.nc,mooring deployment,SL2016001,Jim Hamilton,12996,"MV Service Leader, , ",MicroCat,"MicroCat,model number SBE37-IM V3.1,serial number 12996",SBE37-IM V3.1,12.000000,2006,'Strait of Canso Real Time Observatory Project','Strait of Canso Real Time Observatory Project',SDN:L22::TOOL1450,2006.0,45.6508,-61.425717,2017-04-26T00:00:00Z,34.0,34.361,29.7348,NaN,-0.5596,23.876235762990632,-0.5603300579620265
MCTD_SL2016001_2006_12996_7200.000000.nc,mooring deployment,SL2016001,Jim Hamilton,12996,"MV Service Leader, , ",MicroCat,"MicroCat,model number SBE37-IM V3.1,serial number 12996",SBE37-IM V3.1,12.000000,2006,'Strait of Canso Real Time Observatory Project','Strait of Canso Real Time Observatory Project',SDN:L22::TOOL1450,2006.0,45.6508,-61.425717,2017-04-26T02:00:00Z,34.0,34.329,29.7172,NaN,-0.6452,23.864440950769335,-0.6459022941225883
MCTD_SL2016001_2006_12996_7200.000000.nc,mooring deployment,SL2016001,Jim Hamilton,12996,"MV Service Leader, , ",MicroCat,"MicroCat,model number SBE37-IM V3.1,serial number 12996",SBE37-IM V3.1,12.000000,2006,'Strait of Canso Real Time Observatory Project','Strait of Canso Real Time Observatory Project',SDN:L22::TOOL1450,2006.0,45.6508,-61.425717,2017-04-26T04:00:00Z,34.0,34.012,29.6985,NaN,-0.5603,23.846916594751406,-0.561019953815092
MCTD_SL2016001_2006_12996_7200.000000.nc,mooring deployment,SL2016001,Jim Hamilton,12996,"MV Service Leader, , ",MicroCat,"MicroCat,model number SBE37-IM V3.1,serial number 12996",SBE37-IM V3.1,12.000000,2006,'Strait of Canso Real Time Observatory Project','Strait of Canso Real Time Observatory Project',SDN:L22::TOOL1450,2006.0,45.6508,-61.425717,2017-04-26T06:00:00Z,34.0,33.679,29.6688,NaN,-0.8173,23.82984498811072,-0.8179344195481962
MCTD_SL2016001_2006_12996_7200.000000.nc,mooring deployment,SL2016001,Jim Hamilton,12996,"MV Service Leader, , ",MicroCat,"MicroCat,model number SBE37-IM V3.1,serial number 12996",SBE37-IM V3.1,12.000000,2006,'Strait of Canso Real Time Observatory Project','Strait of Canso Real Time Observatory Project',SDN:L22::TOOL1450,2006.0,45.6508,-61.425717,2017-04-26T08:00:00Z,34.0,33.742,29.6279,NaN,-0.9742,23.80049185287487,-0.9747860412188118
MCTD_SL2016001_2006_12996_7200.000000.nc,mooring deployment,SL2016001,Jim Hamilton,12996,"MV Service Leader, , ",MicroCat,"MicroCat,model number SBE37-IM V3.1,serial number 12996",SBE37-IM V3.1,12.000000,2006,'Strait of Canso Real Time Observatory Project','Strait of Canso Real Time Observatory Project',SDN:L22::TOOL1450,2006.0,45.6508,-61.425717,2017-04-26T10:00:00Z,34.0,34.064,29.5372,NaN,-0.6907,23.720129840084496,-0.6913713295045375
MCTD_SL2016001_2006_12996_7200.000000.nc,mooring deployment,SL2016001,Jim Hamilton,12996,"MV Service Leader, , ",MicroCat,"MicroCat,model number SBE37-IM V3.1,serial number 12996",SBE37-IM V3.1,12.000000,2006,'Strait of Canso Real Time Observatory Project','Strait of Canso Real Time Observatory Project',SDN:L22::TOOL1450,2006.0,45.6508,-61.425717,2017-04-26T12:00:00Z,34.0,34.288,29.6914,NaN,-0.6581,23.843936913724747,-0.6587958404899781
MCTD_SL2016001_2006_12996_7200.000000.nc,mooring deployment,SL2016001,Jim Hamilton,12996,"MV Service Leader, , ",MicroCat,"MicroCat,model number SBE37-IM V3.1,serial number 12996",SBE37-IM V3.1,12.000000,2006,'Strait of Canso Real Time Observatory Project','Strait of Canso Real Time Observatory Project',SDN:L22::TOOL1450,2006.0,45.6508,-61.425717,2017-04-26T14:00:00Z,34.0,34.33,29.748,NaN,-0.6206,23.888653584958888,-0.6213117934824203
MCTD_SL2016001_2006_12996_7200.000000.nc,mooring deployment,SL2016001,Jim Hamilton,12996,"MV Service Leader, , ",MicroCat,"MicroCat,model number SBE37-IM V3.1,serial number 12996",SBE37-IM V3.1,12.000000,2006,'Strait of Canso Real Time Observatory Project','Strait of Canso Real Time Observatory Project',SDN:L22::TOOL1450,2006.0,45.6508,-61.425717,2017-04-26T16:00:00Z,34.0,33.842,29.7261,NaN,-0.6666,23.87222822449189,-0.6672863550057058
MCTD_SL2016001_2006_12996_7200.000000.nc,mooring deployment,SL2016001,Jim Hamilton,12996,"MV Service Leader, , ",MicroCat,"MicroCat,model number SBE37-IM V3.1,serial number 12996",SBE37-IM V3.1,12.000000,2006,'Strait of Canso Real Time Observatory Project','Strait of Canso Real Time Observatory Project',SDN:L22::TOOL1450,2006.0,45.6508,-61.425717,2017-04-26T18:00:00Z,34.0,33.315,29.7006,NaN,-0.677,23.851892919448574,-0.6776708052510361
MCTD_SL2016001_2006_12996_7200.000000.nc,mooring deployment,SL2016001,Jim Hamilton,12996,"MV Service Leader, , ",MicroCat,"MicroCat,model number SBE37-IM V3.1,serial number 12996",SBE37-IM V3.1,12.000000,2006,'Strait of Canso Real Time Observatory Project','Strait of Canso Real Time Observatory Project',SDN:L22::TOOL1450,2006.0,45.6508,-61.425717,2017-04-26T20:00:00Z,34.0,33.247,29.6796,NaN,-0.6859,23.835153054661532,-0.6865654603660113
MCTD_SL2016001_2006_12996_7200.000000.nc,mooring deployment,SL2016001,Jim Hamilton,12996,"MV Service Leader, , ",MicroCat,"MicroCat,model number SBE37-IM V3.1,serial number 12996",SBE37-IM V3.1,12.000000,2006,'Strait of Canso Real Time Observatory Project','Strait of Canso Real Time Observatory Project',SDN:L22::TOOL1450,2006.0,45.6508,-61.425717,2017-04-26T22:00:00Z,34.0,33.717,29.6887,NaN,-0.657,23.84172321264191,-0.6576842168079451
MCTD_SL2016001_2006_12996_7200.000000.nc,mooring deployment,SL2016001,Jim Hamilton,12996,"MV Service Leader, , ",MicroCat,"MicroCat,model number SBE37-IM V3.1,serial number 12996",SBE37-IM V3.1,12.000000,2006,'Strait of Canso Real Time Observatory Project','Strait of Canso Real Time Observatory Project',SDN:L22::TOOL1450,2006.0,45.6508,-61.425717,2017-04-27T00:00:00Z,34.0,34.135,29.7638,NaN,-0.6213,23.901446811656115,-0.6220085083405451
MCTD_SL2016001_2006_12996_7200.000000.nc,mooring deployment,SL2016001,Jim Hamilton,12996,"MV Service Leader, , ",MicroCat,"MicroCat,model number SBE37-IM V3.1,serial number 12996",SBE37-IM V3.1,12.000000,2006,'Strait of Canso Real Time Observatory Project','Strait of Canso Real Time Observatory Project',SDN:L22::TOOL1450,2006.0,45.6508,-61.425717,2017-04-27T02:00:00Z,34.0,34.415,29.8114,NaN,-0.6258,23.940057480323844,-0.6265161886255151
MCTD_SL2016001_2006_12996_7200.000000.nc,mooring deployment,SL2016001,Jim Hamilton,12996,"MV Service Leader, , ",MicroCat,"MicroCat,model number SBE37-IM V3.1,serial number 12996",SBE37-IM V3.1,12.000000,2006,'Strait of Canso Real Time Observatory Project','Strait of Canso Real Time Observatory Project',SDN:L22::TOOL1450,2006.0,45.6508,-61.425717,2017-04-27T04:00:00Z,34.0,34.175,29.7775,NaN,-0.7586,23.916274415038856,-0.7592688208729503
MCTD_SL2016001_2006_12996_7200.000000.nc,mooring deployment,SL2016001,Jim Hamilton,12996,"MV Service Leader, , ",MicroCat,"MicroCat,model number SBE37-IM V3.1,serial number 12996",SBE37-IM V3.1,12.000000,2006,'Strait of Canso Real Time Observatory Project','Strait of Canso Real Time Observatory Project',SDN:L22::TOOL1450,2006.0,45.6508,-61.425717,2017-04-27T06:00:00Z,34.0,33.84,29.7513,NaN,-0.6682,23.89264911735529,-0.6688874721112635
MCTD_SL2016001_2006_12996_7200.000000.nc,mooring deployment,SL2016001,Jim Hamilton,12996,"MV Service Leader, , ",MicroCat,"MicroCat,model number SBE37-IM V3.1,serial number 12996",SBE37-IM V3.1,12.000000,2006,'Strait of Canso Real Time Observatory Project','Strait of Canso Real Time Observatory Project',SDN:L22::TOOL1450,2006.0,45.6508,-61.425717,2017-04-27T08:00:00Z,34.0,33.735,29.7015,NaN,-0.6619,23.852207651390017,-0.6625839570663868
MCTD_SL2016001_2006_12996_7200.000000.nc,mooring deployment,SL2016001,Jim Hamilton,12996,"MV Service Leader, , ",MicroCat,"MicroCat,model number SBE37-IM V3.1,serial number 12996",SBE37-IM V3.1,12.000000,2006,'Strait of Canso Real Time Observatory Project','Strait of Canso Real Time Observatory Project',SDN:L22::TOOL1450,2006.0,45.6508,-61.425717,2017-04-27T10:00:00Z,34.0,34.117,29.7055,NaN,-0.6609,23.855414693737657,-0.6615923925925469
MCTD_SL2016001_2006_12996_7200.000000.nc,mooring deployment,SL2016001,Jim Hamilton,12996,"MV Service Leader, , ",MicroCat,"MicroCat,model number SBE37-IM V3.1,serial number 12996",SBE37-IM V3.1,12.000000,2006,'Strait of Canso Real Time Observatory Project','Strait of Canso Real Time Observatory Project',SDN:L22::TOOL1450,2006.0,45.6508,-61.425717,2017-04-27T12:00:00Z,34.0,34.36,29.7935,NaN,-0.7935,23.930129114245688,-0.7941629597671627
MCTD_SL2016001_2006_12996_7200.000000.nc,mooring deployment,SL2016001,Jim Hamilton,12996,"MV Service Leader, , ",MicroCat,"MicroCat,model number SBE37-IM V3.1,serial number 12996",SBE37-IM V3.1,12.000000,2006,'Strait of Canso Real Time Observatory Project','Strait of Canso Real Time Observatory Project',SDN:L22::TOOL1450,2006.0,45.6508,-61.425717,2017-04-27T14:00:00Z,34.0,34.506,29.6815,NaN,-0.9787,23.843990614293716,-0.9793017672618006
MCTD_SL2016001_2006_12996_7200.000000.nc,mooring deployment,SL2016001,Jim Hamilton,12996,"MV Service Leader, , ",MicroCat,"MicroCat,model number SBE37-IM V3.1,serial number 12996",SBE37-IM V3.1,12.000000,2006,'Strait of Canso Real Time Observatory Project','Strait of Canso Real Time Observatory Project',SDN:L22::TOOL1450,2006.0,45.6508,-61.425717,2017-04-27T16:00:00Z,34.0,34.162,29.6656,NaN,-0.9705,23.83093021691161,-0.9710970878422057
MCTD_SL2016001_2006_12996_7200.000000.nc,mooring deployment,SL2016001,Jim Hamilton,12996,"MV Service Leader, , ",MicroCat,"MicroCat,model number SBE37-IM V3.1,serial number 12996",SBE37-IM V3.1,12.000000,2006,'Strait of Canso Real Time Observatory Project','Strait of Canso Real Time Observatory Project',SDN:L22::TOOL1450,2006.0,45.6508,-61.425717,2017-04-27T18:00:00Z,34.0,33.532,29.6764,NaN,-1.0015,23.84037661691673,-1.0020773410247392
MCTD_SL2016001_2006_12996_7200.000000.nc,mooring deployment,SL2016001,Jim Hamilton,12996,"MV Service Leader, , ",MicroCat,"MicroCat,model number SBE37-IM V3.1,serial number 12996",SBE37-IM V3.1,12.000000,2006,'Strait of Canso Real Time Observatory Project','Strait of Canso Real Time Observatory Project',SDN:L22::TOOL1450,2006.0,45.6508,-61.425717,2017-04-27T20:00:00Z,34.0,33.239,29.595,NaN,-0.7845,23.769310625575372,-0.7851309159588389
MCTD_SL2016001_2006_12996_7200.000000.nc,mooring deployment,SL2016001,Jim Hamilton,12996,"MV Service Leader, , ",MicroCat,"MicroCat,model number SBE37-IM V3.1,serial number 12996",SBE37-IM V3.1,12.000000,2006,'Strait of Canso Real Time Observatory Project','Strait of Canso Real Time Observatory Project',SDN:L22::TOOL1450,2006.0,45.6508,-61.425717,2017-04-27T22:00:00Z,34.0,33.561,29.5829,NaN,-0.809,23.7601377140179,-0.8096290741954334
MCTD_SL2016001_2006_12996_7200.000000.nc,mooring deployment,SL2016001,Jim Hamilton,12996,"MV Service Leader, , ",MicroCat,"MicroCat,model number SBE37-IM V3.1,serial number 12996",SBE37-IM V3.1,12.000000,2006,'Strait of Canso Real Time Observatory Project','Strait of Canso Real Time Observatory Project',SDN:L22::TOOL1450,2006.0,45.6508,-61.425717,2017-04-28T00:00:00Z,34.0,34.053,29.7436,NaN,-0.8959,23.892314431808927,-0.8965227958587907
MCTD_SL2016001_2006_12996_7200.000000.nc,mooring deployment,SL2016001,Jim Hamilton,12996,"MV Service Leader, , ",MicroCat,"MicroCat,model number SBE37-IM V3.1,serial number 12996",SBE37-IM V3.1,12.000000,2006,'Strait of Canso Real Time Observatory Project','Strait of Canso Real Time Observatory Project',SDN:L22::TOOL1450,2006.0,45.6508,-61.425717,2017-04-28T02:00:00Z,34.0,34.408,29.657,NaN,-0.9119,23.822604495704013,-0.9125187830417271
MCTD_SL2016001_2006_12996_7200.000000.nc,mooring deployment,SL2016001,Jim Hamilton,12996,"MV Service Leader, , ",MicroCat,"MicroCat,model number SBE37-IM V3.1,serial number 12996",SBE37-IM V3.1,12.000000,2006,'Strait of Canso Real Time Observatory Project','Strait of Canso Real Time Observatory Project',SDN:L22::TOOL1450,2006.0,45.6508,-61.425717,2017-04-28T04:00:00Z,34.0,34.323,29.6696,NaN,-0.9275,23.833171522188877,-0.9281133127710911
MCTD_SL2016001_2006_12996_7200.000000.nc,mooring deployment,SL2016001,Jim Hamilton,12996,"MV Service Leader, , ",MicroCat,"MicroCat,model number SBE37-IM V3.1,serial number 12996",SBE37-IM V3.1,12.000000,2006,'Strait of Canso Real Time Observatory Project','Strait of Canso Real Time Observatory Project',SDN:L22::TOOL1450,2006.0,45.6508,-61.425717,2017-04-28T06:00:00Z,34.0,33.999,29.6456,NaN,-0.7401,23.809098236811565,-0.7407622576670171
MCTD_SL2016001_2006_12996_7200.000000.nc,mooring deployment,SL2016001,Jim Hamilton,12996,"MV Service Leader, , ",MicroCat,"MicroCat,model number SBE37-IM V3.1,serial number 12996",SBE37-IM V3.1,12.000000,2006,'Strait of Canso Real Time Observatory Project','Strait of Canso Real Time Observatory Project',SDN:L22::TOOL1450,2006.0,45.6508,-61.425717,2017-04-28T08:00:00Z,34.0,33.691,29.7128,NaN,-0.8219,23.865561393444864,-0.8225361318728973
MCTD_SL2016001_2006_12996_7200.000000.nc,mooring deployment,SL2016001,Jim Hamilton,12996,"MV Service Leader, , ",MicroCat,"MicroCat,model number SBE37-IM V3.1,serial number 12996",SBE37-IM V3.1,12.000000,2006,'Strait of Canso Real Time Observatory Project','Strait of Canso Real Time Observatory Project',SDN:L22::TOOL1450,2006.0,45.6508,-61.425717,2017-04-28T10:00:00Z,34.0,33.938,29.657,NaN,-0.8397,23.820855740041793,-0.8403318834287308
MCTD_SL2016001_2006_12996_7200.000000.nc,mooring deployment,SL2016001,Jim Hamilton,12996,"MV Service Leader, , ",MicroCat,"MicroCat,model number SBE37-IM V3.1,serial number 12996",SBE37-IM V3.1,12.000000,2006,'Strait of Canso Real Time Observatory Project','Strait of Canso Real Time Observatory Project',SDN:L22::TOOL1450,2006.0,45.6508,-61.425717,2017-04-28T12:00:00Z,34.0,34.296,29.7361,NaN,-0.9374,23.887235605255228,-0.9380142125446336
MCTD_SL2016001_2006_12996_7200.000000.nc,mooring deployment,SL2016001,Jim Hamilton,12996,"MV Service Leader, , ",MicroCat,"MicroCat,model number SBE37-IM V3.1,serial number 12996",SBE37-IM V3.1,12.000000,2006,'Strait of Canso Real Time Observatory Project','Strait of Canso Real Time Observatory Project',SDN:L22::TOOL1450,2006.0,45.6508,-61.425717,2017-04-28T14:00:00Z,34.0,34.461,29.7389,NaN,-0.8532,23.887463913885426,-0.8538431165646707
MCTD_SL2016001_2006_12996_7200.000000.nc,mooring deployment,SL2016001,Jim Hamilton,12996,"MV Service Leader, , ",MicroCat,"MicroCat,model number SBE37-IM V3.1,serial number 12996",SBE37-IM V3.1,12.000000,2006,'Strait of Canso Real Time Observatory Project','Strait of Canso Real Time Observatory Project',SDN:L22::TOOL1450,2006.0,45.6508,-61.425717,2017-04-28T16:00:00Z,34.0,34.231,29.8047,NaN,-0.8769,23.94130082154743,-0.8775359044092313
MCTD_SL2016001_2006_12996_7200.000000.nc,mooring deployment,SL2016001,Jim Hamilton,12996,"MV Service Leader, , ",MicroCat,"MicroCat,model number SBE37-IM V3.1,serial number 12996",SBE37-IM V3.1,12.000000,2006,'Strait of Canso Real Time Observatory Project','Strait of Canso Real Time Observatory Project',SDN:L22::TOOL1450,2006.0,45.6508,-61.425717,2017-04-28T18:00:00Z,34.0,33.637,29.768,NaN,-0.8393,23.910664310773086,-0.83993348991229
MCTD_SL2016001_2006_12996_7200.000000.nc,mooring deployment,SL2016001,Jim Hamilton,12996,"MV Service Leader, , ",MicroCat,"MicroCat,model number SBE37-IM V3.1,serial number 12996",SBE37-IM V3.1,12.000000,2006,'Strait of Canso Real Time Observatory Project','Strait of Canso Real Time Observatory Project',SDN:L22::TOOL1450,2006.0,45.6508,-61.425717,2017-04-28T20:00:00Z,34.0,33.063,29.8,NaN,-0.8655,23.93721413869116,-0.8661168629575444
MCTD_SL2016001_2006_12996_7200.000000.nc,mooring deployment,SL2016001,Jim Hamilton,12996,"MV Service Leader, , ",MicroCat,"MicroCat,model number SBE37-IM V3.1,serial number 12996",SBE37-IM V3.1,12.000000,2006,'Strait of Canso Real Time Observatory Project','Strait of Canso Real Time Observatory Project',SDN:L22::TOOL1450,2006.0,45.6508,-61.425717,2017-04-28T22:00:00Z,34.0,33.211,29.7184,NaN,-0.9413,23.872998462425926,-0.94189214111698
MCTD_SL2016001_2006_12996_7200.000000.nc,mooring deployment,SL2016001,Jim Hamilton,12996,"MV Service Leader, , ",MicroCat,"MicroCat,model number SBE37-IM V3.1,serial number 12996",SBE37-IM V3.1,12.000000,2006,'Strait of Canso Real Time Observatory Project','Strait of Canso Real Time Observatory Project',SDN:L22::TOOL1450,2006.0,45.6508,-61.425717,2017-04-29T00:00:00Z,34.0,33.649,29.7389,NaN,-0.8697,23.887871134727447,-0.8703227768922476
MCTD_SL2016001_2006_12996_7200.000000.nc,mooring deployment,SL2016001,Jim Hamilton,12996,"MV Service Leader, , ",MicroCat,"MicroCat,model number SBE37-IM V3.1,serial number 12996",SBE37-IM V3.1,12.000000,2006,'Strait of Canso Real Time Observatory Project','Strait of Canso Real Time Observatory Project',SDN:L22::TOOL1450,2006.0,45.6508,-61.425717,2017-04-29T02:00:00Z,34.0,34.081,29.7772,NaN,-0.7898,23.916846060942248,-0.7904575292600733
MCTD_SL2016001_2006_12996_7200.000000.nc,mooring deployment,SL2016001,Jim Hamilton,12996,"MV Service Leader, , ",MicroCat,"MicroCat,model number SBE37-IM V3.1,serial number 12996",SBE37-IM V3.1,12.000000,2006,'Strait of Canso Real Time Observatory Project','Strait of Canso Real Time Observatory Project',SDN:L22::TOOL1450,2006.0,45.6508,-61.425717,2017-04-29T04:00:00Z,34.0,34.29,29.7726,NaN,-0.8048,23.91351092397963,-0.8054567795182003
MCTD_SL2016001_2006_12996_7200.000000.nc,mooring deployment,SL2016001,Jim Hamilton,12996,"MV Service Leader, , ",MicroCat,"MicroCat,model number SBE37-IM V3.1,serial number 12996",SBE37-IM V3.1,12.000000,2006,'Strait of Canso Real Time Observatory Project','Strait of Canso Real Time Observatory Project',SDN:L22::TOOL1450,2006.0,45.6508,-61.425717,2017-04-29T06:00:00Z,34.0,34.086,29.7824,NaN,-0.7012,23.9187019070946,-0.7018846555623058
MCTD_SL2016001_2006_12996_7200.000000.nc,mooring deployment,SL2016001,Jim Hamilton,12996,"MV Service Leader, , ",MicroCat,"MicroCat,model number SBE37-IM V3.1,serial number 12996",SBE37-IM V3.1,12.000000,2006,'Strait of Canso Real Time Observatory Project','Strait of Canso Real Time Observatory Project',SDN:L22::TOOL1450,2006.0,45.6508,-61.425717,2017-04-29T08:00:00Z,34.0,33.737,29.7454,NaN,-0.8074,23.891570361807908,-0.8080434616457333
MCTD_SL2016001_2006_12996_7200.000000.nc,mooring deployment,SL2016001,Jim Hamilton,12996,"MV Service Leader, , ",MicroCat,"MicroCat,model number SBE37-IM V3.1,serial number 12996",SBE37-IM V3.1,12.000000,2006,'Strait of Canso Real Time Observatory Project','Strait of Canso Real Time Observatory Project',SDN:L22::TOOL1450,2006.0,45.6508,-61.425717,2017-04-29T10:00:00Z,34.0,33.729,29.7254,NaN,-0.7538,23.874004128104502,-0.7544579971898454
MCTD_SL2016001_2006_12996_7200.000000.nc,mooring deployment,SL2016001,Jim Hamilton,12996,"MV Service Leader, , ",MicroCat,"MicroCat,model number SBE37-IM V3.1,serial number 12996",SBE37-IM V3.1,12.000000,2006,'Strait of Canso Real Time Observatory Project','Strait of Canso Real Time Observatory Project',SDN:L22::TOOL1450,2006.0,45.6508,-61.425717,2017-04-29T12:00:00Z,34.0,34.173,29.7512,NaN,-0.9099,23.898803676188095,-0.9105212931064727
MCTD_SL2016001_2006_12996_7200.000000.nc,mooring deployment,SL2016001,Jim Hamilton,12996,"MV Service Leader, , ",MicroCat,"MicroCat,model number SBE37-IM V3.1,serial number 12996",SBE37-IM V3.1,12.000000,2006,'Strait of Canso Real Time Observatory Project','Strait of Canso Real Time Observatory Project',SDN:L22::TOOL1450,2006.0,45.6508,-61.425717,2017-04-29T14:00:00Z,34.0,34.397,29.775,NaN,-0.8707,23.917111416477837,-0.8713389636795202
MCTD_SL2016001_2006_12996_7200.000000.nc,mooring deployment,SL2016001,Jim Hamilton,12996,"MV Service Leader, , ",MicroCat,"MicroCat,model number SBE37-IM V3.1,serial number 12996",SBE37-IM V3.1,12.000000,2006,'Strait of Canso Real Time Observatory Project','Strait of Canso Real Time Observatory Project',SDN:L22::TOOL1450,2006.0,45.6508,-61.425717,2017-04-29T16:00:00Z,34.0,34.263,29.8587,NaN,-0.7842,23.982635307499095,-0.7848681705489012
MCTD_SL2016001_2006_12996_7200.000000.nc,mooring deployment,SL2016001,Jim Hamilton,12996,"MV Service Leader, , ",MicroCat,"MicroCat,model number SBE37-IM V3.1,serial number 12996",SBE37-IM V3.1,12.000000,2006,'Strait of Canso Real Time Observatory Project','Strait of Canso Real Time Observatory Project',SDN:L22::TOOL1450,2006.0,45.6508,-61.425717,2017-04-29T18:00:00Z,34.0,33.856,29.7884,NaN,-0.8196,23.926672732572,-0.8202449192535588
MCTD_SL2016001_2006_12996_7200.000000.nc,mooring deployment,SL2016001,Jim Hamilton,12996,"MV Service Leader, , ",MicroCat,"MicroCat,model number SBE37-IM V3.1,serial number 12996",SBE37-IM V3.1,12.000000,2006,'Strait of Canso Real Time Observatory Project','Strait of Canso Real Time Observatory Project',SDN:L22::TOOL1450,2006.0,45.6508,-61.425717,2017-04-29T20:00:00Z,34.0,33.21,29.7949,NaN,-0.7343,23.929703572561152,-0.7349578626173284
MCTD_SL2016001_2006_12996_7200.000000.nc,mooring deployment,SL2016001,Jim Hamilton,12996,"MV Service Leader, , ",MicroCat,"MicroCat,model number SBE37-IM V3.1,serial number 12996",SBE37-IM V3.1,12.000000,2006,'Strait of Canso Real Time Observatory Project','Strait of Canso Real Time Observatory Project',SDN:L22::TOOL1450,2006.0,45.6508,-61.425717,2017-04-29T22:00:00Z,34.0,32.889,29.8087,NaN,-0.7587,23.94151467147924,-0.7593451814000381
MCTD_SL2016001_2006_12996_7200.000000.nc,mooring deployment,SL2016001,Jim Hamilton,12996,"MV Service Leader, , ",MicroCat,"MicroCat,model number SBE37-IM V3.1,serial number 12996",SBE37-IM V3.1,12.000000,2006,'Strait of Canso Real Time Observatory Project','Strait of Canso Real Time Observatory Project',SDN:L22::TOOL1450,2006.0,45.6508,-61.425717,2017-04-30T00:00:00Z,34.0,33.401,29.8067,NaN,-0.8667,23.942666309980495,-0.8673233569823318
MCTD_SL2016001_2006_12996_7200.000000.nc,mooring deployment,SL2016001,Jim Hamilton,12996,"MV Service Leader, , ",MicroCat,"MicroCat,model number SBE37-IM V3.1,serial number 12996",SBE37-IM V3.1,12.000000,2006,'Strait of Canso Real Time Observatory Project','Strait of Canso Real Time Observatory Project',SDN:L22::TOOL1450,2006.0,45.6508,-61.425717,2017-04-30T02:00:00Z,34.0,33.869,29.8911,NaN,-0.6584,24.0054192317275,-0.6591000841648014
MCTD_SL2016001_2006_12996_7200.000000.nc,mooring deployment,SL2016001,Jim Hamilton,12996,"MV Service Leader, , ",MicroCat,"MicroCat,model number SBE37-IM V3.1,serial number 12996",SBE37-IM V3.1,12.000000,2006,'Strait of Canso Real Time Observatory Project','Strait of Canso Real Time Observatory Project',SDN:L22::TOOL1450,2006.0,45.6508,-61.425717,2017-04-30T04:00:00Z,34.0,34.482,29.8524,NaN,-0.7124,23.975619461359315,-0.7130939690058264
MCTD_SL2016001_2006_12996_7200.000000.nc,mooring deployment,SL2016001,Jim Hamilton,12996,"MV Service Leader, , ",MicroCat,"MicroCat,model number SBE37-IM V3.1,serial number 12996",SBE37-IM V3.1,12.000000,2006,'Strait of Canso Real Time Observatory Project','Strait of Canso Real Time Observatory Project',SDN:L22::TOOL1450,2006.0,45.6508,-61.425717,2017-04-30T06:00:00Z,34.0,34.234,29.8061,NaN,-0.6294,23.935874398205897,-0.6301109266393422
MCTD_SL2016001_2006_12996_7200.000000.nc,mooring deployment,SL2016001,Jim Hamilton,12996,"MV Service Leader, , ",MicroCat,"MicroCat,model number SBE37-IM V3.1,serial number 12996",SBE37-IM V3.1,12.000000,2006,'Strait of Canso Real Time Observatory Project','Strait of Canso Real Time Observatory Project',SDN:L22::TOOL1450,2006.0,45.6508,-61.425717,2017-04-30T08:00:00Z,34.0,34.133,29.8138,NaN,-0.6579,23.942901048910926,-0.6586007181777667
MCTD_SL2016001_2006_12996_7200.000000.nc,mooring deployment,SL2016001,Jim Hamilton,12996,"MV Service Leader, , ",MicroCat,"MicroCat,model number SBE37-IM V3.1,serial number 12996",SBE37-IM V3.1,12.000000,2006,'Strait of Canso Real Time Observatory Project','Strait of Canso Real Time Observatory Project',SDN:L22::TOOL1450,2006.0,45.6508,-61.425717,2017-04-30T10:00:00Z,34.0,34.039,29.7581,NaN,-0.7597,23.90061026879141,-0.7603645131561659
MCTD_SL2016001_2006_12996_7200.000000.nc,mooring deployment,SL2016001,Jim Hamilton,12996,"MV Service Leader, , ",MicroCat,"MicroCat,model number SBE37-IM V3.1,serial number 12996",SBE37-IM V3.1,12.000000,2006,'Strait of Canso Real Time Observatory Project','Strait of Canso Real Time Observatory Project',SDN:L22::TOOL1450,2006.0,45.6508,-61.425717,2017-04-30T12:00:00Z,34.0,34.399,29.7462,NaN,-0.8958,23.894416533968638,-0.8964294444700126
MCTD_SL2016001_2006_12996_7200.000000.nc,mooring deployment,SL2016001,Jim Hamilton,12996,"MV Service Leader, , ",MicroCat,"MicroCat,model number SBE37-IM V3.1,serial number 12996",SBE37-IM V3.1,12.000000,2006,'Strait of Canso Real Time Observatory Project','Strait of Canso Real Time Observatory Project',SDN:L22::TOOL1450,2006.0,45.6508,-61.425717,2017-04-30T14:00:00Z,34.0,34.717,29.6697,NaN,-0.965,23.834123808215736,-0.9656089484003163
MCTD_SL2016001_2006_12996_7200.000000.nc,mooring deployment,SL2016001,Jim Hamilton,12996,"MV Service Leader, , ",MicroCat,"MicroCat,model number SBE37-IM V3.1,serial number 12996",SBE37-IM V3.1,12.000000,2006,'Strait of Canso Real Time Observatory Project','Strait of Canso Real Time Observatory Project',SDN:L22::TOOL1450,2006.0,45.6508,-61.425717,2017-04-30T16:00:00Z,34.0,34.674,29.6703,NaN,-0.9214,23.83359463146917,-0.9220216274182574
MCTD_SL2016001_2006_12996_7200.000000.nc,mooring deployment,SL2016001,Jim Hamilton,12996,"MV Service Leader, , ",MicroCat,"MicroCat,model number SBE37-IM V3.1,serial number 12996",SBE37-IM V3.1,12.000000,2006,'Strait of Canso Real Time Observatory Project','Strait of Canso Real Time Observatory Project',SDN:L22::TOOL1450,2006.0,45.6508,-61.425717,2017-04-30T18:00:00Z,34.0,34.35,29.6415,NaN,-0.9017,23.809816733144544,-0.9023197992270092
MCTD_SL2016001_2006_12996_7200.000000.nc,mooring deployment,SL2016001,Jim Hamilton,12996,"MV Service Leader, , ",MicroCat,"MicroCat,model number SBE37-IM V3.1,serial number 12996",SBE37-IM V3.1,12.000000,2006,'Strait of Canso Real Time Observatory Project','Strait of Canso Real Time Observatory Project',SDN:L22::TOOL1450,2006.0,45.6508,-61.425717,2017-04-30T20:00:00Z,34.0,33.768,29.6115,NaN,-0.8287,23.783767258015246,-0.8293289919379915
MCTD_SL2016001_2006_12996_7200.000000.nc,mooring deployment,SL2016001,Jim Hamilton,12996,"MV Service Leader, , ",MicroCat,"MicroCat,model number SBE37-IM V3.1,serial number 12996",SBE37-IM V3.1,12.000000,2006,'Strait of Canso Real Time Observatory Project','Strait of Canso Real Time Observatory Project',SDN:L22::TOOL1450,2006.0,45.6508,-61.425717,2017-04-30T22:00:00Z,34.0,33.118,29.5373,NaN,-0.6674,23.71958852282546,-0.6680592045829999
MCTD_SL2016001_2006_12996_7200.000000.nc,mooring deployment,SL2016001,Jim Hamilton,12996,"MV Service Leader, , ",MicroCat,"MicroCat,model number SBE37-IM V3.1,serial number 12996",SBE37-IM V3.1,12.000000,2006,'Strait of Canso Real Time Observatory Project','Strait of Canso Real Time Observatory Project',SDN:L22::TOOL1450,2006.0,45.6508,-61.425717,2017-05-01T00:00:00Z,34.0,33.295,29.5471,NaN,-0.7719,23.730242601471218,-0.7725326425133081
MCTD_SL2016001_2006_12996_7200.000000.nc,mooring deployment,SL2016001,Jim Hamilton,12996,"MV Service Leader, , ",MicroCat,"MicroCat,model number SBE37-IM V3.1,serial number 12996",SBE37-IM V3.1,12.000000,2006,'Strait of Canso Real Time Observatory Project','Strait of Canso Real Time Observatory Project',SDN:L22::TOOL1450,2006.0,45.6508,-61.425717,2017-05-01T02:00:00Z,34.0,33.673,29.6461,NaN,-0.9266,23.81412773868749,-0.9272002229016876
MCTD_SL2016001_2006_12996_7200.000000.nc,mooring deployment,SL2016001,Jim Hamilton,12996,"MV Service Leader, , ",MicroCat,"MicroCat,model number SBE37-IM V3.1,serial number 12996",SBE37-IM V3.1,12.000000,2006,'Strait of Canso Real Time Observatory Project','Strait of Canso Real Time Observatory Project',SDN:L22::TOOL1450,2006.0,45.6508,-61.425717,2017-05-01T04:00:00Z,34.0,34.166,29.7418,NaN,-0.5559,23.881785626630972,-0.5566274216772232
MCTD_SL2016001_2006_12996_7200.000000.nc,mooring deployment,SL2016001,Jim Hamilton,12996,"MV Service Leader, , ",MicroCat,"MicroCat,model number SBE37-IM V3.1,serial number 12996",SBE37-IM V3.1,12.000000,2006,'Strait of Canso Real Time Observatory Project','Strait of Canso Real Time Observatory Project',SDN:L22::TOOL1450,2006.0,45.6508,-61.425717,2017-05-01T06:00:00Z,34.0,34.373,29.8268,NaN,-0.612,23.95211450795921,-0.612720497628356
MCTD_SL2016001_2006_12996_7200.000000.nc,mooring deployment,SL2016001,Jim Hamilton,12996,"MV Service Leader, , ",MicroCat,"MicroCat,model number SBE37-IM V3.1,serial number 12996",SBE37-IM V3.1,12.000000,2006,'Strait of Canso Real Time Observatory Project','Strait of Canso Real Time Observatory Project',SDN:L22::TOOL1450,2006.0,45.6508,-61.425717,2017-05-01T08:00:00Z,34.0,34.211,29.7462,NaN,-0.7922,23.891828350992796,-0.7928573144926544
MCTD_SL2016001_2006_12996_7200.000000.nc,mooring deployment,SL2016001,Jim Hamilton,12996,"MV Service Leader, , ",MicroCat,"MicroCat,model number SBE37-IM V3.1,serial number 12996",SBE37-IM V3.1,12.000000,2006,'Strait of Canso Real Time Observatory Project','Strait of Canso Real Time Observatory Project',SDN:L22::TOOL1450,2006.0,45.6508,-61.425717,2017-05-01T10:00:00Z,34.0,34.017,29.6958,NaN,-0.8113,23.85153931902812,-0.8119444743857047
MCTD_SL2016001_2006_12996_7200.000000.nc,mooring deployment,SL2016001,Jim Hamilton,12996,"MV Service Leader, , ",MicroCat,"MicroCat,model number SBE37-IM V3.1,serial number 12996",SBE37-IM V3.1,12.000000,2006,'Strait of Canso Real Time Observatory Project','Strait of Canso Real Time Observatory Project',SDN:L22::TOOL1450,2006.0,45.6508,-61.425717,2017-05-01T12:00:00Z,34.0,34.186,29.7056,NaN,-0.8063,23.859341601645156,-0.8069498905459734
MCTD_SL2016001_2006_12996_7200.000000.nc,mooring deployment,SL2016001,Jim Hamilton,12996,"MV Service Leader, , ",MicroCat,"MicroCat,model number SBE37-IM V3.1,serial number 12996",SBE37-IM V3.1,12.000000,2006,'Strait of Canso Real Time Observatory Project','Strait of Canso Real Time Observatory Project',SDN:L22::TOOL1450,2006.0,45.6508,-61.425717,2017-05-01T14:00:00Z,34.0,34.538,29.6721,NaN,-0.6708,23.82867900753365,-0.6714958467123714
MCTD_SL2016001_2006_12996_7200.000000.nc,mooring deployment,SL2016001,Jim Hamilton,12996,"MV Service Leader, , ",MicroCat,"MicroCat,model number SBE37-IM V3.1,serial number 12996",SBE37-IM V3.1,12.000000,2006,'Strait of Canso Real Time Observatory Project','Strait of Canso Real Time Observatory Project',SDN:L22::TOOL1450,2006.0,45.6508,-61.425717,2017-05-01T16:00:00Z,34.0,34.66,29.7007,NaN,-0.7716,23.85448804472867,-0.7722693756411516
MCTD_SL2016001_2006_12996_7200.000000.nc,mooring deployment,SL2016001,Jim Hamilton,12996,"MV Service Leader, , ",MicroCat,"MicroCat,model number SBE37-IM V3.1,serial number 12996",SBE37-IM V3.1,12.000000,2006,'Strait of Canso Real Time Observatory Project','Strait of Canso Real Time Observatory Project',SDN:L22::TOOL1450,2006.0,45.6508,-61.425717,2017-05-01T18:00:00Z,34.0,34.414,29.77,NaN,-0.7175,23.90911430943345,-0.7181855807417565
MCTD_SL2016001_2006_12996_7200.000000.nc,mooring deployment,SL2016001,Jim Hamilton,12996,"MV Service Leader, , ",MicroCat,"MicroCat,model number SBE37-IM V3.1,serial number 12996",SBE37-IM V3.1,12.000000,2006,'Strait of Canso Real Time Observatory Project','Strait of Canso Real Time Observatory Project',SDN:L22::TOOL1450,2006.0,45.6508,-61.425717,2017-05-01T20:00:00Z,34.0,33.926,29.7421,NaN,-0.6799,23.885530979608234,-0.6805851445490861
MCTD_SL2016001_2006_12996_7200.000000.nc,mooring deployment,SL2016001,Jim Hamilton,12996,"MV Service Leader, , ",MicroCat,"MicroCat,model number SBE37-IM V3.1,serial number 12996",SBE37-IM V3.1,12.000000,2006,'Strait of Canso Real Time Observatory Project','Strait of Canso Real Time Observatory Project',SDN:L22::TOOL1450,2006.0,45.6508,-61.425717,2017-05-01T22:00:00Z,34.0,33.313,29.742,NaN,-0.6948,23.885855719613005,-0.6954681750780743
MCTD_SL2016001_2006_12996_7200.000000.nc,mooring deployment,SL2016001,Jim Hamilton,12996,"MV Service Leader, , ",MicroCat,"MicroCat,model number SBE37-IM V3.1,serial number 12996",SBE37-IM V3.1,12.000000,2006,'Strait of Canso Real Time Observatory Project','Strait of Canso Real Time Observatory Project',SDN:L22::TOOL1450,2006.0,45.6508,-61.425717,2017-05-02T00:00:00Z,34.0,33.192,29.7409,NaN,-0.6852,23.884704938012646,-0.6858684526055415
MCTD_SL2016001_2006_12996_7200.000000.nc,mooring deployment,SL2016001,Jim Hamilton,12996,"MV Service Leader, , ",MicroCat,"MicroCat,model number SBE37-IM V3.1,serial number 12996",SBE37-IM V3.1,12.000000,2006,'Strait of Canso Real Time Observatory Project','Strait of Canso Real Time Observatory Project',SDN:L22::TOOL1450,2006.0,45.6508,-61.425717,2017-05-02T02:00:00Z,34.0,33.404,29.7481,NaN,-0.706,23.891092078959787,-0.7066671170139222
MCTD_SL2016001_2006_12996_7200.000000.nc,mooring deployment,SL2016001,Jim Hamilton,12996,"MV Service Leader, , ",MicroCat,"MicroCat,model number SBE37-IM V3.1,serial number 12996",SBE37-IM V3.1,12.000000,2006,'Strait of Canso Real Time Observatory Project','Strait of Canso Real Time Observatory Project',SDN:L22::TOOL1450,2006.0,45.6508,-61.425717,2017-05-02T04:00:00Z,34.0,33.783,29.7152,NaN,-0.6835,23.86387638932672,-0.6841793910483256
MCTD_SL2016001_2006_12996_7200.000000.nc,mooring deployment,SL2016001,Jim Hamilton,12996,"MV Service Leader, , ",MicroCat,"MicroCat,model number SBE37-IM V3.1,serial number 12996",SBE37-IM V3.1,12.000000,2006,'Strait of Canso Real Time Observatory Project','Strait of Canso Real Time Observatory Project',SDN:L22::TOOL1450,2006.0,45.6508,-61.425717,2017-05-02T06:00:00Z,34.0,34.157,29.7779,NaN,-0.745,23.916238533222668,-0.7456725942909792
MCTD_SL2016001_2006_12996_7200.000000.nc,mooring deployment,SL2016001,Jim Hamilton,12996,"MV Service Leader, , ",MicroCat,"MicroCat,model number SBE37-IM V3.1,serial number 12996",SBE37-IM V3.1,12.000000,2006,'Strait of Canso Real Time Observatory Project','Strait of Canso Real Time Observatory Project',SDN:L22::TOOL1450,2006.0,45.6508,-61.425717,2017-05-02T08:00:00Z,34.0,34.063,29.6898,NaN,-0.6497,23.842411617891344,-0.6503936206311898
MCTD_SL2016001_2006_12996_7200.000000.nc,mooring deployment,SL2016001,Jim Hamilton,12996,"MV Service Leader, , ",MicroCat,"MicroCat,model number SBE37-IM V3.1,serial number 12996",SBE37-IM V3.1,12.000000,2006,'Strait of Canso Real Time Observatory Project','Strait of Canso Real Time Observatory Project',SDN:L22::TOOL1450,2006.0,45.6508,-61.425717,2017-05-02T10:00:00Z,34.0,33.813,29.771,NaN,-0.6897,23.909169216158034,-0.6903817750069476
MCTD_SL2016001_2006_12996_7200.000000.nc,mooring deployment,SL2016001,Jim Hamilton,12996,"MV Service Leader, , ",MicroCat,"MicroCat,model number SBE37-IM V3.1,serial number 12996",SBE37-IM V3.1,12.000000,2006,'Strait of Canso Real Time Observatory Project','Strait of Canso Real Time Observatory Project',SDN:L22::TOOL1450,2006.0,45.6508,-61.425717,2017-05-02T12:00:00Z,34.0,33.726,29.8183,NaN,-0.6734,23.94697056589871,-0.6740879067428892
MCTD_SL2016001_2007_12980_7200.000000.nc,mooring deployment,SL2016001,Jim Hamilton,12980,"MV Service Leader, , ",MicroCat,"MicroCat,model number SBE37-SM V3.1,serial number 12980",SBE37-SM V3.1,26.000000,2007,'Strait of Canso Real Time Observatory Project','Strait of Canso Real Time Observatory Project',SDN:L22::TOOL1456,2007.0,45.651267,-61.4257,2017-04-25T00:00:00Z,21.0,21.125,28.6244,NaN,0.3377,22.950271014191344,0.3371319444935009
MCTD_SL2016001_2007_12980_7200.000000.nc,mooring deployment,SL2016001,Jim Hamilton,12980,"MV Service Leader, , ",MicroCat,"MicroCat,model number SBE37-SM V3.1,serial number 12980",SBE37-SM V3.1,26.000000,2007,'Strait of Canso Real Time Observatory Project','Strait of Canso Real Time Observatory Project',SDN:L22::TOOL1456,2007.0,45.651267,-61.4257,2017-04-25T02:00:00Z,21.0,20.959,28.7589,NaN,-0.2138,23.077743384915266,-0.21426743343235435
MCTD_SL2016001_2007_12980_7200.000000.nc,mooring deployment,SL2016001,Jim Hamilton,12980,"MV Service Leader, , ",MicroCat,"MicroCat,model number SBE37-SM V3.1,serial number 12980",SBE37-SM V3.1,26.000000,2007,'Strait of Canso Real Time Observatory Project','Strait of Canso Real Time Observatory Project',SDN:L22::TOOL1456,2007.0,45.651267,-61.4257,2017-04-25T04:00:00Z,21.0,20.641,28.95,NaN,-0.792,23.247725180543284,-0.792362229367581
MCTD_SL2016001_2007_12980_7200.000000.nc,mooring deployment,SL2016001,Jim Hamilton,12980,"MV Service Leader, , ",MicroCat,"MicroCat,model number SBE37-SM V3.1,serial number 12980",SBE37-SM V3.1,26.000000,2007,'Strait of Canso Real Time Observatory Project','Strait of Canso Real Time Observatory Project',SDN:L22::TOOL1456,2007.0,45.651267,-61.4257,2017-04-25T06:00:00Z,21.0,20.416,29.0429,NaN,-0.8429,23.3240431227523,-0.8432526548926598
MCTD_SL2016001_2007_12980_7200.000000.nc,mooring deployment,SL2016001,Jim Hamilton,12980,"MV Service Leader, , ",MicroCat,"MicroCat,model number SBE37-SM V3.1,serial number 12980",SBE37-SM V3.1,26.000000,2007,'Strait of Canso Real Time Observatory Project','Strait of Canso Real Time Observatory Project',SDN:L22::TOOL1456,2007.0,45.651267,-61.4257,2017-04-25T08:00:00Z,21.0,20.618,29.1623,NaN,-0.8879,23.421670274050825,-0.888252685983694
MCTD_SL2016001_2007_12980_7200.000000.nc,mooring deployment,SL2016001,Jim Hamilton,12980,"MV Service Leader, , ",MicroCat,"MicroCat,model number SBE37-SM V3.1,serial number 12980",SBE37-SM V3.1,26.000000,2007,'Strait of Canso Real Time Observatory Project','Strait of Canso Real Time Observatory Project',SDN:L22::TOOL1456,2007.0,45.651267,-61.4257,2017-04-25T10:00:00Z,21.0,20.955,29.2631,NaN,-0.8997,23.503510624863793,-0.9000603983911819
MCTD_SL2016001_2007_12980_7200.000000.nc,mooring deployment,SL2016001,Jim Hamilton,12980,"MV Service Leader, , ",MicroCat,"MicroCat,model number SBE37-SM V3.1,serial number 12980",SBE37-SM V3.1,26.000000,2007,'Strait of Canso Real Time Observatory Project','Strait of Canso Real Time Observatory Project',SDN:L22::TOOL1456,2007.0,45.651267,-61.4257,2017-04-25T12:00:00Z,21.0,21.248,29.2429,NaN,-0.887,23.486876142411916,-0.8873670689273724
MCTD_SL2016001_2007_12980_7200.000000.nc,mooring deployment,SL2016001,Jim Hamilton,12980,"MV Service Leader, , ",MicroCat,"MicroCat,model number SBE37-SM V3.1,serial number 12980",SBE37-SM V3.1,26.000000,2007,'Strait of Canso Real Time Observatory Project','Strait of Canso Real Time Observatory Project',SDN:L22::TOOL1456,2007.0,45.651267,-61.4257,2017-04-25T14:00:00Z,21.0,21.119,29.3154,NaN,-0.9209,23.5463160185451,-0.9212614066686323
MCTD_SL2016001_2007_12980_7200.000000.nc,mooring deployment,SL2016001,Jim Hamilton,12980,"MV Service Leader, , ",MicroCat,"MicroCat,model number SBE37-SM V3.1,serial number 12980",SBE37-SM V3.1,26.000000,2007,'Strait of Canso Real Time Observatory Project','Strait of Canso Real Time Observatory Project',SDN:L22::TOOL1456,2007.0,45.651267,-61.4257,2017-04-25T16:00:00Z,21.0,20.695,29.2951,NaN,-0.9055,23.52953952540679,-0.9058560847105295
MCTD_SL2016001_2007_12980_7200.000000.nc,mooring deployment,SL2016001,Jim Hamilton,12980,"MV Service Leader, , ",MicroCat,"MicroCat,model number SBE37-SM V3.1,serial number 12980",SBE37-SM V3.1,26.000000,2007,'Strait of Canso Real Time Observatory Project','Strait of Canso Real Time Observatory Project',SDN:L22::TOOL1456,2007.0,45.651267,-61.4257,2017-04-25T18:00:00Z,21.0,20.376,29.2496,NaN,-0.8818,23.492179660383613,-0.8821530331078158
MCTD_SL2016001_2007_12980_7200.000000.nc,mooring deployment,SL2016001,Jim Hamilton,12980,"MV Service Leader, , ",MicroCat,"MicroCat,model number SBE37-SM V3.1,serial number 12980",SBE37-SM V3.1,26.000000,2007,'Strait of Canso Real Time Observatory Project','Strait of Canso Real Time Observatory Project',SDN:L22::TOOL1456,2007.0,45.651267,-61.4257,2017-04-25T20:00:00Z,21.0,20.539,29.1489,NaN,-0.7748,23.40820650819137,-0.7751714174783612
MCTD_SL2016001_2007_12980_7200.000000.nc,mooring deployment,SL2016001,Jim Hamilton,12980,"MV Service Leader, , ",MicroCat,"MicroCat,model number SBE37-SM V3.1,serial number 12980",SBE37-SM V3.1,26.000000,2007,'Strait of Canso Real Time Observatory Project','Strait of Canso Real Time Observatory Project',SDN:L22::TOOL1456,2007.0,45.651267,-61.4257,2017-04-25T22:00:00Z,21.0,20.875,29.1416,NaN,-0.8242,23.403468039785366,-0.8245681158939178
MCTD_SL2016001_2007_12980_7200.000000.nc,mooring deployment,SL2016001,Jim Hamilton,12980,"MV Service Leader, , ",MicroCat,"MicroCat,model number SBE37-SM V3.1,serial number 12980",SBE37-SM V3.1,26.000000,2007,'Strait of Canso Real Time Observatory Project','Strait of Canso Real Time Observatory Project',SDN:L22::TOOL1456,2007.0,45.651267,-61.4257,2017-04-26T00:00:00Z,21.0,21.201,29.1071,NaN,-0.8132,23.375301399243085,-0.8135745952196918
MCTD_SL2016001_2007_12980_7200.000000.nc,mooring deployment,SL2016001,Jim Hamilton,12980,"MV Service Leader, , ",MicroCat,"MicroCat,model number SBE37-SM V3.1,serial number 12980",SBE37-SM V3.1,26.000000,2007,'Strait of Canso Real Time Observatory Project','Strait of Canso Real Time Observatory Project',SDN:L22::TOOL1456,2007.0,45.651267,-61.4257,2017-04-26T02:00:00Z,21.0,21.169,29.1137,NaN,-0.8108,23.380584727369637,-0.8111747433020188
MCTD_SL2016001_2007_12980_7200.000000.nc,mooring deployment,SL2016001,Jim Hamilton,12980,"MV Service Leader, , ",MicroCat,"MicroCat,model number SBE37-SM V3.1,serial number 12980",SBE37-SM V3.1,26.000000,2007,'Strait of Canso Real Time Observatory Project','Strait of Canso Real Time Observatory Project',SDN:L22::TOOL1456,2007.0,45.651267,-61.4257,2017-04-26T04:00:00Z,21.0,20.854,29.1045,NaN,-0.8394,23.37380279460956,-0.8397634352489363
MCTD_SL2016001_2007_12980_7200.000000.nc,mooring deployment,SL2016001,Jim Hamilton,12980,"MV Service Leader, , ",MicroCat,"MicroCat,model number SBE37-SM V3.1,serial number 12980",SBE37-SM V3.1,26.000000,2007,'Strait of Canso Real Time Observatory Project','Strait of Canso Real Time Observatory Project',SDN:L22::TOOL1456,2007.0,45.651267,-61.4257,2017-04-26T06:00:00Z,21.0,20.528,29.1361,NaN,-0.8465,23.399532513272334,-0.8468576428288452
MCTD_SL2016001_2007_12980_7200.000000.nc,mooring deployment,SL2016001,Jim Hamilton,12980,"MV Service Leader, , ",MicroCat,"MicroCat,model number SBE37-SM V3.1,serial number 12980",SBE37-SM V3.1,26.000000,2007,'Strait of Canso Real Time Observatory Project','Strait of Canso Real Time Observatory Project',SDN:L22::TOOL1456,2007.0,45.651267,-61.4257,2017-04-26T08:00:00Z,21.0,20.575,29.1595,NaN,-0.8598,23.41876995227551,-0.8601569682225633
MCTD_SL2016001_2007_12980_7200.000000.nc,mooring deployment,SL2016001,Jim Hamilton,12980,"MV Service Leader, , ",MicroCat,"MicroCat,model number SBE37-SM V3.1,serial number 12980",SBE37-SM V3.1,26.000000,2007,'Strait of Canso Real Time Observatory Project','Strait of Canso Real Time Observatory Project',SDN:L22::TOOL1456,2007.0,45.651267,-61.4257,2017-04-26T10:00:00Z,21.0,20.902,29.2284,NaN,-0.8868,23.47513724093153,-0.8871604723829656
MCTD_SL2016001_2007_12980_7200.000000.nc,mooring deployment,SL2016001,Jim Hamilton,12980,"MV Service Leader, , ",MicroCat,"MicroCat,model number SBE37-SM V3.1,serial number 12980",SBE37-SM V3.1,26.000000,2007,'Strait of Canso Real Time Observatory Project','Strait of Canso Real Time Observatory Project',SDN:L22::TOOL1456,2007.0,45.651267,-61.4257,2017-04-26T12:00:00Z,21.0,21.133,29.3053,NaN,-0.8444,23.536386392450822,-0.844775595120121
MCTD_SL2016001_2007_12980_7200.000000.nc,mooring deployment,SL2016001,Jim Hamilton,12980,"MV Service Leader, , ",MicroCat,"MicroCat,model number SBE37-SM V3.1,serial number 12980",SBE37-SM V3.1,26.000000,2007,'Strait of Canso Real Time Observatory Project','Strait of Canso Real Time Observatory Project',SDN:L22::TOOL1456,2007.0,45.651267,-61.4257,2017-04-26T14:00:00Z,21.0,21.169,29.284,NaN,-0.8976,23.520377694426656,-0.8979653724870225
MCTD_SL2016001_2007_12980_7200.000000.nc,mooring deployment,SL2016001,Jim Hamilton,12980,"MV Service Leader, , ",MicroCat,"MicroCat,model number SBE37-SM V3.1,serial number 12980",SBE37-SM V3.1,26.000000,2007,'Strait of Canso Real Time Observatory Project','Strait of Canso Real Time Observatory Project',SDN:L22::TOOL1456,2007.0,45.651267,-61.4257,2017-04-26T16:00:00Z,21.0,20.682,29.29,NaN,-0.9144,23.525612081087047,-0.9147540192010314
MCTD_SL2016001_2007_12980_7200.000000.nc,mooring deployment,SL2016001,Jim Hamilton,12980,"MV Service Leader, , ",MicroCat,"MicroCat,model number SBE37-SM V3.1,serial number 12980",SBE37-SM V3.1,26.000000,2007,'Strait of Canso Real Time Observatory Project','Strait of Canso Real Time Observatory Project',SDN:L22::TOOL1456,2007.0,45.651267,-61.4257,2017-04-26T18:00:00Z,21.0,20.155,29.2968,NaN,-0.9157,23.531144688924087,-0.916044924640763
MCTD_SL2016001_2007_12980_7200.000000.nc,mooring deployment,SL2016001,Jim Hamilton,12980,"MV Service Leader, , ",MicroCat,"MicroCat,model number SBE37-SM V3.1,serial number 12980",SBE37-SM V3.1,26.000000,2007,'Strait of Canso Real Time Observatory Project','Strait of Canso Real Time Observatory Project',SDN:L22::TOOL1456,2007.0,45.651267,-61.4257,2017-04-26T20:00:00Z,21.0,20.092,29.317,NaN,-0.8159,23.545175925776107,-0.8162624207727983
MCTD_SL2016001_2007_12980_7200.000000.nc,mooring deployment,SL2016001,Jim Hamilton,12980,"MV Service Leader, , ",MicroCat,"MicroCat,model number SBE37-SM V3.1,serial number 12980",SBE37-SM V3.1,26.000000,2007,'Strait of Canso Real Time Observatory Project','Strait of Canso Real Time Observatory Project',SDN:L22::TOOL1456,2007.0,45.651267,-61.4257,2017-04-26T22:00:00Z,21.0,20.547,29.352,NaN,-0.8535,23.574387155085674,-0.853865250831168
MCTD_SL2016001_2007_12980_7200.000000.nc,mooring deployment,SL2016001,Jim Hamilton,12980,"MV Service Leader, , ",MicroCat,"MicroCat,model number SBE37-SM V3.1,serial number 12980",SBE37-SM V3.1,26.000000,2007,'Strait of Canso Real Time Observatory Project','Strait of Canso Real Time Observatory Project',SDN:L22::TOOL1456,2007.0,45.651267,-61.4257,2017-04-27T00:00:00Z,21.0,20.979,29.3922,NaN,-0.8674,23.607243297969262,-0.8677720576933186
MCTD_SL2016001_2007_12980_7200.000000.nc,mooring deployment,SL2016001,Jim Hamilton,12980,"MV Service Leader, , ",MicroCat,"MicroCat,model number SBE37-SM V3.1,serial number 12980",SBE37-SM V3.1,26.000000,2007,'Strait of Canso Real Time Observatory Project','Strait of Canso Real Time Observatory Project',SDN:L22::TOOL1456,2007.0,45.651267,-61.4257,2017-04-27T02:00:00Z,21.0,21.261,29.4317,NaN,-0.8932,23.639811334457022,-0.8935738690449319
MCTD_SL2016001_2007_12980_7200.000000.nc,mooring deployment,SL2016001,Jim Hamilton,12980,"MV Service Leader, , ",MicroCat,"MicroCat,model number SBE37-SM V3.1,serial number 12980",SBE37-SM V3.1,26.000000,2007,'Strait of Canso Real Time Observatory Project','Strait of Canso Real Time Observatory Project',SDN:L22::TOOL1456,2007.0,45.651267,-61.4257,2017-04-27T04:00:00Z,21.0,21.003,29.4448,NaN,-0.8768,23.650029854376953,-0.8771728664897654
MCTD_SL2016001_2007_12980_7200.000000.nc,mooring deployment,SL2016001,Jim Hamilton,12980,"MV Service Leader, , ",MicroCat,"MicroCat,model number SBE37-SM V3.1,serial number 12980",SBE37-SM V3.1,26.000000,2007,'Strait of Canso Real Time Observatory Project','Strait of Canso Real Time Observatory Project',SDN:L22::TOOL1456,2007.0,45.651267,-61.4257,2017-04-27T06:00:00Z,21.0,20.686,29.4333,NaN,-0.9042,23.641360491564228,-0.9045616835960486
MCTD_SL2016001_2007_12980_7200.000000.nc,mooring deployment,SL2016001,Jim Hamilton,12980,"MV Service Leader, , ",MicroCat,"MicroCat,model number SBE37-SM V3.1,serial number 12980",SBE37-SM V3.1,26.000000,2007,'Strait of Canso Real Time Observatory Project','Strait of Canso Real Time Observatory Project',SDN:L22::TOOL1456,2007.0,45.651267,-61.4257,2017-04-27T08:00:00Z,21.0,20.58,29.3788,NaN,-0.7628,23.593870931063634,-0.7631834601004439
MCTD_SL2016001_2007_12980_7200.000000.nc,mooring deployment,SL2016001,Jim Hamilton,12980,"MV Service Leader, , ",MicroCat,"MicroCat,model number SBE37-SM V3.1,serial number 12980",SBE37-SM V3.1,26.000000,2007,'Strait of Canso Real Time Observatory Project','Strait of Canso Real Time Observatory Project',SDN:L22::TOOL1456,2007.0,45.651267,-61.4257,2017-04-27T10:00:00Z,21.0,20.957,29.435,NaN,-0.8448,23.641340841211672,-0.8451775944614732
MCTD_SL2016001_2007_12980_7200.000000.nc,mooring deployment,SL2016001,Jim Hamilton,12980,"MV Service Leader, , ",MicroCat,"MicroCat,model number SBE37-SM V3.1,serial number 12980",SBE37-SM V3.1,26.000000,2007,'Strait of Canso Real Time Observatory Project','Strait of Canso Real Time Observatory Project',SDN:L22::TOOL1456,2007.0,45.651267,-61.4257,2017-04-27T12:00:00Z,21.0,21.203,29.308,NaN,-0.8958,23.539760053945884,-0.8961672873108144
MCTD_SL2016001_2007_12980_7200.000000.nc,mooring deployment,SL2016001,Jim Hamilton,12980,"MV Service Leader, , ",MicroCat,"MicroCat,model number SBE37-SM V3.1,serial number 12980",SBE37-SM V3.1,26.000000,2007,'Strait of Canso Real Time Observatory Project','Strait of Canso Real Time Observatory Project',SDN:L22::TOOL1456,2007.0,45.651267,-61.4257,2017-04-27T14:00:00Z,21.0,21.343,29.2748,NaN,-0.8801,23.51253414971984,-0.8804713516087951
MCTD_SL2016001_2007_12980_7200.000000.nc,mooring deployment,SL2016001,Jim Hamilton,12980,"MV Service Leader, , ",MicroCat,"MicroCat,model number SBE37-SM V3.1,serial number 12980",SBE37-SM V3.1,26.000000,2007,'Strait of Canso Real Time Observatory Project','Strait of Canso Real Time Observatory Project',SDN:L22::TOOL1456,2007.0,45.651267,-61.4257,2017-04-27T16:00:00Z,21.0,20.997,29.1108,NaN,-0.6234,23.37360883320298,-0.6238064330659632
MCTD_SL2016001_2007_12980_7200.000000.nc,mooring deployment,SL2016001,Jim Hamilton,12980,"MV Service Leader, , ",MicroCat,"MicroCat,model number SBE37-SM V3.1,serial number 12980",SBE37-SM V3.1,26.000000,2007,'Strait of Canso Real Time Observatory Project','Strait of Canso Real Time Observatory Project',SDN:L22::TOOL1456,2007.0,45.651267,-61.4257,2017-04-27T18:00:00Z,21.0,20.365,29.1006,NaN,-0.6269,23.365454364107222,-0.6272930436557989
MCTD_SL2016001_2007_12980_7200.000000.nc,mooring deployment,SL2016001,Jim Hamilton,12980,"MV Service Leader, , ",MicroCat,"MicroCat,model number SBE37-SM V3.1,serial number 12980",SBE37-SM V3.1,26.000000,2007,'Strait of Canso Real Time Observatory Project','Strait of Canso Real Time Observatory Project',SDN:L22::TOOL1456,2007.0,45.651267,-61.4257,2017-04-27T20:00:00Z,21.0,20.08,29.0401,NaN,-0.4467,23.311666177176107,-0.44711716037583726
MCTD_SL2016001_2007_12980_7200.000000.nc,mooring deployment,SL2016001,Jim Hamilton,12980,"MV Service Leader, , ",MicroCat,"MicroCat,model number SBE37-SM V3.1,serial number 12980",SBE37-SM V3.1,26.000000,2007,'Strait of Canso Real Time Observatory Project','Strait of Canso Real Time Observatory Project',SDN:L22::TOOL1456,2007.0,45.651267,-61.4257,2017-04-27T22:00:00Z,21.0,20.401,29.1083,NaN,-0.9147,23.37856059243495,-0.9150419430637736
MCTD_SL2016001_2007_12980_7200.000000.nc,mooring deployment,SL2016001,Jim Hamilton,12980,"MV Service Leader, , ",MicroCat,"MicroCat,model number SBE37-SM V3.1,serial number 12980",SBE37-SM V3.1,26.000000,2007,'Strait of Canso Real Time Observatory Project','Strait of Canso Real Time Observatory Project',SDN:L22::TOOL1456,2007.0,45.651267,-61.4257,2017-04-28T00:00:00Z,21.0,20.89,29.0914,NaN,-0.7977,23.36223824969136,-0.7980712794342167
MCTD_SL2016001_2007_12980_7200.000000.nc,mooring deployment,SL2016001,Jim Hamilton,12980,"MV Service Leader, , ",MicroCat,"MicroCat,model number SBE37-SM V3.1,serial number 12980",SBE37-SM V3.1,26.000000,2007,'Strait of Canso Real Time Observatory Project','Strait of Canso Real Time Observatory Project',SDN:L22::TOOL1456,2007.0,45.651267,-61.4257,2017-04-28T02:00:00Z,21.0,21.252,29.1491,NaN,-0.8067,23.409126487781577,-0.8070784523395412
MCTD_SL2016001_2007_12980_7200.000000.nc,mooring deployment,SL2016001,Jim Hamilton,12980,"MV Service Leader, , ",MicroCat,"MicroCat,model number SBE37-SM V3.1,serial number 12980",SBE37-SM V3.1,26.000000,2007,'Strait of Canso Real Time Observatory Project','Strait of Canso Real Time Observatory Project',SDN:L22::TOOL1456,2007.0,45.651267,-61.4257,2017-04-28T04:00:00Z,21.0,21.163,29.116,NaN,-0.7954,23.382084000148325,-0.7957776230107683
MCTD_SL2016001_2007_12980_7200.000000.nc,mooring deployment,SL2016001,Jim Hamilton,12980,"MV Service Leader, , ",MicroCat,"MicroCat,model number SBE37-SM V3.1,serial number 12980",SBE37-SM V3.1,26.000000,2007,'Strait of Canso Real Time Observatory Project','Strait of Canso Real Time Observatory Project',SDN:L22::TOOL1456,2007.0,45.651267,-61.4257,2017-04-28T06:00:00Z,21.0,20.842,29.0464,NaN,-0.5036,23.318349225240922,-0.5040229186249038
MCTD_SL2016001_2007_12980_7200.000000.nc,mooring deployment,SL2016001,Jim Hamilton,12980,"MV Service Leader, , ",MicroCat,"MicroCat,model number SBE37-SM V3.1,serial number 12980",SBE37-SM V3.1,26.000000,2007,'Strait of Canso Real Time Observatory Project','Strait of Canso Real Time Observatory Project',SDN:L22::TOOL1456,2007.0,45.651267,-61.4257,2017-04-28T08:00:00Z,21.0,20.527,29.0296,NaN,-0.5818,23.30688498777272,-0.582201604639206
MCTD_SL2016001_2007_12980_7200.000000.nc,mooring deployment,SL2016001,Jim Hamilton,12980,"MV Service Leader, , ",MicroCat,"MicroCat,model number SBE37-SM V3.1,serial number 12980",SBE37-SM V3.1,26.000000,2007,'Strait of Canso Real Time Observatory Project','Strait of Canso Real Time Observatory Project',SDN:L22::TOOL1456,2007.0,45.651267,-61.4257,2017-04-28T10:00:00Z,21.0,20.779,29.0295,NaN,-0.4265,23.302528483174456,-0.4269351097341697
MCTD_SL2016001_2007_12980_7200.000000.nc,mooring deployment,SL2016001,Jim Hamilton,12980,"MV Service Leader, , ",MicroCat,"MicroCat,model number SBE37-SM V3.1,serial number 12980",SBE37-SM V3.1,26.000000,2007,'Strait of Canso Real Time Observatory Project','Strait of Canso Real Time Observatory Project',SDN:L22::TOOL1456,2007.0,45.651267,-61.4257,2017-04-28T12:00:00Z,21.0,21.134,29.1757,NaN,-0.8732,23.432183195590255,-0.8735649278014203
MCTD_SL2016001_2007_12980_7200.000000.nc,mooring deployment,SL2016001,Jim Hamilton,12980,"MV Service Leader, , ",MicroCat,"MicroCat,model number SBE37-SM V3.1,serial number 12980",SBE37-SM V3.1,26.000000,2007,'Strait of Canso Real Time Observatory Project','Strait of Canso Real Time Observatory Project',SDN:L22::TOOL1456,2007.0,45.651267,-61.4257,2017-04-28T14:00:00Z,21.0,21.304,29.3461,NaN,-0.8206,23.568832232554314,-0.8209848440243288
MCTD_SL2016001_2007_12980_7200.000000.nc,mooring deployment,SL2016001,Jim Hamilton,12980,"MV Service Leader, , ",MicroCat,"MicroCat,model number SBE37-SM V3.1,serial number 12980",SBE37-SM V3.1,26.000000,2007,'Strait of Canso Real Time Observatory Project','Strait of Canso Real Time Observatory Project',SDN:L22::TOOL1456,2007.0,45.651267,-61.4257,2017-04-28T16:00:00Z,21.0,21.058,29.5873,NaN,-0.9805,23.767758297441674,-0.9808602594191944
MCTD_SL2016001_2007_12980_7200.000000.nc,mooring deployment,SL2016001,Jim Hamilton,12980,"MV Service Leader, , ",MicroCat,"MicroCat,model number SBE37-SM V3.1,serial number 12980",SBE37-SM V3.1,26.000000,2007,'Strait of Canso Real Time Observatory Project','Strait of Canso Real Time Observatory Project',SDN:L22::TOOL1456,2007.0,45.651267,-61.4257,2017-04-28T18:00:00Z,21.0,20.479,29.5958,NaN,-0.9069,23.772945248962856,-0.9072639534999728
MCTD_SL2016001_2007_12980_7200.000000.nc,mooring deployment,SL2016001,Jim Hamilton,12980,"MV Service Leader, , ",MicroCat,"MicroCat,model number SBE37-SM V3.1,serial number 12980",SBE37-SM V3.1,26.000000,2007,'Strait of Canso Real Time Observatory Project','Strait of Canso Real Time Observatory Project',SDN:L22::TOOL1456,2007.0,45.651267,-61.4257,2017-04-28T20:00:00Z,21.0,19.895,29.5825,NaN,-0.9244,23.762589571502986,-0.9247498591042095
MCTD_SL2016001_2007_12980_7200.000000.nc,mooring deployment,SL2016001,Jim Hamilton,12980,"MV Service Leader, , ",MicroCat,"MicroCat,model number SBE37-SM V3.1,serial number 12980",SBE37-SM V3.1,26.000000,2007,'Strait of Canso Real Time Observatory Project','Strait of Canso Real Time Observatory Project',SDN:L22::TOOL1456,2007.0,45.651267,-61.4257,2017-04-28T22:00:00Z,21.0,20.053,29.6267,NaN,-0.9816,23.799682315361565,-0.981944197000634
MCTD_SL2016001_2007_12980_7200.000000.nc,mooring deployment,SL2016001,Jim Hamilton,12980,"MV Service Leader, , ",MicroCat,"MicroCat,model number SBE37-SM V3.1,serial number 12980",SBE37-SM V3.1,26.000000,2007,'Strait of Canso Real Time Observatory Project','Strait of Canso Real Time Observatory Project',SDN:L22::TOOL1456,2007.0,45.651267,-61.4257,2017-04-29T00:00:00Z,21.0,20.485,29.646,NaN,-0.8603,23.812454666796953,-0.8606745104592408
MCTD_SL2016001_2007_12980_7200.000000.nc,mooring deployment,SL2016001,Jim Hamilton,12980,"MV Service Leader, , ",MicroCat,"MicroCat,model number SBE37-SM V3.1,serial number 12980",SBE37-SM V3.1,26.000000,2007,'Strait of Canso Real Time Observatory Project','Strait of Canso Real Time Observatory Project',SDN:L22::TOOL1456,2007.0,45.651267,-61.4257,2017-04-29T02:00:00Z,21.0,20.918,29.6197,NaN,-0.7825,23.78923539331288,-0.7828958735015933
MCTD_SL2016001_2007_12980_7200.000000.nc,mooring deployment,SL2016001,Jim Hamilton,12980,"MV Service Leader, , ",MicroCat,"MicroCat,model number SBE37-SM V3.1,serial number 12980",SBE37-SM V3.1,26.000000,2007,'Strait of Canso Real Time Observatory Project','Strait of Canso Real Time Observatory Project',SDN:L22::TOOL1456,2007.0,45.651267,-61.4257,2017-04-29T04:00:00Z,21.0,21.128,29.0622,NaN,-0.4737,23.330281701095146,-0.47413500198752545
MCTD_SL2016001_2007_12980_7200.000000.nc,mooring deployment,SL2016001,Jim Hamilton,12980,"MV Service Leader, , ",MicroCat,"MicroCat,model number SBE37-SM V3.1,serial number 12980",SBE37-SM V3.1,26.000000,2007,'Strait of Canso Real Time Observatory Project','Strait of Canso Real Time Observatory Project',SDN:L22::TOOL1456,2007.0,45.651267,-61.4257,2017-04-29T06:00:00Z,21.0,20.934,28.789,NaN,0.2272,23.086996840894358,0.22665087406012327
MCTD_SL2016001_2007_12980_7200.000000.nc,mooring deployment,SL2016001,Jim Hamilton,12980,"MV Service Leader, , ",MicroCat,"MicroCat,model number SBE37-SM V3.1,serial number 12980",SBE37-SM V3.1,26.000000,2007,'Strait of Canso Real Time Observatory Project','Strait of Canso Real Time Observatory Project',SDN:L22::TOOL1456,2007.0,45.651267,-61.4257,2017-04-29T08:00:00Z,21.0,20.575,28.9469,NaN,-0.2946,23.231944572665725,-0.29505149883249704
MCTD_SL2016001_2007_12980_7200.000000.nc,mooring deployment,SL2016001,Jim Hamilton,12980,"MV Service Leader, , ",MicroCat,"MicroCat,model number SBE37-SM V3.1,serial number 12980",SBE37-SM V3.1,26.000000,2007,'Strait of Canso Real Time Observatory Project','Strait of Canso Real Time Observatory Project',SDN:L22::TOOL1456,2007.0,45.651267,-61.4257,2017-04-29T10:00:00Z,21.0,20.559,29.2445,NaN,-0.7104,23.483938874410796,-0.7107873016405545
MCTD_SL2016001_2007_12980_7200.000000.nc,mooring deployment,SL2016001,Jim Hamilton,12980,"MV Service Leader, , ",MicroCat,"MicroCat,model number SBE37-SM V3.1,serial number 12980",SBE37-SM V3.1,26.000000,2007,'Strait of Canso Real Time Observatory Project','Strait of Canso Real Time Observatory Project',SDN:L22::TOOL1456,2007.0,45.651267,-61.4257,2017-04-29T12:00:00Z,21.0,21.013,29.4749,NaN,-0.5488,23.665864998632514,-0.5492352646400345
MCTD_SL2016001_2007_12980_7200.000000.nc,mooring deployment,SL2016001,Jim Hamilton,12980,"MV Service Leader, , ",MicroCat,"MicroCat,model number SBE37-SM V3.1,serial number 12980",SBE37-SM V3.1,26.000000,2007,'Strait of Canso Real Time Observatory Project','Strait of Canso Real Time Observatory Project',SDN:L22::TOOL1456,2007.0,45.651267,-61.4257,2017-04-29T14:00:00Z,21.0,21.233,29.529,NaN,-0.6907,23.71349215556188,-0.6911154472552926
MCTD_SL2016001_2007_12980_7200.000000.nc,mooring deployment,SL2016001,Jim Hamilton,12980,"MV Service Leader, , ",MicroCat,"MicroCat,model number SBE37-SM V3.1,serial number 12980",SBE37-SM V3.1,26.000000,2007,'Strait of Canso Real Time Observatory Project','Strait of Canso Real Time Observatory Project',SDN:L22::TOOL1456,2007.0,45.651267,-61.4257,2017-04-29T16:00:00Z,21.0,21.098,29.5133,NaN,-0.803,23.70367364755748,-0.803391165258004
MCTD_SL2016001_2007_12980_7200.000000.nc,mooring deployment,SL2016001,Jim Hamilton,12980,"MV Service Leader, , ",MicroCat,"MicroCat,model number SBE37-SM V3.1,serial number 12980",SBE37-SM V3.1,26.000000,2007,'Strait of Canso Real Time Observatory Project','Strait of Canso Real Time Observatory Project',SDN:L22::TOOL1456,2007.0,45.651267,-61.4257,2017-04-29T18:00:00Z,21.0,20.679,29.5634,NaN,-0.7543,23.74297215656486,-0.7546942245432364
MCTD_SL2016001_2007_12980_7200.000000.nc,mooring deployment,SL2016001,Jim Hamilton,12980,"MV Service Leader, , ",MicroCat,"MicroCat,model number SBE37-SM V3.1,serial number 12980",SBE37-SM V3.1,26.000000,2007,'Strait of Canso Real Time Observatory Project','Strait of Canso Real Time Observatory Project',SDN:L22::TOOL1456,2007.0,45.651267,-61.4257,2017-04-29T20:00:00Z,21.0,20.047,29.5664,NaN,-0.8136,23.74689635681159,-0.8139716382217788
MCTD_SL2016001_2007_12980_7200.000000.nc,mooring deployment,SL2016001,Jim Hamilton,12980,"MV Service Leader, , ",MicroCat,"MicroCat,model number SBE37-SM V3.1,serial number 12980",SBE37-SM V3.1,26.000000,2007,'Strait of Canso Real Time Observatory Project','Strait of Canso Real Time Observatory Project',SDN:L22::TOOL1456,2007.0,45.651267,-61.4257,2017-04-29T22:00:00Z,21.0,19.73,29.6071,NaN,-0.9174,23.782337995755597,-0.9177490879337716
MCTD_SL2016001_2007_12980_7200.000000.nc,mooring deployment,SL2016001,Jim Hamilton,12980,"MV Service Leader, , ",MicroCat,"MicroCat,model number SBE37-SM V3.1,serial number 12980",SBE37-SM V3.1,26.000000,2007,'Strait of Canso Real Time Observatory Project','Strait of Canso Real Time Observatory Project',SDN:L22::TOOL1456,2007.0,45.651267,-61.4257,2017-04-30T00:00:00Z,21.0,20.238,29.6332,NaN,-0.8928,23.802880713232526,-0.8931636139505706
MCTD_SL2016001_2007_12980_7200.000000.nc,mooring deployment,SL2016001,Jim Hamilton,12980,"MV Service Leader, , ",MicroCat,"MicroCat,model number SBE37-SM V3.1,serial number 12980",SBE37-SM V3.1,26.000000,2007,'Strait of Canso Real Time Observatory Project','Strait of Canso Real Time Observatory Project',SDN:L22::TOOL1456,2007.0,45.651267,-61.4257,2017-04-30T02:00:00Z,21.0,20.71,29.6404,NaN,-0.9372,23.809755847467727,-0.9375643210281374
MCTD_SL2016001_2007_12980_7200.000000.nc,mooring deployment,SL2016001,Jim Hamilton,12980,"MV Service Leader, , ",MicroCat,"MicroCat,model number SBE37-SM V3.1,serial number 12980",SBE37-SM V3.1,26.000000,2007,'Strait of Canso Real Time Observatory Project','Strait of Canso Real Time Observatory Project',SDN:L22::TOOL1456,2007.0,45.651267,-61.4257,2017-04-30T04:00:00Z,21.0,21.312,29.6496,NaN,-0.8679,23.815553500851593,-0.8682885162371929
MCTD_SL2016001_2007_12980_7200.000000.nc,mooring deployment,SL2016001,Jim Hamilton,12980,"MV Service Leader, , ",MicroCat,"MicroCat,model number SBE37-SM V3.1,serial number 12980",SBE37-SM V3.1,26.000000,2007,'Strait of Canso Real Time Observatory Project','Strait of Canso Real Time Observatory Project',SDN:L22::TOOL1456,2007.0,45.651267,-61.4257,2017-04-30T06:00:00Z,21.0,21.074,29.6344,NaN,-0.8425,23.802631638353887,-0.8428882546970015
MCTD_SL2016001_2007_12980_7200.000000.nc,mooring deployment,SL2016001,Jim Hamilton,12980,"MV Service Leader, , ",MicroCat,"MicroCat,model number SBE37-SM V3.1,serial number 12980",SBE37-SM V3.1,26.000000,2007,'Strait of Canso Real Time Observatory Project','Strait of Canso Real Time Observatory Project',SDN:L22::TOOL1456,2007.0,45.651267,-61.4257,2017-04-30T08:00:00Z,21.0,20.967,29.6134,NaN,-0.8396,23.785567695786085,-0.8399859515971861
MCTD_SL2016001_2007_12980_7200.000000.nc,mooring deployment,SL2016001,Jim Hamilton,12980,"MV Service Leader, , ",MicroCat,"MicroCat,model number SBE37-SM V3.1,serial number 12980",SBE37-SM V3.1,26.000000,2007,'Strait of Canso Real Time Observatory Project','Strait of Canso Real Time Observatory Project',SDN:L22::TOOL1456,2007.0,45.651267,-61.4257,2017-04-30T10:00:00Z,21.0,20.88,29.3365,NaN,-0.7138,23.558423775614074,-0.7141964772322182
MCTD_SL2016001_2007_12980_7200.000000.nc,mooring deployment,SL2016001,Jim Hamilton,12980,"MV Service Leader, , ",MicroCat,"MicroCat,model number SBE37-SM V3.1,serial number 12980",SBE37-SM V3.1,26.000000,2007,'Strait of Canso Real Time Observatory Project','Strait of Canso Real Time Observatory Project',SDN:L22::TOOL1456,2007.0,45.651267,-61.4257,2017-04-30T12:00:00Z,21.0,21.236,27.7622,NaN,4.9639,21.94630755029982,4.962530213512148
MCTD_SL2016001_2007_12980_7200.000000.nc,mooring deployment,SL2016001,Jim Hamilton,12980,"MV Service Leader, , ",MicroCat,"MicroCat,model number SBE37-SM V3.1,serial number 12980",SBE37-SM V3.1,26.000000,2007,'Strait of Canso Real Time Observatory Project','Strait of Canso Real Time Observatory Project',SDN:L22::TOOL1456,2007.0,45.651267,-61.4257,2017-04-30T14:00:00Z,21.0,21.56,27.5904,NaN,5.4045,21.76663208810089,5.403037808570893
MCTD_SL2016001_2007_12980_7200.000000.nc,mooring deployment,SL2016001,Jim Hamilton,12980,"MV Service Leader, , ",MicroCat,"MicroCat,model number SBE37-SM V3.1,serial number 12980",SBE37-SM V3.1,26.000000,2007,'Strait of Canso Real Time Observatory Project','Strait of Canso Real Time Observatory Project',SDN:L22::TOOL1456,2007.0,45.651267,-61.4257,2017-04-30T16:00:00Z,21.0,21.521,27.5722,NaN,5.6869,21.722975892829822,5.685391662635969
MCTD_SL2016001_2007_12980_7200.000000.nc,mooring deployment,SL2016001,Jim Hamilton,12980,"MV Service Leader, , ",MicroCat,"MicroCat,model number SBE37-SM V3.1,serial number 12980",SBE37-SM V3.1,26.000000,2007,'Strait of Canso Real Time Observatory Project','Strait of Canso Real Time Observatory Project',SDN:L22::TOOL1456,2007.0,45.651267,-61.4257,2017-04-30T18:00:00Z,21.0,21.203,27.6209,NaN,5.4626,21.784774282406374,5.461150967198172
MCTD_SL2016001_2007_12980_7200.000000.nc,mooring deployment,SL2016001,Jim Hamilton,12980,"MV Service Leader, , ",MicroCat,"MicroCat,model number SBE37-SM V3.1,serial number 12980",SBE37-SM V3.1,26.000000,2007,'Strait of Canso Real Time Observatory Project','Strait of Canso Real Time Observatory Project',SDN:L22::TOOL1456,2007.0,45.651267,-61.4257,2017-04-30T20:00:00Z,21.0,20.61,27.6085,NaN,5.5925,21.76152436769371,5.591070226953345
MCTD_SL2016001_2007_12980_7200.000000.nc,mooring deployment,SL2016001,Jim Hamilton,12980,"MV Service Leader, , ",MicroCat,"MicroCat,model number SBE37-SM V3.1,serial number 12980",SBE37-SM V3.1,26.000000,2007,'Strait of Canso Real Time Observatory Project','Strait of Canso Real Time Observatory Project',SDN:L22::TOOL1456,2007.0,45.651267,-61.4257,2017-04-30T22:00:00Z,21.0,19.961,27.6227,NaN,5.5406,21.77813207658221,5.539223305212514
MCTD_SL2016001_2007_12980_7200.000000.nc,mooring deployment,SL2016001,Jim Hamilton,12980,"MV Service Leader, , ",MicroCat,"MicroCat,model number SBE37-SM V3.1,serial number 12980",SBE37-SM V3.1,26.000000,2007,'Strait of Canso Real Time Observatory Project','Strait of Canso Real Time Observatory Project',SDN:L22::TOOL1456,2007.0,45.651267,-61.4257,2017-05-01T00:00:00Z,21.0,20.138,27.6554,NaN,5.3304,21.82551176932077,5.329044460734531
MCTD_SL2016001_2007_12980_7200.000000.nc,mooring deployment,SL2016001,Jim Hamilton,12980,"MV Service Leader, , ",MicroCat,"MicroCat,model number SBE37-SM V3.1,serial number 12980",SBE37-SM V3.1,26.000000,2007,'Strait of Canso Real Time Observatory Project','Strait of Canso Real Time Observatory Project',SDN:L22::TOOL1456,2007.0,45.651267,-61.4257,2017-05-01T02:00:00Z,21.0,20.528,27.6681,NaN,5.2829,21.84034815688358,5.281525669148231
MCTD_SL2016001_2007_12980_7200.000000.nc,mooring deployment,SL2016001,Jim Hamilton,12980,"MV Service Leader, , ",MicroCat,"MicroCat,model number SBE37-SM V3.1,serial number 12980",SBE37-SM V3.1,26.000000,2007,'Strait of Canso Real Time Observatory Project','Strait of Canso Real Time Observatory Project',SDN:L22::TOOL1456,2007.0,45.651267,-61.4257,2017-05-01T04:00:00Z,21.0,20.997,27.717,NaN,4.7538,21.93062628452799,4.752483482599367
MCTD_SL2016001_2007_12980_7200.000000.nc,mooring deployment,SL2016001,Jim Hamilton,12980,"MV Service Leader, , ",MicroCat,"MicroCat,model number SBE37-SM V3.1,serial number 12980",SBE37-SM V3.1,26.000000,2007,'Strait of Canso Real Time Observatory Project','Strait of Canso Real Time Observatory Project',SDN:L22::TOOL1456,2007.0,45.651267,-61.4257,2017-05-01T06:00:00Z,21.0,21.2,28.5467,NaN,3.1062,22.72964947714331,3.105130407384018
MCTD_SL2016001_2007_12980_7200.000000.nc,mooring deployment,SL2016001,Jim Hamilton,12980,"MV Service Leader, , ",MicroCat,"MicroCat,model number SBE37-SM V3.1,serial number 12980",SBE37-SM V3.1,26.000000,2007,'Strait of Canso Real Time Observatory Project','Strait of Canso Real Time Observatory Project',SDN:L22::TOOL1456,2007.0,45.651267,-61.4257,2017-05-01T08:00:00Z,21.0,21.044,29.1494,NaN,0.745,23.3555373952496,0.7443388956552054
MCTD_SL2016001_2007_12980_7200.000000.nc,mooring deployment,SL2016001,Jim Hamilton,12980,"MV Service Leader, , ",MicroCat,"MicroCat,model number SBE37-SM V3.1,serial number 12980",SBE37-SM V3.1,26.000000,2007,'Strait of Canso Real Time Observatory Project','Strait of Canso Real Time Observatory Project',SDN:L22::TOOL1456,2007.0,45.651267,-61.4257,2017-05-01T10:00:00Z,21.0,20.828,28.9202,NaN,1.5888,23.128436562101797,1.5880031249722932
MCTD_SL2016001_2007_12980_7200.000000.nc,mooring deployment,SL2016001,Jim Hamilton,12980,"MV Service Leader, , ",MicroCat,"MicroCat,model number SBE37-SM V3.1,serial number 12980",SBE37-SM V3.1,26.000000,2007,'Strait of Canso Real Time Observatory Project','Strait of Canso Real Time Observatory Project',SDN:L22::TOOL1456,2007.0,45.651267,-61.4257,2017-05-01T12:00:00Z,21.0,21.007,28.0915,NaN,4.5897,22.242648505394982,4.588397880904997
MCTD_SL2016001_2007_12980_7200.000000.nc,mooring deployment,SL2016001,Jim Hamilton,12980,"MV Service Leader, , ",MicroCat,"MicroCat,model number SBE37-SM V3.1,serial number 12980",SBE37-SM V3.1,26.000000,2007,'Strait of Canso Real Time Observatory Project','Strait of Canso Real Time Observatory Project',SDN:L22::TOOL1456,2007.0,45.651267,-61.4257,2017-05-01T14:00:00Z,21.0,21.362,27.9128,NaN,4.4386,22.114936578485867,4.437308897650779
MCTD_SL2016001_2007_12980_7200.000000.nc,mooring deployment,SL2016001,Jim Hamilton,12980,"MV Service Leader, , ",MicroCat,"MicroCat,model number SBE37-SM V3.1,serial number 12980",SBE37-SM V3.1,26.000000,2007,'Strait of Canso Real Time Observatory Project','Strait of Canso Real Time Observatory Project',SDN:L22::TOOL1456,2007.0,45.651267,-61.4257,2017-05-01T16:00:00Z,21.0,21.482,27.8581,NaN,4.5084,22.065212464833735,4.507091256492383
MCTD_SL2016001_2007_12980_7200.000000.nc,mooring deployment,SL2016001,Jim Hamilton,12980,"MV Service Leader, , ",MicroCat,"MicroCat,model number SBE37-SM V3.1,serial number 12980",SBE37-SM V3.1,26.000000,2007,'Strait of Canso Real Time Observatory Project','Strait of Canso Real Time Observatory Project',SDN:L22::TOOL1456,2007.0,45.651267,-61.4257,2017-05-01T18:00:00Z,21.0,21.248,27.8151,NaN,4.9202,21.992399534713513,4.918835158067597
MCTD_SL2016001_2007_12980_7200.000000.nc,mooring deployment,SL2016001,Jim Hamilton,12980,"MV Service Leader, , ",MicroCat,"MicroCat,model number SBE37-SM V3.1,serial number 12980",SBE37-SM V3.1,26.000000,2007,'Strait of Canso Real Time Observatory Project','Strait of Canso Real Time Observatory Project',SDN:L22::TOOL1456,2007.0,45.651267,-61.4257,2017-05-01T20:00:00Z,21.0,20.761,27.8132,NaN,4.8854,21.994247753711306,4.88407251106916
MCTD_SL2016001_2007_12980_7200.000000.nc,mooring deployment,SL2016001,Jim Hamilton,12980,"MV Service Leader, , ",MicroCat,"MicroCat,model number SBE37-SM V3.1,serial number 12980",SBE37-SM V3.1,26.000000,2007,'Strait of Canso Real Time Observatory Project','Strait of Canso Real Time Observatory Project',SDN:L22::TOOL1456,2007.0,45.651267,-61.4257,2017-05-01T22:00:00Z,21.0,20.149,27.7356,NaN,4.9552,21.926096527984896,4.95390283897551
MCTD_SL2016001_2007_12980_7200.000000.nc,mooring deployment,SL2016001,Jim Hamilton,12980,"MV Service Leader, , ",MicroCat,"MicroCat,model number SBE37-SM V3.1,serial number 12980",SBE37-SM V3.1,26.000000,2007,'Strait of Canso Real Time Observatory Project','Strait of Canso Real Time Observatory Project',SDN:L22::TOOL1456,2007.0,45.651267,-61.4257,2017-05-02T00:00:00Z,21.0,20.033,27.7388,NaN,4.9546,21.928685977345935,4.953310315937467
MCTD_SL2016001_2007_12980_7200.000000.nc,mooring deployment,SL2016001,Jim Hamilton,12980,"MV Service Leader, , ",MicroCat,"MicroCat,model number SBE37-SM V3.1,serial number 12980",SBE37-SM V3.1,26.000000,2007,'Strait of Canso Real Time Observatory Project','Strait of Canso Real Time Observatory Project',SDN:L22::TOOL1456,2007.0,45.651267,-61.4257,2017-05-02T02:00:00Z,21.0,20.231,27.8613,NaN,4.8038,22.04013306726688,4.802518392002069
MCTD_SL2016001_2007_12980_7200.000000.nc,mooring deployment,SL2016001,Jim Hamilton,12980,"MV Service Leader, , ",MicroCat,"MicroCat,model number SBE37-SM V3.1,serial number 12980",SBE37-SM V3.1,26.000000,2007,'Strait of Canso Real Time Observatory Project','Strait of Canso Real Time Observatory Project',SDN:L22::TOOL1456,2007.0,45.651267,-61.4257,2017-05-02T04:00:00Z,21.0,20.616,27.9708,NaN,4.0435,22.195894384030225,4.0423194549992285
MCTD_SL2016001_2007_12980_7200.000000.nc,mooring deployment,SL2016001,Jim Hamilton,12980,"MV Service Leader, , ",MicroCat,"MicroCat,model number SBE37-SM V3.1,serial number 12980",SBE37-SM V3.1,26.000000,2007,'Strait of Canso Real Time Observatory Project','Strait of Canso Real Time Observatory Project',SDN:L22::TOOL1456,2007.0,45.651267,-61.4257,2017-05-02T06:00:00Z,21.0,20.983,28.41,NaN,3.8849,22.558250661056263,3.883710102477215
MCTD_SL2016001_2007_12980_7200.000000.nc,mooring deployment,SL2016001,Jim Hamilton,12980,"MV Service Leader, , ",MicroCat,"MicroCat,model number SBE37-SM V3.1,serial number 12980",SBE37-SM V3.1,26.000000,2007,'Strait of Canso Real Time Observatory Project','Strait of Canso Real Time Observatory Project',SDN:L22::TOOL1456,2007.0,45.651267,-61.4257,2017-05-02T08:00:00Z,21.0,20.893,28.7899,NaN,1.6454,23.020837143903123,1.6445954627266224
MCTD_SL2016001_2007_12980_7200.000000.nc,mooring deployment,SL2016001,Jim Hamilton,12980,"MV Service Leader, , ",MicroCat,"MicroCat,model number SBE37-SM V3.1,serial number 12980",SBE37-SM V3.1,26.000000,2007,'Strait of Canso Real Time Observatory Project','Strait of Canso Real Time Observatory Project',SDN:L22::TOOL1456,2007.0,45.651267,-61.4257,2017-05-02T10:00:00Z,21.0,20.652,29.0018,NaN,0.8368,23.232673586833812,0.8361405267025045
MCTD_SL2016001_2007_12980_7200.000000.nc,mooring deployment,SL2016001,Jim Hamilton,12980,"MV Service Leader, , ",MicroCat,"MicroCat,model number SBE37-SM V3.1,serial number 12980",SBE37-SM V3.1,26.000000,2007,'Strait of Canso Real Time Observatory Project','Strait of Canso Real Time Observatory Project',SDN:L22::TOOL1456,2007.0,45.651267,-61.4257,2017-05-02T12:00:00Z,21.0,20.562,29.0906,NaN,0.2987,23.327174894736117,0.29813619634895167
