project,platform_name,platform_id,chief_scientist,cruise_name,cruise_number,geographic_area,station,id,event_number,profile_direction,latitude,longitude,time,profile_start_time,profile_end_time,measurement_time,depth,PRESPR01,PSLTZZ01,PSALST01,TEMPPR01,CNDCST01,DOXYZZ01,DOXYZZ02,CPHLPR01,OPTCPS01,ScanNumber
,,,,,,,,,,,degrees_north,degrees_east,UTC,UTC,UTC,UTC,m,decibar,1e-3,1e-3,degree Celsius,S/m,ml/L,ml/L,mg/m^3,%,1
,M. Perley,9656151,Ryan Stanley,"Eastern Shore Water, St Anns Bank",PER2023767,"ScotiaFundy-6 ",,CTD_PER2023767_767A019_1_DN,NaN,downward,45.9963,-59.207,2023-08-16T13:19:34Z,2023-08-16T13:19:34Z,2023-08-16T13:25:52Z,2023-08-16T13:21:31Z,5.9506707,6.0,28.5497,28.5497,19.1399,3.920343,9.23777,6.2837,5.9735,NaN,472
,M. Perley,9656151,Ryan Stanley,"Eastern Shore Water, St Anns Bank",PER2023767,"ScotiaFundy-6 ",,CTD_PER2023767_767A019_1_DN,NaN,downward,45.9963,-59.207,2023-08-16T13:19:34Z,2023-08-16T13:19:34Z,2023-08-16T13:25:52Z,2023-08-16T13:21:36Z,7.9341893,8.0,28.5522,28.5522,19.1297,3.919871,9.23823,6.291,7.1459,NaN,491
,M. Perley,9656151,Ryan Stanley,"Eastern Shore Water, St Anns Bank",PER2023767,"ScotiaFundy-6 ",,CTD_PER2023767_767A019_1_DN,NaN,downward,45.9963,-59.207,2023-08-16T13:19:34Z,2023-08-16T13:19:34Z,2023-08-16T13:25:52Z,2023-08-16T13:21:40Z,9.917688,10.0,28.5454,28.5454,19.1245,3.918646,9.23903,6.2997,9.0546,NaN,508
,M. Perley,9656151,Ryan Stanley,"Eastern Shore Water, St Anns Bank",PER2023767,"ScotiaFundy-6 ",,CTD_PER2023767_767A019_1_DN,NaN,downward,45.9963,-59.207,2023-08-16T13:19:34Z,2023-08-16T13:19:34Z,2023-08-16T13:25:52Z,2023-08-16T13:21:45Z,11.901168,12.0,28.579,28.579,18.9843,3.911023,9.23799,6.3078,9.9476,NaN,528
,M. Perley,9656151,Ryan Stanley,"Eastern Shore Water, St Anns Bank",PER2023767,"ScotiaFundy-6 ",,CTD_PER2023767_767A019_1_DN,NaN,downward,45.9963,-59.207,2023-08-16T13:19:34Z,2023-08-16T13:19:34Z,2023-08-16T13:25:52Z,2023-08-16T13:21:51Z,13.884629,14.0,28.6701,28.6701,18.7885,3.905703,9.23387,6.34,10.5381,NaN,549
,M. Perley,9656151,Ryan Stanley,"Eastern Shore Water, St Anns Bank",PER2023767,"ScotiaFundy-6 ",,CTD_PER2023767_767A019_1_DN,NaN,downward,45.9963,-59.207,2023-08-16T13:19:34Z,2023-08-16T13:19:34Z,2023-08-16T13:25:52Z,2023-08-16T13:21:56Z,15.868071,16.0,28.8366,28.8366,18.4946,3.901117,9.22487,6.3992,10.924,NaN,571
,M. Perley,9656151,Ryan Stanley,"Eastern Shore Water, St Anns Bank",PER2023767,"ScotiaFundy-6 ",,CTD_PER2023767_767A019_1_DN,NaN,downward,45.9963,-59.207,2023-08-16T13:19:34Z,2023-08-16T13:19:34Z,2023-08-16T13:25:52Z,2023-08-16T13:22:01Z,17.851492,18.0,28.7292,28.7292,18.3321,3.874409,9.23228,6.4342,15.8418,NaN,590
,M. Perley,9656151,Ryan Stanley,"Eastern Shore Water, St Anns Bank",PER2023767,"ScotiaFundy-6 ",,CTD_PER2023767_767A019_1_DN,NaN,downward,45.9963,-59.207,2023-08-16T13:19:34Z,2023-08-16T13:19:34Z,2023-08-16T13:25:52Z,2023-08-16T13:25:52Z,25.784988,26.0,31.0031,31.0031,7.8766,3.237218,8.83294,8.0982,12.5152,NaN,1513
,M. Perley,9656151,Ryan Stanley,"Eastern Shore Water, St Anns Bank",PER2023767,"ScotiaFundy-6 ",,CTD_PER2023767_767A019_1_UP,NaN,upward,45.9963,-59.207,2023-08-16T13:19:34Z,2023-08-16T13:19:34Z,2023-08-16T13:27:30Z,2023-08-16T13:25:55Z,23.801643,24.0,31.0043,31.0043,8.0341,3.250458,8.83146,8.1435,12.7553,NaN,1526
,M. Perley,9656151,Ryan Stanley,"Eastern Shore Water, St Anns Bank",PER2023767,"ScotiaFundy-6 ",,CTD_PER2023767_767A019_1_UP,NaN,upward,45.9963,-59.207,2023-08-16T13:19:34Z,2023-08-16T13:19:34Z,2023-08-16T13:27:30Z,2023-08-16T13:25:59Z,21.81828,22.0,30.8629,30.8629,8.4022,3.267767,8.84187,8.2395,13.3519,NaN,1544
,M. Perley,9656151,Ryan Stanley,"Eastern Shore Water, St Anns Bank",PER2023767,"ScotiaFundy-6 ",,CTD_PER2023767_767A019_1_UP,NaN,upward,45.9963,-59.207,2023-08-16T13:19:34Z,2023-08-16T13:19:34Z,2023-08-16T13:27:30Z,2023-08-16T13:26:05Z,19.834896,20.0,30.9253,30.9253,8.7183,3.300182,8.66367,7.8254,12.7589,NaN,1565
,M. Perley,9656151,Ryan Stanley,"Eastern Shore Water, St Anns Bank",PER2023767,"ScotiaFundy-6 ",,CTD_PER2023767_767A019_1_UP,NaN,upward,45.9963,-59.207,2023-08-16T13:19:34Z,2023-08-16T13:19:34Z,2023-08-16T13:27:30Z,2023-08-16T13:26:44Z,11.901168,12.0,28.8924,28.8924,17.2487,3.801867,8.44291,6.555,8.6885,NaN,1724
,M. Perley,9656151,Ryan Stanley,"Eastern Shore Water, St Anns Bank",PER2023767,"ScotiaFundy-6 ",,CTD_PER2023767_767A019_1_UP,NaN,upward,45.9963,-59.207,2023-08-16T13:19:34Z,2023-08-16T13:19:34Z,2023-08-16T13:27:30Z,2023-08-16T13:26:48Z,9.917688,10.0,28.5979,28.5979,18.0427,3.833878,8.45343,6.467,8.0068,NaN,1740
,M. Perley,9656151,Ryan Stanley,"Eastern Shore Water, St Anns Bank",PER2023767,"ScotiaFundy-6 ",,CTD_PER2023767_767A019_1_UP,NaN,upward,45.9963,-59.207,2023-08-16T13:19:34Z,2023-08-16T13:19:34Z,2023-08-16T13:27:30Z,2023-08-16T13:26:52Z,7.9341893,8.0,28.4202,28.4202,18.6932,3.866832,8.46651,6.3875,6.942,NaN,1757
,M. Perley,9656151,Ryan Stanley,"Eastern Shore Water, St Anns Bank",PER2023767,"ScotiaFundy-6 ",,CTD_PER2023767_767A019_1_UP,NaN,upward,45.9963,-59.207,2023-08-16T13:19:34Z,2023-08-16T13:19:34Z,2023-08-16T13:27:30Z,2023-08-16T13:26:58Z,5.9506707,6.0,28.5417,28.5417,18.5722,3.871426,8.4557,6.4189,5.6412,NaN,1777
,M. Perley,9656151,Ryan Stanley,"Eastern Shore Water, St Anns Bank",PER2023767,"ScotiaFundy-6 ",,CTD_PER2023767_767A019_1_UP,NaN,upward,45.9963,-59.207,2023-08-16T13:19:34Z,2023-08-16T13:19:34Z,2023-08-16T13:27:30Z,2023-08-16T13:27:30Z,1.9835762,2.0,28.4798,28.4798,18.882,3.889788,8.52178,6.0391,3.9893,NaN,1907
,M. Perley,9656151,Ryan Stanley,"Eastern Shore Water, St Anns Bank",PER2023767,"ScotiaFundy-5 ",,CTD_PER2023767_767A020_1_DN,NaN,downward,45.0098,-59.1974,2023-08-16T13:49:31Z,2023-08-16T13:49:31Z,2023-08-16T13:57:35Z,2023-08-16T13:50:44Z,1.9837568,2.0,27.7247,27.7247,18.9486,3.802361,6.34431,5.5832,3.6889,NaN,293
,M. Perley,9656151,Ryan Stanley,"Eastern Shore Water, St Anns Bank",PER2023767,"ScotiaFundy-5 ",,CTD_PER2023767_767A020_1_DN,NaN,downward,45.0098,-59.1974,2023-08-16T13:49:31Z,2023-08-16T13:49:31Z,2023-08-16T13:57:35Z,2023-08-16T13:52:09Z,5.9512124,6.0,28.533,28.533,19.2097,3.924175,7.65897,5.9382,4.8765,NaN,636
,M. Perley,9656151,Ryan Stanley,"Eastern Shore Water, St Anns Bank",PER2023767,"ScotiaFundy-5 ",,CTD_PER2023767_767A020_1_DN,NaN,downward,45.0098,-59.1974,2023-08-16T13:49:31Z,2023-08-16T13:49:31Z,2023-08-16T13:57:35Z,2023-08-16T13:52:14Z,7.9349117,8.0,28.537,28.537,19.2051,3.924366,7.65926,6.0245,5.9593,NaN,656
,M. Perley,9656151,Ryan Stanley,"Eastern Shore Water, St Anns Bank",PER2023767,"ScotiaFundy-5 ",,CTD_PER2023767_767A020_1_DN,NaN,downward,45.0098,-59.1974,2023-08-16T13:49:31Z,2023-08-16T13:49:31Z,2023-08-16T13:57:35Z,2023-08-16T13:52:32Z,13.885893,14.0,28.6018,28.6018,18.9508,3.911096,8.51184,6.2053,10.6359,NaN,726
,M. Perley,9656151,Ryan Stanley,"Eastern Shore Water, St Anns Bank",PER2023767,"ScotiaFundy-5 ",,CTD_PER2023767_767A020_1_DN,NaN,downward,45.0098,-59.1974,2023-08-16T13:49:31Z,2023-08-16T13:49:31Z,2023-08-16T13:57:35Z,2023-08-16T13:52:36Z,15.869514,16.0,28.6578,28.6578,18.7498,3.900984,8.50953,6.2175,10.9967,NaN,742
,M. Perley,9656151,Ryan Stanley,"Eastern Shore Water, St Anns Bank",PER2023767,"ScotiaFundy-5 ",,CTD_PER2023767_767A020_1_DN,NaN,downward,45.0098,-59.1974,2023-08-16T13:49:31Z,2023-08-16T13:49:31Z,2023-08-16T13:57:35Z,2023-08-16T13:53:21Z,31.737797,32.0,31.9434,31.9434,5.5777,3.130541,7.77494,8.0851,8.507,NaN,924
,M. Perley,9656151,Ryan Stanley,"Eastern Shore Water, St Anns Bank",PER2023767,"ScotiaFundy-5 ",,CTD_PER2023767_767A020_1_DN,NaN,downward,45.0098,-59.1974,2023-08-16T13:49:31Z,2023-08-16T13:49:31Z,2023-08-16T13:57:35Z,2023-08-16T13:53:34Z,35.704674,36.0,32.0151,32.0151,4.3828,3.03694,7.81787,8.0048,5.1704,NaN,976
,M. Perley,9656151,Ryan Stanley,"Eastern Shore Water, St Anns Bank",PER2023767,"ScotiaFundy-5 ",,CTD_PER2023767_767A020_1_DN,NaN,downward,45.0098,-59.1974,2023-08-16T13:49:31Z,2023-08-16T13:49:31Z,2023-08-16T13:57:35Z,2023-08-16T13:57:35Z,49.588142,50.0,31.8715,31.8715,2.6657,2.883835,7.6397,8.0095,2.6717,NaN,1938
,M. Perley,9656151,Ryan Stanley,"Eastern Shore Water, St Anns Bank",PER2023767,"ScotiaFundy-5 ",,CTD_PER2023767_767A020_1_UP,NaN,upward,45.0098,-59.1974,2023-08-16T13:49:31Z,2023-08-16T13:49:31Z,2023-08-16T13:59:59Z,2023-08-16T13:57:37Z,47.604847,48.0,31.8757,31.8757,2.6651,2.884076,7.63875,8.0022,3.1059,NaN,1946
,M. Perley,9656151,Ryan Stanley,"Eastern Shore Water, St Anns Bank",PER2023767,"ScotiaFundy-5 ",,CTD_PER2023767_767A020_1_UP,NaN,upward,45.0098,-59.1974,2023-08-16T13:49:31Z,2023-08-16T13:49:31Z,2023-08-16T13:59:59Z,2023-08-16T13:57:44Z,45.621532,46.0,31.8737,31.8737,2.6633,2.883668,7.6387,8.0067,2.8075,NaN,1973
,M. Perley,9656151,Ryan Stanley,"Eastern Shore Water, St Anns Bank",PER2023767,"ScotiaFundy-5 ",,CTD_PER2023767_767A020_1_UP,NaN,upward,45.0098,-59.1974,2023-08-16T13:49:31Z,2023-08-16T13:49:31Z,2023-08-16T13:59:59Z,2023-08-16T13:57:49Z,43.6382,44.0,31.8731,31.8731,2.6652,2.883693,7.63823,8.0167,2.8627,NaN,1996
,M. Perley,9656151,Ryan Stanley,"Eastern Shore Water, St Anns Bank",PER2023767,"ScotiaFundy-5 ",,CTD_PER2023767_767A020_1_UP,NaN,upward,45.0098,-59.1974,2023-08-16T13:49:31Z,2023-08-16T13:49:31Z,2023-08-16T13:59:59Z,2023-08-16T13:58:03Z,39.671474,40.0,31.9218,31.9218,2.7186,2.891836,7.58263,8.4029,3.7729,NaN,2053
,M. Perley,9656151,Ryan Stanley,"Eastern Shore Water, St Anns Bank",PER2023767,"ScotiaFundy-5 ",,CTD_PER2023767_767A020_1_UP,NaN,upward,45.0098,-59.1974,2023-08-16T13:49:31Z,2023-08-16T13:49:31Z,2023-08-16T13:59:59Z,2023-08-16T13:58:06Z,37.688084,38.0,31.7398,31.7398,2.8376,2.88656,7.59961,8.424,4.101,NaN,2061
,M. Perley,9656151,Ryan Stanley,"Eastern Shore Water, St Anns Bank",PER2023767,"ScotiaFundy-5 ",,CTD_PER2023767_767A020_1_UP,NaN,upward,45.0098,-59.1974,2023-08-16T13:49:31Z,2023-08-16T13:49:31Z,2023-08-16T13:59:59Z,2023-08-16T13:58:12Z,35.704674,36.0,31.707,31.707,3.1433,2.908647,7.59297,8.4375,4.5722,NaN,2088
,M. Perley,9656151,Ryan Stanley,"Eastern Shore Water, St Anns Bank",PER2023767,"ScotiaFundy-5 ",,CTD_PER2023767_767A020_1_UP,NaN,upward,45.0098,-59.1974,2023-08-16T13:49:31Z,2023-08-16T13:49:31Z,2023-08-16T13:59:59Z,2023-08-16T13:59:01Z,23.80381,24.0,30.9683,30.9683,6.8211,3.146035,7.4487,8.5223,14.6336,NaN,2282
,M. Perley,9656151,Ryan Stanley,"Eastern Shore Water, St Anns Bank",PER2023767,"ScotiaFundy-5 ",,CTD_PER2023767_767A020_1_UP,NaN,upward,45.0098,-59.1974,2023-08-16T13:49:31Z,2023-08-16T13:49:31Z,2023-08-16T13:59:59Z,2023-08-16T13:59:03Z,21.820265,22.0,30.9982,30.9982,6.9139,3.156404,7.44861,8.4533,18.0486,NaN,2290
,M. Perley,9656151,Ryan Stanley,"Eastern Shore Water, St Anns Bank",PER2023767,"ScotiaFundy-5 ",,CTD_PER2023767_767A020_1_UP,NaN,upward,45.0098,-59.1974,2023-08-16T13:49:31Z,2023-08-16T13:49:31Z,2023-08-16T13:59:59Z,2023-08-16T13:59:09Z,19.8367,20.0,30.6055,30.6055,7.8956,3.201037,7.46639,8.4123,15.8161,NaN,2315
,M. Perley,9656151,Ryan Stanley,"Eastern Shore Water, St Anns Bank",PER2023767,"ScotiaFundy-5 ",,CTD_PER2023767_767A020_1_UP,NaN,upward,45.0098,-59.1974,2023-08-16T13:49:31Z,2023-08-16T13:49:31Z,2023-08-16T13:59:59Z,2023-08-16T13:59:14Z,17.853117,18.0,30.2217,30.2217,10.6145,3.389747,7.47599,7.6355,13.6371,NaN,2336
,M. Perley,9656151,Ryan Stanley,"Eastern Shore Water, St Anns Bank",PER2023767,"ScotiaFundy-5 ",,CTD_PER2023767_767A020_1_UP,NaN,upward,45.0098,-59.1974,2023-08-16T13:49:31Z,2023-08-16T13:49:31Z,2023-08-16T13:59:59Z,2023-08-16T13:59:23Z,13.885893,14.0,28.5294,28.5294,14.3199,3.51695,7.55536,6.993,11.5354,NaN,2370
,M. Perley,9656151,Ryan Stanley,"Eastern Shore Water, St Anns Bank",PER2023767,"ScotiaFundy-5 ",,CTD_PER2023767_767A020_1_UP,NaN,upward,45.0098,-59.1974,2023-08-16T13:49:31Z,2023-08-16T13:49:31Z,2023-08-16T13:59:59Z,2023-08-16T13:59:29Z,11.902252,12.0,28.5166,28.5166,17.2999,3.761446,7.42322,6.5602,9.9514,NaN,2396
,M. Perley,9656151,Ryan Stanley,"Eastern Shore Water, St Anns Bank",PER2023767,"ScotiaFundy-5 ",,CTD_PER2023767_767A020_1_UP,NaN,upward,45.0098,-59.1974,2023-08-16T13:49:31Z,2023-08-16T13:49:31Z,2023-08-16T13:59:59Z,2023-08-16T13:59:34Z,9.9185915,10.0,28.2843,28.2843,17.4294,3.744945,7.45544,6.5776,8.6361,NaN,2415
,M. Perley,9656151,Ryan Stanley,"Eastern Shore Water, St Anns Bank",PER2023767,"ScotiaFundy-5 ",,CTD_PER2023767_767A020_1_UP,NaN,upward,45.0098,-59.1974,2023-08-16T13:49:31Z,2023-08-16T13:49:31Z,2023-08-16T13:59:59Z,2023-08-16T13:59:39Z,7.9349117,8.0,28.3474,28.3474,17.8073,3.783838,7.45276,6.52,6.6966,NaN,2435
,M. Perley,9656151,Ryan Stanley,"Eastern Shore Water, St Anns Bank",PER2023767,"ScotiaFundy-5 ",,CTD_PER2023767_767A020_1_UP,NaN,upward,45.0098,-59.1974,2023-08-16T13:49:31Z,2023-08-16T13:49:31Z,2023-08-16T13:59:59Z,2023-08-16T13:59:48Z,3.9674942,4.0,28.264,28.264,18.5519,3.835774,7.45129,6.4233,4.3352,NaN,2470
,M. Perley,9656151,Ryan Stanley,"Eastern Shore Water, St Anns Bank",PER2023767,"ScotiaFundy-5 ",,CTD_PER2023767_767A020_1_UP,NaN,upward,45.0098,-59.1974,2023-08-16T13:49:31Z,2023-08-16T13:49:31Z,2023-08-16T13:59:59Z,2023-08-16T13:59:59Z,1.9837568,2.0,28.1977,28.1977,18.5264,3.825353,7.48505,6.4587,3.9047,NaN,2513
,M. Perley,9656151,Ryan Stanley,"Eastern Shore Water, St Anns Bank",PER2023767,"ScotiaFundy-6 ",,CTD_PER2023767_767A021_1_DN,NaN,downward,45.9959,-59.2018,2023-08-16T14:19:11Z,2023-08-16T14:19:11Z,2023-08-16T14:22:33Z,2023-08-16T14:21:32Z,1.9835763,2.0,28.554,28.554,19.1541,3.921924,6.80125,5.7968,3.6162,NaN,566
,M. Perley,9656151,Ryan Stanley,"Eastern Shore Water, St Anns Bank",PER2023767,"ScotiaFundy-6 ",,CTD_PER2023767_767A021_1_DN,NaN,downward,45.9959,-59.2018,2023-08-16T14:19:11Z,2023-08-16T14:19:11Z,2023-08-16T14:22:33Z,2023-08-16T14:21:38Z,3.9671333,4.0,28.5534,28.5534,19.154,3.921919,6.80969,5.9094,4.1224,NaN,591
,M. Perley,9656151,Ryan Stanley,"Eastern Shore Water, St Anns Bank",PER2023767,"ScotiaFundy-6 ",,CTD_PER2023767_767A021_1_DN,NaN,downward,45.9959,-59.2018,2023-08-16T14:19:11Z,2023-08-16T14:19:11Z,2023-08-16T14:22:33Z,2023-08-16T14:21:43Z,5.950671,6.0,28.5533,28.5533,19.1477,3.921456,6.81126,6.0574,4.9537,NaN,613
,M. Perley,9656151,Ryan Stanley,"Eastern Shore Water, St Anns Bank",PER2023767,"ScotiaFundy-6 ",,CTD_PER2023767_767A021_1_DN,NaN,downward,45.9959,-59.2018,2023-08-16T14:19:11Z,2023-08-16T14:19:11Z,2023-08-16T14:22:33Z,2023-08-16T14:21:48Z,7.9341893,8.0,28.55,28.55,19.1431,3.92073,6.81179,6.1713,7.1991,NaN,629
,M. Perley,9656151,Ryan Stanley,"Eastern Shore Water, St Anns Bank",PER2023767,"ScotiaFundy-6 ",,CTD_PER2023767_767A021_1_DN,NaN,downward,45.9959,-59.2018,2023-08-16T14:19:11Z,2023-08-16T14:19:11Z,2023-08-16T14:22:33Z,2023-08-16T14:21:53Z,9.917688,10.0,28.5746,28.5746,19.0524,3.916161,6.81138,6.1882,7.9821,NaN,652
,M. Perley,9656151,Ryan Stanley,"Eastern Shore Water, St Anns Bank",PER2023767,"ScotiaFundy-6 ",,CTD_PER2023767_767A021_1_DN,NaN,downward,45.9959,-59.2018,2023-08-16T14:19:11Z,2023-08-16T14:19:11Z,2023-08-16T14:22:33Z,2023-08-16T14:21:58Z,11.901169,12.0,28.5954,28.5954,18.986,3.913192,6.81099,6.2064,9.3201,NaN,672
,M. Perley,9656151,Ryan Stanley,"Eastern Shore Water, St Anns Bank",PER2023767,"ScotiaFundy-6 ",,CTD_PER2023767_767A021_1_DN,NaN,downward,45.9959,-59.2018,2023-08-16T14:19:11Z,2023-08-16T14:19:11Z,2023-08-16T14:22:33Z,2023-08-16T14:22:16Z,17.851494,18.0,29.7196,29.7196,15.3889,3.740124,6.86317,7.0188,16.9383,NaN,744
,M. Perley,9656151,Ryan Stanley,"Eastern Shore Water, St Anns Bank",PER2023767,"ScotiaFundy-6 ",,CTD_PER2023767_767A021_1_DN,NaN,downward,45.9959,-59.2018,2023-08-16T14:19:11Z,2023-08-16T14:19:11Z,2023-08-16T14:22:33Z,2023-08-16T14:22:26Z,21.81828,22.0,30.8112,30.8112,10.6103,3.448786,6.8238,7.6509,18.1194,NaN,782
,M. Perley,9656151,Ryan Stanley,"Eastern Shore Water, St Anns Bank",PER2023767,"ScotiaFundy-6 ",,CTD_PER2023767_767A021_1_DN,NaN,downward,45.9959,-59.2018,2023-08-16T14:19:11Z,2023-08-16T14:19:11Z,2023-08-16T14:22:33Z,2023-08-16T14:22:33Z,23.801643,24.0,31.24,31.24,9.6575,3.411237,6.82288,7.7324,18.6732,NaN,811
,M. Perley,9656151,Ryan Stanley,"Eastern Shore Water, St Anns Bank",PER2023767,"ScotiaFundy-6 ",,CTD_PER2023767_767A021_1_UP,NaN,upward,45.9959,-59.2018,2023-08-16T14:19:11Z,2023-08-16T14:19:11Z,2023-08-16T14:26:47Z,2023-08-16T14:24:19Z,21.81828,22.0,30.9202,30.9202,9.1811,3.338926,7.87451,7.8884,15.886,NaN,1235
,M. Perley,9656151,Ryan Stanley,"Eastern Shore Water, St Anns Bank",PER2023767,"ScotiaFundy-6 ",,CTD_PER2023767_767A021_1_UP,NaN,upward,45.9959,-59.2018,2023-08-16T14:19:11Z,2023-08-16T14:19:11Z,2023-08-16T14:26:47Z,2023-08-16T14:25:50Z,19.834896,20.0,30.9283,30.9283,8.5043,3.282485,8.71675,8.1303,14.2365,NaN,1598
,M. Perley,9656151,Ryan Stanley,"Eastern Shore Water, St Anns Bank",PER2023767,"ScotiaFundy-6 ",,CTD_PER2023767_767A021_1_UP,NaN,upward,45.9959,-59.2018,2023-08-16T14:19:11Z,2023-08-16T14:19:11Z,2023-08-16T14:26:47Z,2023-08-16T14:25:55Z,17.851494,18.0,30.7893,30.7893,9.0183,3.312125,8.7221,8.0395,15.1798,NaN,1618
,M. Perley,9656151,Ryan Stanley,"Eastern Shore Water, St Anns Bank",PER2023767,"ScotiaFundy-6 ",,CTD_PER2023767_767A021_1_UP,NaN,upward,45.9959,-59.2018,2023-08-16T14:19:11Z,2023-08-16T14:19:11Z,2023-08-16T14:26:47Z,2023-08-16T14:26:00Z,15.868071,16.0,30.2539,30.2539,11.5266,3.468938,8.75136,7.3209,12.9046,NaN,1639
,M. Perley,9656151,Ryan Stanley,"Eastern Shore Water, St Anns Bank",PER2023767,"ScotiaFundy-6 ",,CTD_PER2023767_767A021_1_UP,NaN,upward,45.9959,-59.2018,2023-08-16T14:19:11Z,2023-08-16T14:19:11Z,2023-08-16T14:26:47Z,2023-08-16T14:26:16Z,11.901169,12.0,29.5229,29.5229,15.4613,3.723619,6.76754,6.7114,8.672,NaN,1702
,M. Perley,9656151,Ryan Stanley,"Eastern Shore Water, St Anns Bank",PER2023767,"ScotiaFundy-6 ",,CTD_PER2023767_767A021_1_UP,NaN,upward,45.9959,-59.2018,2023-08-16T14:19:11Z,2023-08-16T14:19:11Z,2023-08-16T14:26:47Z,2023-08-16T14:26:20Z,9.917688,10.0,28.6654,28.6654,16.7035,3.729368,6.81914,6.5875,7.505,NaN,1717
,M. Perley,9656151,Ryan Stanley,"Eastern Shore Water, St Anns Bank",PER2023767,"ScotiaFundy-6 ",,CTD_PER2023767_767A021_1_UP,NaN,upward,45.9959,-59.2018,2023-08-16T14:19:11Z,2023-08-16T14:19:11Z,2023-08-16T14:26:47Z,2023-08-16T14:26:27Z,7.9341893,8.0,28.1778,28.1778,17.1636,3.710008,6.83483,6.5476,6.0393,NaN,1745
,M. Perley,9656151,Ryan Stanley,"Eastern Shore Water, St Anns Bank",PER2023767,"ScotiaFundy-6 ",,CTD_PER2023767_767A021_1_UP,NaN,upward,45.9959,-59.2018,2023-08-16T14:19:11Z,2023-08-16T14:19:11Z,2023-08-16T14:26:47Z,2023-08-16T14:26:33Z,5.950671,6.0,28.3447,28.3447,17.3848,3.748288,6.82465,6.4951,4.7586,NaN,1773
,M. Perley,9656151,Ryan Stanley,"Eastern Shore Water, St Anns Bank",PER2023767,"ScotiaFundy-6 ",,CTD_PER2023767_767A021_1_UP,NaN,upward,45.9959,-59.2018,2023-08-16T14:19:11Z,2023-08-16T14:19:11Z,2023-08-16T14:26:47Z,2023-08-16T14:26:40Z,3.9671333,4.0,28.3515,28.3515,17.7572,3.779994,6.81876,6.4489,3.9732,NaN,1798
,M. Perley,9656151,Ryan Stanley,"Eastern Shore Water, St Anns Bank",PER2023767,"ScotiaFundy-6 ",,CTD_PER2023767_767A021_1_UP,NaN,upward,45.9959,-59.2018,2023-08-16T14:19:11Z,2023-08-16T14:19:11Z,2023-08-16T14:26:47Z,2023-08-16T14:26:47Z,1.9835763,2.0,28.4072,28.4072,18.3162,3.833385,6.80752,6.337,3.5683,NaN,1828
,M. Perley,9656151,Ryan Stanley,"Eastern Shore Water, St Anns Bank",PER2023767,"ScotiaFundy-6 ",,CTD_PER2023767_767A022_1_DN,NaN,downward,46.0044,-59.186,2023-08-16T14:50:08Z,2023-08-16T14:50:08Z,2023-08-16T15:04:07Z,2023-08-16T14:52:17Z,1.9835747,2.0,28.5869,28.5869,19.1723,3.927536,6.85154,6.1101,3.3968,NaN,521
,M. Perley,9656151,Ryan Stanley,"Eastern Shore Water, St Anns Bank",PER2023767,"ScotiaFundy-6 ",,CTD_PER2023767_767A022_1_DN,NaN,downward,46.0044,-59.186,2023-08-16T14:50:08Z,2023-08-16T14:50:08Z,2023-08-16T15:04:07Z,2023-08-16T14:52:25Z,3.9671302,4.0,28.5911,28.5911,19.1483,3.926091,6.85181,6.1746,4.4904,NaN,549
,M. Perley,9656151,Ryan Stanley,"Eastern Shore Water, St Anns Bank",PER2023767,"ScotiaFundy-6 ",,CTD_PER2023767_767A022_1_DN,NaN,downward,46.0044,-59.186,2023-08-16T14:50:08Z,2023-08-16T14:50:08Z,2023-08-16T15:04:07Z,2023-08-16T14:52:30Z,5.9506664,6.0,28.5922,28.5922,19.1363,3.925293,6.85247,6.2486,6.2375,NaN,572
,M. Perley,9656151,Ryan Stanley,"Eastern Shore Water, St Anns Bank",PER2023767,"ScotiaFundy-6 ",,CTD_PER2023767_767A022_1_DN,NaN,downward,46.0044,-59.186,2023-08-16T14:50:08Z,2023-08-16T14:50:08Z,2023-08-16T15:04:07Z,2023-08-16T14:52:36Z,7.934183,8.0,28.5914,28.5914,19.0791,3.920413,6.92292,6.2159,6.7192,NaN,594
,M. Perley,9656151,Ryan Stanley,"Eastern Shore Water, St Anns Bank",PER2023767,"ScotiaFundy-6 ",,CTD_PER2023767_767A022_1_DN,NaN,downward,46.0044,-59.186,2023-08-16T14:50:08Z,2023-08-16T14:50:08Z,2023-08-16T15:04:07Z,2023-08-16T14:52:41Z,9.917681,10.0,28.603,28.603,19.0032,3.915491,6.94598,6.2552,8.1888,NaN,615
,M. Perley,9656151,Ryan Stanley,"Eastern Shore Water, St Anns Bank",PER2023767,"ScotiaFundy-6 ",,CTD_PER2023767_767A022_1_DN,NaN,downward,46.0044,-59.186,2023-08-16T14:50:08Z,2023-08-16T14:50:08Z,2023-08-16T15:04:07Z,2023-08-16T14:52:46Z,11.901159,12.0,28.6404,28.6404,18.8356,3.905969,6.94454,6.286,9.242,NaN,635
,M. Perley,9656151,Ryan Stanley,"Eastern Shore Water, St Anns Bank",PER2023767,"ScotiaFundy-6 ",,CTD_PER2023767_767A022_1_DN,NaN,downward,46.0044,-59.186,2023-08-16T14:50:08Z,2023-08-16T14:50:08Z,2023-08-16T15:04:07Z,2023-08-16T14:52:52Z,13.884619,14.0,28.7751,28.7751,18.4341,3.888469,6.94016,6.3378,11.0304,NaN,657
,M. Perley,9656151,Ryan Stanley,"Eastern Shore Water, St Anns Bank",PER2023767,"ScotiaFundy-6 ",,CTD_PER2023767_767A022_1_DN,NaN,downward,46.0044,-59.186,2023-08-16T14:50:08Z,2023-08-16T14:50:08Z,2023-08-16T15:04:07Z,2023-08-16T14:53:31Z,27.768293,28.0,31.0587,31.0587,7.4161,3.204041,7.61468,7.7763,15.4836,NaN,816
,M. Perley,9656151,Ryan Stanley,"Eastern Shore Water, St Anns Bank",PER2023767,"ScotiaFundy-6 ",,CTD_PER2023767_767A022_1_DN,NaN,downward,46.0044,-59.186,2023-08-16T14:50:08Z,2023-08-16T14:50:08Z,2023-08-16T15:04:07Z,2023-08-16T14:53:47Z,33.71815,34.0,31.8639,31.8639,4.4672,3.030837,9.38074,7.7587,5.5733,NaN,878
,M. Perley,9656151,Ryan Stanley,"Eastern Shore Water, St Anns Bank",PER2023767,"ScotiaFundy-6 ",,CTD_PER2023767_767A022_1_DN,NaN,downward,46.0044,-59.186,2023-08-16T14:50:08Z,2023-08-16T14:50:08Z,2023-08-16T15:04:07Z,2023-08-16T14:54:08Z,39.667835,40.0,32.0849,32.0849,2.9242,2.922187,9.14552,7.9131,2.8936,NaN,964
,M. Perley,9656151,Ryan Stanley,"Eastern Shore Water, St Anns Bank",PER2023767,"ScotiaFundy-6 ",,CTD_PER2023767_767A022_1_DN,NaN,downward,46.0044,-59.186,2023-08-16T14:50:08Z,2023-08-16T14:50:08Z,2023-08-16T15:04:07Z,2023-08-16T14:54:12Z,41.651024,42.0,32.1885,32.1885,2.962,2.933918,9.13465,7.8915,2.929,NaN,980
,M. Perley,9656151,Ryan Stanley,"Eastern Shore Water, St Anns Bank",PER2023767,"ScotiaFundy-6 ",,CTD_PER2023767_767A022_1_DN,NaN,downward,46.0044,-59.186,2023-08-16T14:50:08Z,2023-08-16T14:50:08Z,2023-08-16T15:04:07Z,2023-08-16T14:54:17Z,43.634193,44.0,32.345,32.345,3.0294,2.9525,9.1186,7.8787,0.8099,NaN,999
,M. Perley,9656151,Ryan Stanley,"Eastern Shore Water, St Anns Bank",PER2023767,"ScotiaFundy-6 ",,CTD_PER2023767_767A022_1_DN,NaN,downward,46.0044,-59.186,2023-08-16T14:50:08Z,2023-08-16T14:50:08Z,2023-08-16T15:04:07Z,2023-08-16T14:54:23Z,45.617348,46.0,32.0858,32.0858,2.9592,2.92537,9.14129,7.8991,2.8826,NaN,1024
,M. Perley,9656151,Ryan Stanley,"Eastern Shore Water, St Anns Bank",PER2023767,"ScotiaFundy-6 ",,CTD_PER2023767_767A022_1_DN,NaN,downward,46.0044,-59.186,2023-08-16T14:50:08Z,2023-08-16T14:50:08Z,2023-08-16T15:04:07Z,2023-08-16T14:54:30Z,47.60048,48.0,31.9926,31.9926,2.7261,2.898622,9.15125,7.9686,2.7773,NaN,1051
,M. Perley,9656151,Ryan Stanley,"Eastern Shore Water, St Anns Bank",PER2023767,"ScotiaFundy-6 ",,CTD_PER2023767_767A022_1_DN,NaN,downward,46.0044,-59.186,2023-08-16T14:50:08Z,2023-08-16T14:50:08Z,2023-08-16T15:04:07Z,2023-08-16T14:54:35Z,49.58359,50.0,31.96,31.96,2.8573,2.906802,8.98701,7.9309,2.8422,NaN,1072
,M. Perley,9656151,Ryan Stanley,"Eastern Shore Water, St Anns Bank",PER2023767,"ScotiaFundy-6 ",,CTD_PER2023767_767A022_1_DN,NaN,downward,46.0044,-59.186,2023-08-16T14:50:08Z,2023-08-16T14:50:08Z,2023-08-16T15:04:07Z,2023-08-16T15:04:07Z,51.566685,52.0,31.7335,31.7335,2.2525,2.838809,8.76843,8.17,2.6699,NaN,3358
,M. Perley,9656151,Ryan Stanley,"Eastern Shore Water, St Anns Bank",PER2023767,"ScotiaFundy-6 ",,CTD_PER2023767_767A022_1_UP,NaN,upward,46.0044,-59.186,2023-08-16T14:50:08Z,2023-08-16T14:50:08Z,2023-08-16T15:00:13Z,2023-08-16T14:57:55Z,49.58359,50.0,31.8788,31.8788,2.6664,2.884505,8.87284,8.0223,2.076,NaN,1872
,M. Perley,9656151,Ryan Stanley,"Eastern Shore Water, St Anns Bank",PER2023767,"ScotiaFundy-6 ",,CTD_PER2023767_767A022_1_UP,NaN,upward,46.0044,-59.186,2023-08-16T14:50:08Z,2023-08-16T14:50:08Z,2023-08-16T15:00:13Z,2023-08-16T14:58:01Z,47.60048,48.0,31.8701,31.8701,2.6709,2.884084,8.87366,8.008,3.02,NaN,1897
,M. Perley,9656151,Ryan Stanley,"Eastern Shore Water, St Anns Bank",PER2023767,"ScotiaFundy-6 ",,CTD_PER2023767_767A022_1_UP,NaN,upward,46.0044,-59.186,2023-08-16T14:50:08Z,2023-08-16T14:50:08Z,2023-08-16T15:00:13Z,2023-08-16T14:58:06Z,45.617348,46.0,31.8702,31.8702,2.6694,2.883885,8.87572,8.0045,2.7569,NaN,1916
,M. Perley,9656151,Ryan Stanley,"Eastern Shore Water, St Anns Bank",PER2023767,"ScotiaFundy-6 ",,CTD_PER2023767_767A022_1_UP,NaN,upward,46.0044,-59.186,2023-08-16T14:50:08Z,2023-08-16T14:50:08Z,2023-08-16T15:00:13Z,2023-08-16T14:58:11Z,43.634193,44.0,31.8699,31.8699,2.6678,2.883645,8.87556,8.0079,2.7164,NaN,1935
,M. Perley,9656151,Ryan Stanley,"Eastern Shore Water, St Anns Bank",PER2023767,"ScotiaFundy-6 ",,CTD_PER2023767_767A022_1_UP,NaN,upward,46.0044,-59.186,2023-08-16T14:50:08Z,2023-08-16T14:50:08Z,2023-08-16T15:00:13Z,2023-08-16T14:58:16Z,41.651024,42.0,31.8703,31.8703,2.6672,2.883536,8.87496,8.0176,2.7886,NaN,1954
,M. Perley,9656151,Ryan Stanley,"Eastern Shore Water, St Anns Bank",PER2023767,"ScotiaFundy-6 ",,CTD_PER2023767_767A022_1_UP,NaN,upward,46.0044,-59.186,2023-08-16T14:50:08Z,2023-08-16T14:50:08Z,2023-08-16T15:00:13Z,2023-08-16T14:58:20Z,39.667835,40.0,31.8714,31.8714,2.6669,2.88352,8.87423,8.0296,2.9598,NaN,1973
,M. Perley,9656151,Ryan Stanley,"Eastern Shore Water, St Anns Bank",PER2023767,"ScotiaFundy-6 ",,CTD_PER2023767_767A022_1_UP,NaN,upward,46.0044,-59.186,2023-08-16T14:50:08Z,2023-08-16T14:50:08Z,2023-08-16T15:00:13Z,2023-08-16T14:58:26Z,37.684628,38.0,31.8693,31.8693,2.669,2.883432,8.87386,8.1379,2.7166,NaN,1994
,M. Perley,9656151,Ryan Stanley,"Eastern Shore Water, St Anns Bank",PER2023767,"ScotiaFundy-6 ",,CTD_PER2023767_767A022_1_UP,NaN,upward,46.0044,-59.186,2023-08-16T14:50:08Z,2023-08-16T14:50:08Z,2023-08-16T15:00:13Z,2023-08-16T14:58:31Z,35.701397,36.0,31.8363,31.8363,2.7127,2.884205,8.8754,8.2009,3.0801,NaN,2016
,M. Perley,9656151,Ryan Stanley,"Eastern Shore Water, St Anns Bank",PER2023767,"ScotiaFundy-6 ",,CTD_PER2023767_767A022_1_UP,NaN,upward,46.0044,-59.186,2023-08-16T14:50:08Z,2023-08-16T14:50:08Z,2023-08-16T15:00:13Z,2023-08-16T14:58:37Z,33.71815,34.0,31.7554,31.7554,2.7897,2.883735,8.95626,8.3247,3.7678,NaN,2037
,M. Perley,9656151,Ryan Stanley,"Eastern Shore Water, St Anns Bank",PER2023767,"ScotiaFundy-6 ",,CTD_PER2023767_767A022_1_UP,NaN,upward,46.0044,-59.186,2023-08-16T14:50:08Z,2023-08-16T14:50:08Z,2023-08-16T15:00:13Z,2023-08-16T14:58:42Z,31.734884,32.0,31.6969,31.6969,2.8781,2.886033,8.98965,8.4805,5.0278,NaN,2060
,M. Perley,9656151,Ryan Stanley,"Eastern Shore Water, St Anns Bank",PER2023767,"ScotiaFundy-6 ",,CTD_PER2023767_767A022_1_UP,NaN,upward,46.0044,-59.186,2023-08-16T14:50:08Z,2023-08-16T14:50:08Z,2023-08-16T15:00:13Z,2023-08-16T14:58:53Z,27.768293,28.0,31.5677,31.5677,3.0193,2.886678,8.99592,8.9009,11.2586,NaN,2102
,M. Perley,9656151,Ryan Stanley,"Eastern Shore Water, St Anns Bank",PER2023767,"ScotiaFundy-6 ",,CTD_PER2023767_767A022_1_UP,NaN,upward,46.0044,-59.186,2023-08-16T14:50:08Z,2023-08-16T14:50:08Z,2023-08-16T15:00:13Z,2023-08-16T14:58:59Z,25.78497,26.0,31.816,31.816,4.2598,3.009147,8.97699,8.695,12.5756,NaN,2128
,M. Perley,9656151,Ryan Stanley,"Eastern Shore Water, St Anns Bank",PER2023767,"ScotiaFundy-6 ",,CTD_PER2023767_767A022_1_UP,NaN,upward,46.0044,-59.186,2023-08-16T14:50:08Z,2023-08-16T14:50:08Z,2023-08-16T15:00:13Z,2023-08-16T14:59:05Z,23.801626,24.0,31.2439,31.2439,5.1393,3.031717,8.96613,8.7701,14.8341,NaN,2150
,M. Perley,9656151,Ryan Stanley,"Eastern Shore Water, St Anns Bank",PER2023767,"ScotiaFundy-6 ",,CTD_PER2023767_767A022_1_UP,NaN,upward,46.0044,-59.186,2023-08-16T14:50:08Z,2023-08-16T14:50:08Z,2023-08-16T15:00:13Z,2023-08-16T14:59:22Z,17.851479,18.0,30.9376,30.9376,7.7896,3.223347,8.95501,8.1913,14.4062,NaN,2220
,M. Perley,9656151,Ryan Stanley,"Eastern Shore Water, St Anns Bank",PER2023767,"ScotiaFundy-6 ",,CTD_PER2023767_767A022_1_UP,NaN,upward,46.0044,-59.186,2023-08-16T14:50:08Z,2023-08-16T14:50:08Z,2023-08-16T15:00:13Z,2023-08-16T14:59:43Z,11.901159,12.0,28.8132,28.8132,15.6042,3.654891,6.91014,6.7995,9.1146,NaN,2303
,M. Perley,9656151,Ryan Stanley,"Eastern Shore Water, St Anns Bank",PER2023767,"ScotiaFundy-6 ",,CTD_PER2023767_767A022_1_UP,NaN,upward,46.0044,-59.186,2023-08-16T14:50:08Z,2023-08-16T14:50:08Z,2023-08-16T15:00:13Z,2023-08-16T15:00:06Z,3.9671302,4.0,28.5425,28.5425,18.1468,3.835654,6.85089,6.4823,4.6113,NaN,2395
,M. Perley,9656151,Ryan Stanley,"Eastern Shore Water, St Anns Bank",PER2023767,"ScotiaFundy-6 ",,CTD_PER2023767_767A022_1_UP,NaN,upward,46.0044,-59.186,2023-08-16T14:50:08Z,2023-08-16T14:50:08Z,2023-08-16T15:00:13Z,2023-08-16T15:00:13Z,1.9835747,2.0,28.6332,28.6332,18.2822,3.857931,6.82164,6.4545,3.5727,NaN,2424
,M. Perley,9656151,Ryan Stanley,"Eastern Shore Water, St Anns Bank",PER2023767,"ScotiaFundy-6 ",,CTD_PER2023767_767A023_1_DN,NaN,downward,45.9097,-58.9892,2023-08-16T16:08:21Z,2023-08-16T16:08:21Z,2023-08-16T16:21:59Z,2023-08-16T16:11:44Z,1.983592,2.0,28.8986,28.8986,18.5789,3.915331,6.61308,5.7988,2.3272,NaN,815
,M. Perley,9656151,Ryan Stanley,"Eastern Shore Water, St Anns Bank",PER2023767,"ScotiaFundy-6 ",,CTD_PER2023767_767A023_1_DN,NaN,downward,45.9097,-58.9892,2023-08-16T16:08:21Z,2023-08-16T16:08:21Z,2023-08-16T16:21:59Z,2023-08-16T16:13:30Z,5.9507184,6.0,29.4719,29.4719,18.6008,3.98716,6.96986,6.1263,3.9088,NaN,1240
,M. Perley,9656151,Ryan Stanley,"Eastern Shore Water, St Anns Bank",PER2023767,"ScotiaFundy-6 ",,CTD_PER2023767_767A023_1_DN,NaN,downward,45.9097,-58.9892,2023-08-16T16:08:21Z,2023-08-16T16:08:21Z,2023-08-16T16:21:59Z,2023-08-16T16:13:34Z,7.9342527,8.0,29.5002,29.5002,18.4604,3.978487,6.96908,6.2771,4.5354,NaN,1254
,M. Perley,9656151,Ryan Stanley,"Eastern Shore Water, St Anns Bank",PER2023767,"ScotiaFundy-6 ",,CTD_PER2023767_767A023_1_DN,NaN,downward,45.9097,-58.9892,2023-08-16T16:08:21Z,2023-08-16T16:08:21Z,2023-08-16T16:21:59Z,2023-08-16T16:13:38Z,9.917768,10.0,29.5369,29.5369,18.2853,3.967818,6.96835,6.3511,6.1418,NaN,1272
,M. Perley,9656151,Ryan Stanley,"Eastern Shore Water, St Anns Bank",PER2023767,"ScotiaFundy-6 ",,CTD_PER2023767_767A023_1_DN,NaN,downward,45.9097,-58.9892,2023-08-16T16:08:21Z,2023-08-16T16:08:21Z,2023-08-16T16:21:59Z,2023-08-16T16:13:43Z,11.901263,12.0,29.5689,29.5689,17.7619,3.926424,6.96921,6.521,8.8356,NaN,1290
,M. Perley,9656151,Ryan Stanley,"Eastern Shore Water, St Anns Bank",PER2023767,"ScotiaFundy-6 ",,CTD_PER2023767_767A023_1_DN,NaN,downward,45.9097,-58.9892,2023-08-16T16:08:21Z,2023-08-16T16:08:21Z,2023-08-16T16:21:59Z,2023-08-16T16:13:46Z,13.88474,14.0,29.9642,29.9642,16.4181,3.856946,6.9527,6.9046,21.9676,NaN,1304
,M. Perley,9656151,Ryan Stanley,"Eastern Shore Water, St Anns Bank",PER2023767,"ScotiaFundy-6 ",,CTD_PER2023767_767A023_1_DN,NaN,downward,45.9097,-58.9892,2023-08-16T16:08:21Z,2023-08-16T16:08:21Z,2023-08-16T16:21:59Z,2023-08-16T16:13:52Z,15.868197,16.0,30.2722,30.2722,13.885,3.672636,7.67279,7.3773,23.4644,NaN,1326
,M. Perley,9656151,Ryan Stanley,"Eastern Shore Water, St Anns Bank",PER2023767,"ScotiaFundy-6 ",,CTD_PER2023767_767A023_1_DN,NaN,downward,45.9097,-58.9892,2023-08-16T16:08:21Z,2023-08-16T16:08:21Z,2023-08-16T16:21:59Z,2023-08-16T16:13:57Z,17.851635,18.0,30.9072,30.9072,11.3908,3.525148,7.55245,7.6633,19.2763,NaN,1345
,M. Perley,9656151,Ryan Stanley,"Eastern Shore Water, St Anns Bank",PER2023767,"ScotiaFundy-6 ",,CTD_PER2023767_767A023_1_DN,NaN,downward,45.9097,-58.9892,2023-08-16T16:08:21Z,2023-08-16T16:08:21Z,2023-08-16T16:21:59Z,2023-08-16T16:14:01Z,19.835054,20.0,30.9521,30.9521,10.1615,3.4251,7.55648,7.6852,20.3398,NaN,1364
,M. Perley,9656151,Ryan Stanley,"Eastern Shore Water, St Anns Bank",PER2023767,"ScotiaFundy-6 ",,CTD_PER2023767_767A023_1_DN,NaN,downward,45.9097,-58.9892,2023-08-16T16:08:21Z,2023-08-16T16:08:21Z,2023-08-16T16:21:59Z,2023-08-16T16:14:05Z,21.818453,22.0,31.4076,31.4076,9.8558,3.443966,7.50782,7.5318,10.0257,NaN,1380
,M. Perley,9656151,Ryan Stanley,"Eastern Shore Water, St Anns Bank",PER2023767,"ScotiaFundy-6 ",,CTD_PER2023767_767A023_1_DN,NaN,downward,45.9097,-58.9892,2023-08-16T16:08:21Z,2023-08-16T16:08:21Z,2023-08-16T16:21:59Z,2023-08-16T16:14:17Z,25.785194,26.0,31.7527,31.7527,5.7232,3.125611,8.14676,7.9241,7.5774,NaN,1428
,M. Perley,9656151,Ryan Stanley,"Eastern Shore Water, St Anns Bank",PER2023767,"ScotiaFundy-6 ",,CTD_PER2023767_767A023_1_DN,NaN,downward,45.9097,-58.9892,2023-08-16T16:08:21Z,2023-08-16T16:08:21Z,2023-08-16T16:21:59Z,2023-08-16T16:14:26Z,29.751858,30.0,31.7823,31.7823,4.6335,3.037455,9.3781,8.0976,6.3291,NaN,1462
,M. Perley,9656151,Ryan Stanley,"Eastern Shore Water, St Anns Bank",PER2023767,"ScotiaFundy-6 ",,CTD_PER2023767_767A023_1_DN,NaN,downward,45.9097,-58.9892,2023-08-16T16:08:21Z,2023-08-16T16:08:21Z,2023-08-16T16:21:59Z,2023-08-16T16:14:32Z,31.73516,32.0,31.9334,31.9334,4.2529,3.018927,9.3682,8.1216,6.5291,NaN,1486
,M. Perley,9656151,Ryan Stanley,"Eastern Shore Water, St Anns Bank",PER2023767,"ScotiaFundy-6 ",,CTD_PER2023767_767A023_1_DN,NaN,downward,45.9097,-58.9892,2023-08-16T16:08:21Z,2023-08-16T16:08:21Z,2023-08-16T16:21:59Z,2023-08-16T16:14:52Z,39.668182,40.0,32.1131,32.1131,2.9997,2.930687,9.47847,8.2746,4.493,NaN,1566
,M. Perley,9656151,Ryan Stanley,"Eastern Shore Water, St Anns Bank",PER2023767,"ScotiaFundy-6 ",,CTD_PER2023767_767A023_1_DN,NaN,downward,45.9097,-58.9892,2023-08-16T16:08:21Z,2023-08-16T16:08:21Z,2023-08-16T16:21:59Z,2023-08-16T16:14:58Z,41.65139,42.0,31.9303,31.9303,2.5772,2.881049,9.49135,8.3882,4.43,NaN,1592
,M. Perley,9656151,Ryan Stanley,"Eastern Shore Water, St Anns Bank",PER2023767,"ScotiaFundy-6 ",,CTD_PER2023767_767A023_1_DN,NaN,downward,45.9097,-58.9892,2023-08-16T16:08:21Z,2023-08-16T16:08:21Z,2023-08-16T16:21:59Z,2023-08-16T16:15:07Z,45.617744,46.0,32.262,32.262,2.4637,2.899005,9.46661,8.3865,3.6636,NaN,1629
,M. Perley,9656151,Ryan Stanley,"Eastern Shore Water, St Anns Bank",PER2023767,"ScotiaFundy-6 ",,CTD_PER2023767_767A023_1_DN,NaN,downward,45.9097,-58.9892,2023-08-16T16:08:21Z,2023-08-16T16:08:21Z,2023-08-16T16:21:59Z,2023-08-16T16:15:54Z,61.4824,62.0,32.1503,32.1503,1.9457,2.848237,9.42578,8.4464,2.1696,NaN,1815
,M. Perley,9656151,Ryan Stanley,"Eastern Shore Water, St Anns Bank",PER2023767,"ScotiaFundy-6 ",,CTD_PER2023767_767A023_1_DN,NaN,downward,45.9097,-58.9892,2023-08-16T16:08:21Z,2023-08-16T16:08:21Z,2023-08-16T16:21:59Z,2023-08-16T16:16:00Z,63.465397,64.0,32.175,32.175,2.0019,2.854901,9.42462,8.4393,1.8526,NaN,1839
,M. Perley,9656151,Ryan Stanley,"Eastern Shore Water, St Anns Bank",PER2023767,"ScotiaFundy-6 ",,CTD_PER2023767_767A023_1_DN,NaN,downward,45.9097,-58.9892,2023-08-16T16:08:21Z,2023-08-16T16:08:21Z,2023-08-16T16:21:59Z,2023-08-16T16:16:07Z,65.44837,66.0,32.1869,32.1869,1.9255,2.849705,9.42459,8.4536,1.7621,NaN,1866
,M. Perley,9656151,Ryan Stanley,"Eastern Shore Water, St Anns Bank",PER2023767,"ScotiaFundy-6 ",,CTD_PER2023767_767A023_1_DN,NaN,downward,45.9097,-58.9892,2023-08-16T16:08:21Z,2023-08-16T16:08:21Z,2023-08-16T16:21:59Z,2023-08-16T16:16:12Z,67.43133,68.0,32.2124,32.2124,1.8824,2.84832,9.42378,8.3132,1.8351,NaN,1888
,M. Perley,9656151,Ryan Stanley,"Eastern Shore Water, St Anns Bank",PER2023767,"ScotiaFundy-6 ",,CTD_PER2023767_767A023_1_DN,NaN,downward,45.9097,-58.9892,2023-08-16T16:08:21Z,2023-08-16T16:08:21Z,2023-08-16T16:21:59Z,2023-08-16T16:16:17Z,69.41427,70.0,32.2223,32.2223,1.8415,2.845863,9.37827,8.2646,1.7126,NaN,1909
,M. Perley,9656151,Ryan Stanley,"Eastern Shore Water, St Anns Bank",PER2023767,"ScotiaFundy-6 ",,CTD_PER2023767_767A023_1_DN,NaN,downward,45.9097,-58.9892,2023-08-16T16:08:21Z,2023-08-16T16:08:21Z,2023-08-16T16:21:59Z,2023-08-16T16:16:22Z,71.39719,72.0,32.268,32.268,1.8173,2.847621,9.35567,8.2089,1.8995,NaN,1926
,M. Perley,9656151,Ryan Stanley,"Eastern Shore Water, St Anns Bank",PER2023767,"ScotiaFundy-6 ",,CTD_PER2023767_767A023_1_DN,NaN,downward,45.9097,-58.9892,2023-08-16T16:08:21Z,2023-08-16T16:08:21Z,2023-08-16T16:21:59Z,2023-08-16T16:16:30Z,75.36296,76.0,32.2852,32.2852,1.7778,2.84591,9.35501,8.1389,1.6709,NaN,1957
,M. Perley,9656151,Ryan Stanley,"Eastern Shore Water, St Anns Bank",PER2023767,"ScotiaFundy-6 ",,CTD_PER2023767_767A023_1_DN,NaN,downward,45.9097,-58.9892,2023-08-16T16:08:21Z,2023-08-16T16:08:21Z,2023-08-16T16:21:59Z,2023-08-16T16:16:36Z,77.345825,78.0,32.306,32.306,1.7636,2.846534,9.35544,8.2595,1.6269,NaN,1984
,M. Perley,9656151,Ryan Stanley,"Eastern Shore Water, St Anns Bank",PER2023767,"ScotiaFundy-6 ",,CTD_PER2023767_767A023_1_DN,NaN,downward,45.9097,-58.9892,2023-08-16T16:08:21Z,2023-08-16T16:08:21Z,2023-08-16T16:21:59Z,2023-08-16T16:16:41Z,79.32867,80.0,32.2943,32.2943,1.749,2.844495,9.35681,8.1364,1.7305,NaN,2003
,M. Perley,9656151,Ryan Stanley,"Eastern Shore Water, St Anns Bank",PER2023767,"ScotiaFundy-6 ",,CTD_PER2023767_767A023_1_DN,NaN,downward,45.9097,-58.9892,2023-08-16T16:08:21Z,2023-08-16T16:08:21Z,2023-08-16T16:21:59Z,2023-08-16T16:16:46Z,81.311485,82.0,32.336,32.336,1.7303,2.846377,9.18641,8.1321,1.5771,NaN,2024
,M. Perley,9656151,Ryan Stanley,"Eastern Shore Water, St Anns Bank",PER2023767,"ScotiaFundy-6 ",,CTD_PER2023767_767A023_1_DN,NaN,downward,45.9097,-58.9892,2023-08-16T16:08:21Z,2023-08-16T16:08:21Z,2023-08-16T16:21:59Z,2023-08-16T16:16:50Z,83.29429,84.0,32.4176,32.4176,1.6151,2.843533,8.99685,8.1621,1.6566,NaN,2040
,M. Perley,9656151,Ryan Stanley,"Eastern Shore Water, St Anns Bank",PER2023767,"ScotiaFundy-6 ",,CTD_PER2023767_767A023_1_DN,NaN,downward,45.9097,-58.9892,2023-08-16T16:08:21Z,2023-08-16T16:08:21Z,2023-08-16T16:21:59Z,2023-08-16T16:16:57Z,85.27708,86.0,32.3764,32.3764,1.557,2.83559,9.06543,8.1754,1.4528,NaN,2065
,M. Perley,9656151,Ryan Stanley,"Eastern Shore Water, St Anns Bank",PER2023767,"ScotiaFundy-6 ",,CTD_PER2023767_767A023_1_DN,NaN,downward,45.9097,-58.9892,2023-08-16T16:08:21Z,2023-08-16T16:08:21Z,2023-08-16T16:21:59Z,2023-08-16T16:17:58Z,107.08643,108.0,32.5507,32.5507,1.3581,2.834042,9.28064,8.2476,1.6915,NaN,2310
,M. Perley,9656151,Ryan Stanley,"Eastern Shore Water, St Anns Bank",PER2023767,"ScotiaFundy-6 ",,CTD_PER2023767_767A023_1_DN,NaN,downward,45.9097,-58.9892,2023-08-16T16:08:21Z,2023-08-16T16:08:21Z,2023-08-16T16:21:59Z,2023-08-16T16:18:23Z,115.016525,116.0,32.6414,32.6414,2.2026,2.911317,8.24876,7.3314,1.5068,NaN,2411
,M. Perley,9656151,Ryan Stanley,"Eastern Shore Water, St Anns Bank",PER2023767,"ScotiaFundy-6 ",,CTD_PER2023767_767A023_1_DN,NaN,downward,45.9097,-58.9892,2023-08-16T16:08:21Z,2023-08-16T16:08:21Z,2023-08-16T16:21:59Z,2023-08-16T16:20:57Z,118.98146,120.0,32.8102,32.8102,2.3655,2.938711,8.04772,7.0873,1.5086,NaN,3028
,M. Perley,9656151,Ryan Stanley,"Eastern Shore Water, St Anns Bank",PER2023767,"ScotiaFundy-6 ",,CTD_PER2023767_767A023_1_DN,NaN,downward,45.9097,-58.9892,2023-08-16T16:08:21Z,2023-08-16T16:08:21Z,2023-08-16T16:21:59Z,2023-08-16T16:20:59Z,120.9639,122.0,32.8511,32.8511,2.4655,2.950434,8.03764,7.0957,1.3894,NaN,3036
,M. Perley,9656151,Ryan Stanley,"Eastern Shore Water, St Anns Bank",PER2023767,"ScotiaFundy-6 ",,CTD_PER2023767_767A023_1_DN,NaN,downward,45.9097,-58.9892,2023-08-16T16:08:21Z,2023-08-16T16:08:21Z,2023-08-16T16:21:59Z,2023-08-16T16:21:59Z,126.9111,128.0,33.1779,33.1779,3.3455,3.051799,6.98998,6.3635,1.4746,NaN,3276
,M. Perley,9656151,Ryan Stanley,"Eastern Shore Water, St Anns Bank",PER2023767,"ScotiaFundy-6 ",,CTD_PER2023767_767A023_1_UP,NaN,upward,45.9097,-58.9892,2023-08-16T16:08:21Z,2023-08-16T16:08:21Z,2023-08-16T16:27:21Z,2023-08-16T16:22:04Z,124.92872,126.0,33.1599,33.1599,3.3176,3.047846,6.99038,6.4954,1.4706,NaN,3295
,M. Perley,9656151,Ryan Stanley,"Eastern Shore Water, St Anns Bank",PER2023767,"ScotiaFundy-6 ",,CTD_PER2023767_767A023_1_UP,NaN,upward,45.9097,-58.9892,2023-08-16T16:08:21Z,2023-08-16T16:08:21Z,2023-08-16T16:27:21Z,2023-08-16T16:22:14Z,120.9639,122.0,33.0813,33.0813,3.241,3.03464,6.99359,6.8598,1.4777,NaN,3333
,M. Perley,9656151,Ryan Stanley,"Eastern Shore Water, St Anns Bank",PER2023767,"ScotiaFundy-6 ",,CTD_PER2023767_767A023_1_UP,NaN,upward,45.9097,-58.9892,2023-08-16T16:08:21Z,2023-08-16T16:08:21Z,2023-08-16T16:27:21Z,2023-08-16T16:22:19Z,118.98146,120.0,32.9869,32.9869,2.8747,2.995817,7.44626,7.0839,1.5105,NaN,3353
,M. Perley,9656151,Ryan Stanley,"Eastern Shore Water, St Anns Bank",PER2023767,"ScotiaFundy-6 ",,CTD_PER2023767_767A023_1_UP,NaN,upward,45.9097,-58.9892,2023-08-16T16:08:21Z,2023-08-16T16:08:21Z,2023-08-16T16:27:21Z,2023-08-16T16:22:22Z,116.99901,118.0,33.1251,33.1251,2.6357,2.986895,7.53408,7.1854,1.6224,NaN,3368
,M. Perley,9656151,Ryan Stanley,"Eastern Shore Water, St Anns Bank",PER2023767,"ScotiaFundy-6 ",,CTD_PER2023767_767A023_1_UP,NaN,upward,45.9097,-58.9892,2023-08-16T16:08:21Z,2023-08-16T16:08:21Z,2023-08-16T16:27:21Z,2023-08-16T16:22:28Z,115.016525,116.0,32.9361,32.9361,2.6285,2.970758,7.54631,7.3276,1.5684,NaN,3390
,M. Perley,9656151,Ryan Stanley,"Eastern Shore Water, St Anns Bank",PER2023767,"ScotiaFundy-6 ",,CTD_PER2023767_767A023_1_UP,NaN,upward,45.9097,-58.9892,2023-08-16T16:08:21Z,2023-08-16T16:08:21Z,2023-08-16T16:27:21Z,2023-08-16T16:22:32Z,113.034035,114.0,32.7584,32.7584,2.3547,2.933332,7.55457,7.6534,1.607,NaN,3409
,M. Perley,9656151,Ryan Stanley,"Eastern Shore Water, St Anns Bank",PER2023767,"ScotiaFundy-6 ",,CTD_PER2023767_767A023_1_UP,NaN,upward,45.9097,-58.9892,2023-08-16T16:08:21Z,2023-08-16T16:08:21Z,2023-08-16T16:27:21Z,2023-08-16T16:22:37Z,111.05152,112.0,32.7361,32.7361,2.0582,2.906777,7.55541,7.8331,1.5851,NaN,3426
,M. Perley,9656151,Ryan Stanley,"Eastern Shore Water, St Anns Bank",PER2023767,"ScotiaFundy-6 ",,CTD_PER2023767_767A023_1_UP,NaN,upward,45.9097,-58.9892,2023-08-16T16:08:21Z,2023-08-16T16:08:21Z,2023-08-16T16:27:21Z,2023-08-16T16:22:41Z,109.068985,110.0,32.7296,32.7296,1.905,2.89345,7.55386,8.0869,1.6574,NaN,3443
,M. Perley,9656151,Ryan Stanley,"Eastern Shore Water, St Anns Bank",PER2023767,"ScotiaFundy-6 ",,CTD_PER2023767_767A023_1_UP,NaN,upward,45.9097,-58.9892,2023-08-16T16:08:21Z,2023-08-16T16:08:21Z,2023-08-16T16:27:21Z,2023-08-16T16:22:46Z,107.08643,108.0,32.6833,32.6833,1.6863,2.871581,7.85466,8.3344,1.7823,NaN,3462
,M. Perley,9656151,Ryan Stanley,"Eastern Shore Water, St Anns Bank",PER2023767,"ScotiaFundy-6 ",,CTD_PER2023767_767A023_1_UP,NaN,upward,45.9097,-58.9892,2023-08-16T16:08:21Z,2023-08-16T16:08:21Z,2023-08-16T16:27:21Z,2023-08-16T16:22:50Z,105.10386,106.0,32.8687,32.8687,1.4826,2.869395,10.25714,8.4522,2.1817,NaN,3477
,M. Perley,9656151,Ryan Stanley,"Eastern Shore Water, St Anns Bank",PER2023767,"ScotiaFundy-6 ",,CTD_PER2023767_767A023_1_UP,NaN,upward,45.9097,-58.9892,2023-08-16T16:08:21Z,2023-08-16T16:08:21Z,2023-08-16T16:27:21Z,2023-08-16T16:22:55Z,103.12127,104.0,32.6356,32.6356,1.6392,2.86372,9.016,8.2938,1.8137,NaN,3498
,M. Perley,9656151,Ryan Stanley,"Eastern Shore Water, St Anns Bank",PER2023767,"ScotiaFundy-6 ",,CTD_PER2023767_767A023_1_UP,NaN,upward,45.9097,-58.9892,2023-08-16T16:08:21Z,2023-08-16T16:08:21Z,2023-08-16T16:27:21Z,2023-08-16T16:22:59Z,101.13866,102.0,32.5947,32.5947,1.585,2.855923,9.01939,8.3076,1.842,NaN,3516
,M. Perley,9656151,Ryan Stanley,"Eastern Shore Water, St Anns Bank",PER2023767,"ScotiaFundy-6 ",,CTD_PER2023767_767A023_1_UP,NaN,upward,45.9097,-58.9892,2023-08-16T16:08:21Z,2023-08-16T16:08:21Z,2023-08-16T16:27:21Z,2023-08-16T16:23:03Z,99.15602,100.0,32.6972,32.6972,1.5441,2.860585,9.00141,8.3539,1.6013,NaN,3532
,M. Perley,9656151,Ryan Stanley,"Eastern Shore Water, St Anns Bank",PER2023767,"ScotiaFundy-6 ",,CTD_PER2023767_767A023_1_UP,NaN,upward,45.9097,-58.9892,2023-08-16T16:08:21Z,2023-08-16T16:08:21Z,2023-08-16T16:27:21Z,2023-08-16T16:23:08Z,97.17338,98.0,32.5526,32.5526,1.5782,2.851839,9.0201,8.388,1.8338,NaN,3553
,M. Perley,9656151,Ryan Stanley,"Eastern Shore Water, St Anns Bank",PER2023767,"ScotiaFundy-6 ",,CTD_PER2023767_767A023_1_UP,NaN,upward,45.9097,-58.9892,2023-08-16T16:08:21Z,2023-08-16T16:08:21Z,2023-08-16T16:27:21Z,2023-08-16T16:23:13Z,95.190704,96.0,32.5326,32.5326,1.515,2.844978,9.02058,8.4146,1.855,NaN,3572
,M. Perley,9656151,Ryan Stanley,"Eastern Shore Water, St Anns Bank",PER2023767,"ScotiaFundy-6 ",,CTD_PER2023767_767A023_1_UP,NaN,upward,45.9097,-58.9892,2023-08-16T16:08:21Z,2023-08-16T16:08:21Z,2023-08-16T16:27:21Z,2023-08-16T16:23:17Z,93.208015,94.0,32.5488,32.5488,1.5069,2.845511,9.0156,8.423,1.932,NaN,3587
,M. Perley,9656151,Ryan Stanley,"Eastern Shore Water, St Anns Bank",PER2023767,"ScotiaFundy-6 ",,CTD_PER2023767_767A023_1_UP,NaN,upward,45.9097,-58.9892,2023-08-16T16:08:21Z,2023-08-16T16:08:21Z,2023-08-16T16:27:21Z,2023-08-16T16:23:23Z,91.22531,92.0,32.5093,32.5093,1.5305,2.844228,9.27788,8.2736,1.8077,NaN,3610
,M. Perley,9656151,Ryan Stanley,"Eastern Shore Water, St Anns Bank",PER2023767,"ScotiaFundy-6 ",,CTD_PER2023767_767A023_1_UP,NaN,upward,45.9097,-58.9892,2023-08-16T16:08:21Z,2023-08-16T16:08:21Z,2023-08-16T16:27:21Z,2023-08-16T16:23:28Z,89.242584,90.0,32.4947,32.4947,1.5708,2.84629,9.31886,8.1885,1.693,NaN,3631
,M. Perley,9656151,Ryan Stanley,"Eastern Shore Water, St Anns Bank",PER2023767,"ScotiaFundy-6 ",,CTD_PER2023767_767A023_1_UP,NaN,upward,45.9097,-58.9892,2023-08-16T16:08:21Z,2023-08-16T16:08:21Z,2023-08-16T16:27:21Z,2023-08-16T16:23:32Z,87.25984,88.0,32.4672,32.4672,1.6236,2.848345,9.32058,8.137,1.6464,NaN,3646
,M. Perley,9656151,Ryan Stanley,"Eastern Shore Water, St Anns Bank",PER2023767,"ScotiaFundy-6 ",,CTD_PER2023767_767A023_1_UP,NaN,upward,45.9097,-58.9892,2023-08-16T16:08:21Z,2023-08-16T16:08:21Z,2023-08-16T16:27:21Z,2023-08-16T16:23:37Z,85.27708,86.0,32.4384,32.4384,1.6974,2.852023,9.32145,8.087,1.6432,NaN,3667
,M. Perley,9656151,Ryan Stanley,"Eastern Shore Water, St Anns Bank",PER2023767,"ScotiaFundy-6 ",,CTD_PER2023767_767A023_1_UP,NaN,upward,45.9097,-58.9892,2023-08-16T16:08:21Z,2023-08-16T16:08:21Z,2023-08-16T16:27:21Z,2023-08-16T16:24:03Z,75.36296,76.0,32.3665,32.3665,1.7116,2.846979,9.013,8.2158,1.7769,NaN,3771
,M. Perley,9656151,Ryan Stanley,"Eastern Shore Water, St Anns Bank",PER2023767,"ScotiaFundy-6 ",,CTD_PER2023767_767A023_1_UP,NaN,upward,45.9097,-58.9892,2023-08-16T16:08:21Z,2023-08-16T16:08:21Z,2023-08-16T16:27:21Z,2023-08-16T16:24:05Z,73.38008,74.0,32.3673,32.3673,1.7096,2.846831,9.01211,8.2566,1.6583,NaN,3778
,M. Perley,9656151,Ryan Stanley,"Eastern Shore Water, St Anns Bank",PER2023767,"ScotiaFundy-6 ",,CTD_PER2023767_767A023_1_UP,NaN,upward,45.9097,-58.9892,2023-08-16T16:08:21Z,2023-08-16T16:08:21Z,2023-08-16T16:27:21Z,2023-08-16T16:24:10Z,71.39719,72.0,32.3302,32.3302,1.705,2.843412,9.01423,8.2117,1.6975,NaN,3799
,M. Perley,9656151,Ryan Stanley,"Eastern Shore Water, St Anns Bank",PER2023767,"ScotiaFundy-6 ",,CTD_PER2023767_767A023_1_UP,NaN,upward,45.9097,-58.9892,2023-08-16T16:08:21Z,2023-08-16T16:08:21Z,2023-08-16T16:27:21Z,2023-08-16T16:24:19Z,67.43133,68.0,32.2958,32.2958,1.6942,2.83961,9.1204,8.3742,1.7245,NaN,3835
,M. Perley,9656151,Ryan Stanley,"Eastern Shore Water, St Anns Bank",PER2023767,"ScotiaFundy-6 ",,CTD_PER2023767_767A023_1_UP,NaN,upward,45.9097,-58.9892,2023-08-16T16:08:21Z,2023-08-16T16:08:21Z,2023-08-16T16:27:21Z,2023-08-16T16:24:24Z,65.44837,66.0,32.266,32.266,1.6981,2.837458,9.12153,8.5237,1.9562,NaN,3854
,M. Perley,9656151,Ryan Stanley,"Eastern Shore Water, St Anns Bank",PER2023767,"ScotiaFundy-6 ",,CTD_PER2023767_767A023_1_UP,NaN,upward,45.9097,-58.9892,2023-08-16T16:08:21Z,2023-08-16T16:08:21Z,2023-08-16T16:27:21Z,2023-08-16T16:24:27Z,63.465397,64.0,32.2569,32.2569,1.7041,2.837133,9.12096,8.5869,1.8242,NaN,3869
,M. Perley,9656151,Ryan Stanley,"Eastern Shore Water, St Anns Bank",PER2023767,"ScotiaFundy-6 ",,CTD_PER2023767_767A023_1_UP,NaN,upward,45.9097,-58.9892,2023-08-16T16:08:21Z,2023-08-16T16:08:21Z,2023-08-16T16:27:21Z,2023-08-16T16:24:33Z,61.4824,62.0,32.1917,32.1917,1.8812,2.846297,9.12496,8.4442,2.2887,NaN,3890
,M. Perley,9656151,Ryan Stanley,"Eastern Shore Water, St Anns Bank",PER2023767,"ScotiaFundy-6 ",,CTD_PER2023767_767A023_1_UP,NaN,upward,45.9097,-58.9892,2023-08-16T16:08:21Z,2023-08-16T16:08:21Z,2023-08-16T16:27:21Z,2023-08-16T16:24:37Z,59.499386,60.0,32.0948,32.0948,1.9174,2.841392,9.13089,8.4128,2.2709,NaN,3908
,M. Perley,9656151,Ryan Stanley,"Eastern Shore Water, St Anns Bank",PER2023767,"ScotiaFundy-6 ",,CTD_PER2023767_767A023_1_UP,NaN,upward,45.9097,-58.9892,2023-08-16T16:08:21Z,2023-08-16T16:08:21Z,2023-08-16T16:27:21Z,2023-08-16T16:24:42Z,57.516354,58.0,32.1119,32.1119,1.8372,2.836144,9.12863,8.5154,2.3616,NaN,3925
,M. Perley,9656151,Ryan Stanley,"Eastern Shore Water, St Anns Bank",PER2023767,"ScotiaFundy-6 ",,CTD_PER2023767_767A023_1_UP,NaN,upward,45.9097,-58.9892,2023-08-16T16:08:21Z,2023-08-16T16:08:21Z,2023-08-16T16:27:21Z,2023-08-16T16:24:47Z,55.5333,56.0,32.098,32.098,1.8405,2.835207,9.29219,8.5505,2.644,NaN,3945
,M. Perley,9656151,Ryan Stanley,"Eastern Shore Water, St Anns Bank",PER2023767,"ScotiaFundy-6 ",,CTD_PER2023767_767A023_1_UP,NaN,upward,45.9097,-58.9892,2023-08-16T16:08:21Z,2023-08-16T16:08:21Z,2023-08-16T16:27:21Z,2023-08-16T16:24:51Z,53.55023,54.0,32.0948,32.0948,1.8348,2.834409,9.34655,8.5866,3.424,NaN,3962
,M. Perley,9656151,Ryan Stanley,"Eastern Shore Water, St Anns Bank",PER2023767,"ScotiaFundy-6 ",,CTD_PER2023767_767A023_1_UP,NaN,upward,45.9097,-58.9892,2023-08-16T16:08:21Z,2023-08-16T16:08:21Z,2023-08-16T16:27:21Z,2023-08-16T16:24:56Z,51.567135,52.0,32.0645,32.0645,1.8737,2.835055,9.34838,8.5579,3.1769,NaN,3984
,M. Perley,9656151,Ryan Stanley,"Eastern Shore Water, St Anns Bank",PER2023767,"ScotiaFundy-6 ",,CTD_PER2023767_767A023_1_UP,NaN,upward,45.9097,-58.9892,2023-08-16T16:08:21Z,2023-08-16T16:08:21Z,2023-08-16T16:27:21Z,2023-08-16T16:25:01Z,49.584023,50.0,31.9742,31.9742,1.9926,2.837386,9.35364,8.5327,3.0097,NaN,4003
,M. Perley,9656151,Ryan Stanley,"Eastern Shore Water, St Anns Bank",PER2023767,"ScotiaFundy-6 ",,CTD_PER2023767_767A023_1_UP,NaN,upward,45.9097,-58.9892,2023-08-16T16:08:21Z,2023-08-16T16:08:21Z,2023-08-16T16:27:21Z,2023-08-16T16:25:06Z,47.600895,48.0,31.9301,31.9301,2.0239,2.836287,9.35591,8.5368,2.9663,NaN,4024
,M. Perley,9656151,Ryan Stanley,"Eastern Shore Water, St Anns Bank",PER2023767,"ScotiaFundy-6 ",,CTD_PER2023767_767A023_1_UP,NaN,upward,45.9097,-58.9892,2023-08-16T16:08:21Z,2023-08-16T16:08:21Z,2023-08-16T16:27:21Z,2023-08-16T16:25:10Z,45.617744,46.0,31.9131,31.9131,2.0237,2.834827,9.35574,8.5537,3.3651,NaN,4040
,M. Perley,9656151,Ryan Stanley,"Eastern Shore Water, St Anns Bank",PER2023767,"ScotiaFundy-6 ",,CTD_PER2023767_767A023_1_UP,NaN,upward,45.9097,-58.9892,2023-08-16T16:08:21Z,2023-08-16T16:08:21Z,2023-08-16T16:27:21Z,2023-08-16T16:25:17Z,43.634575,44.0,31.9259,31.9259,2.0123,2.834841,9.35455,8.5729,3.2001,NaN,4066
,M. Perley,9656151,Ryan Stanley,"Eastern Shore Water, St Anns Bank",PER2023767,"ScotiaFundy-6 ",,CTD_PER2023767_767A023_1_UP,NaN,upward,45.9097,-58.9892,2023-08-16T16:08:21Z,2023-08-16T16:08:21Z,2023-08-16T16:27:21Z,2023-08-16T16:25:33Z,37.684956,38.0,31.8559,31.8559,2.2299,2.846583,9.42042,8.6062,4.8173,NaN,4130
,M. Perley,9656151,Ryan Stanley,"Eastern Shore Water, St Anns Bank",PER2023767,"ScotiaFundy-6 ",,CTD_PER2023767_767A023_1_UP,NaN,upward,45.9097,-58.9892,2023-08-16T16:08:21Z,2023-08-16T16:08:21Z,2023-08-16T16:27:21Z,2023-08-16T16:25:46Z,33.718445,34.0,31.8114,31.8114,2.6628,2.877961,9.41983,8.6206,6.29,NaN,4184
,M. Perley,9656151,Ryan Stanley,"Eastern Shore Water, St Anns Bank",PER2023767,"ScotiaFundy-6 ",,CTD_PER2023767_767A023_1_UP,NaN,upward,45.9097,-58.9892,2023-08-16T16:08:21Z,2023-08-16T16:08:21Z,2023-08-16T16:27:21Z,2023-08-16T16:25:49Z,31.73516,32.0,31.663,31.663,2.8181,2.878368,9.40465,8.6101,6.6247,NaN,4194
,M. Perley,9656151,Ryan Stanley,"Eastern Shore Water, St Anns Bank",PER2023767,"ScotiaFundy-6 ",,CTD_PER2023767_767A023_1_UP,NaN,upward,45.9097,-58.9892,2023-08-16T16:08:21Z,2023-08-16T16:08:21Z,2023-08-16T16:27:21Z,2023-08-16T16:25:53Z,29.751858,30.0,31.6052,31.6052,2.9878,2.887295,9.32613,8.5759,7.2255,NaN,4213
,M. Perley,9656151,Ryan Stanley,"Eastern Shore Water, St Anns Bank",PER2023767,"ScotiaFundy-6 ",,CTD_PER2023767_767A023_1_UP,NaN,upward,45.9097,-58.9892,2023-08-16T16:08:21Z,2023-08-16T16:08:21Z,2023-08-16T16:27:21Z,2023-08-16T16:26:04Z,25.785194,26.0,31.4495,31.4495,3.0409,2.878498,9.35011,8.8857,8.5425,NaN,4254
,M. Perley,9656151,Ryan Stanley,"Eastern Shore Water, St Anns Bank",PER2023767,"ScotiaFundy-6 ",,CTD_PER2023767_767A023_1_UP,NaN,upward,45.9097,-58.9892,2023-08-16T16:08:21Z,2023-08-16T16:08:21Z,2023-08-16T16:27:21Z,2023-08-16T16:26:12Z,21.818453,22.0,31.6441,31.6441,3.4184,2.925283,9.33229,9.1415,13.5708,NaN,4288
,M. Perley,9656151,Ryan Stanley,"Eastern Shore Water, St Anns Bank",PER2023767,"ScotiaFundy-6 ",,CTD_PER2023767_767A023_1_UP,NaN,upward,45.9097,-58.9892,2023-08-16T16:08:21Z,2023-08-16T16:08:21Z,2023-08-16T16:27:21Z,2023-08-16T16:26:18Z,19.835054,20.0,31.4319,31.4319,4.6998,3.012114,9.09696,9.0886,17.0702,NaN,4310
,M. Perley,9656151,Ryan Stanley,"Eastern Shore Water, St Anns Bank",PER2023767,"ScotiaFundy-6 ",,CTD_PER2023767_767A023_1_UP,NaN,upward,45.9097,-58.9892,2023-08-16T16:08:21Z,2023-08-16T16:08:21Z,2023-08-16T16:27:21Z,2023-08-16T16:26:23Z,17.851635,18.0,30.8856,30.8856,7.0385,3.155702,9.07607,8.611,20.6422,NaN,4332
,M. Perley,9656151,Ryan Stanley,"Eastern Shore Water, St Anns Bank",PER2023767,"ScotiaFundy-6 ",,CTD_PER2023767_767A023_1_UP,NaN,upward,45.9097,-58.9892,2023-08-16T16:08:21Z,2023-08-16T16:08:21Z,2023-08-16T16:27:21Z,2023-08-16T16:26:29Z,15.868197,16.0,30.3853,30.3853,9.2307,3.290379,9.08954,8.2376,22.0349,NaN,4355
,M. Perley,9656151,Ryan Stanley,"Eastern Shore Water, St Anns Bank",PER2023767,"ScotiaFundy-6 ",,CTD_PER2023767_767A023_1_UP,NaN,upward,45.9097,-58.9892,2023-08-16T16:08:21Z,2023-08-16T16:08:21Z,2023-08-16T16:27:21Z,2023-08-16T16:26:34Z,13.88474,14.0,29.6338,29.6338,11.051,3.366873,9.16084,7.7309,20.8697,NaN,4375
,M. Perley,9656151,Ryan Stanley,"Eastern Shore Water, St Anns Bank",PER2023767,"ScotiaFundy-6 ",,CTD_PER2023767_767A023_1_UP,NaN,upward,45.9097,-58.9892,2023-08-16T16:08:21Z,2023-08-16T16:08:21Z,2023-08-16T16:27:21Z,2023-08-16T16:26:41Z,11.901263,12.0,30.0745,30.0745,13.5998,3.625349,9.09785,7.2606,8.39,NaN,4401
,M. Perley,9656151,Ryan Stanley,"Eastern Shore Water, St Anns Bank",PER2023767,"ScotiaFundy-6 ",,CTD_PER2023767_767A023_1_UP,NaN,upward,45.9097,-58.9892,2023-08-16T16:08:21Z,2023-08-16T16:08:21Z,2023-08-16T16:27:21Z,2023-08-16T16:26:45Z,9.917768,10.0,29.0909,29.0909,14.1751,3.56626,8.7668,7.1831,6.9294,NaN,4420
,M. Perley,9656151,Ryan Stanley,"Eastern Shore Water, St Anns Bank",PER2023767,"ScotiaFundy-6 ",,CTD_PER2023767_767A023_1_UP,NaN,upward,45.9097,-58.9892,2023-08-16T16:08:21Z,2023-08-16T16:08:21Z,2023-08-16T16:27:21Z,2023-08-16T16:26:51Z,7.9342527,8.0,29.2149,29.2149,15.5763,3.699012,7.65617,6.9397,5.1183,NaN,4441
,M. Perley,9656151,Ryan Stanley,"Eastern Shore Water, St Anns Bank",PER2023767,"ScotiaFundy-6 ",,CTD_PER2023767_767A023_1_UP,NaN,upward,45.9097,-58.9892,2023-08-16T16:08:21Z,2023-08-16T16:08:21Z,2023-08-16T16:27:21Z,2023-08-16T16:26:54Z,5.9507184,6.0,29.557,29.557,16.3297,3.801479,7.14499,6.7858,3.2019,NaN,4457
,M. Perley,9656151,Ryan Stanley,"Eastern Shore Water, St Anns Bank",PER2023767,"ScotiaFundy-6 ",,CTD_PER2023767_767A023_1_UP,NaN,upward,45.9097,-58.9892,2023-08-16T16:08:21Z,2023-08-16T16:08:21Z,2023-08-16T16:27:21Z,2023-08-16T16:27:21Z,1.983592,2.0,29.3531,29.3531,17.9121,3.91314,6.92765,6.3439,2.7623,NaN,4561
,M. Perley,9656151,Ryan Stanley,"Eastern Shore Water, St Anns Bank",PER2023767,"ScotiaFundy-6 ",,CTD_PER2023767_767A024_1_DN,NaN,downward,45.905,-59.0246,2023-08-16T17:39:38Z,2023-08-16T17:39:38Z,2023-08-16T17:48:35Z,2023-08-16T17:43:13Z,1.9835929,2.0,29.4356,29.4356,18.8174,4.001373,7.0074,5.811,2.3258,NaN,865
,M. Perley,9656151,Ryan Stanley,"Eastern Shore Water, St Anns Bank",PER2023767,"ScotiaFundy-6 ",,CTD_PER2023767_767A024_1_DN,NaN,downward,45.905,-59.0246,2023-08-16T17:39:38Z,2023-08-16T17:39:38Z,2023-08-16T17:48:35Z,2023-08-16T17:43:17Z,3.9671667,4.0,29.4345,29.4345,18.8376,4.003051,7.00814,5.9945,2.7636,NaN,880
,M. Perley,9656151,Ryan Stanley,"Eastern Shore Water, St Anns Bank",PER2023767,"ScotiaFundy-6 ",,CTD_PER2023767_767A024_1_DN,NaN,downward,45.905,-59.0246,2023-08-16T17:39:38Z,2023-08-16T17:39:38Z,2023-08-16T17:48:35Z,2023-08-16T17:43:22Z,5.950721,6.0,29.4307,29.4307,18.8163,4.000814,7.00861,6.1221,3.3852,NaN,899
,M. Perley,9656151,Ryan Stanley,"Eastern Shore Water, St Anns Bank",PER2023767,"ScotiaFundy-6 ",,CTD_PER2023767_767A024_1_DN,NaN,downward,45.905,-59.0246,2023-08-16T17:39:38Z,2023-08-16T17:39:38Z,2023-08-16T17:48:35Z,2023-08-16T17:43:26Z,7.934256,8.0,29.4197,29.4197,18.6904,3.988645,7.01064,6.2705,4.2335,NaN,915
,M. Perley,9656151,Ryan Stanley,"Eastern Shore Water, St Anns Bank",PER2023767,"ScotiaFundy-6 ",,CTD_PER2023767_767A024_1_DN,NaN,downward,45.905,-59.0246,2023-08-16T17:39:38Z,2023-08-16T17:39:38Z,2023-08-16T17:48:35Z,2023-08-16T17:43:31Z,9.917772,10.0,29.4309,29.4309,18.4616,3.970265,7.01129,6.336,5.687,NaN,935
,M. Perley,9656151,Ryan Stanley,"Eastern Shore Water, St Anns Bank",PER2023767,"ScotiaFundy-6 ",,CTD_PER2023767_767A024_1_DN,NaN,downward,45.905,-59.0246,2023-08-16T17:39:38Z,2023-08-16T17:39:38Z,2023-08-16T17:48:35Z,2023-08-16T17:43:36Z,11.901269,12.0,29.4237,29.4237,17.6952,3.903422,7.11433,6.6056,13.5064,NaN,954
,M. Perley,9656151,Ryan Stanley,"Eastern Shore Water, St Anns Bank",PER2023767,"ScotiaFundy-6 ",,CTD_PER2023767_767A024_1_DN,NaN,downward,45.905,-59.0246,2023-08-16T17:39:38Z,2023-08-16T17:39:38Z,2023-08-16T17:48:35Z,2023-08-16T17:43:40Z,13.884746,14.0,29.9626,29.9626,14.3205,3.676093,7.1226,7.2035,24.8025,NaN,969
,M. Perley,9656151,Ryan Stanley,"Eastern Shore Water, St Anns Bank",PER2023767,"ScotiaFundy-6 ",,CTD_PER2023767_767A024_1_DN,NaN,downward,45.905,-59.0246,2023-08-16T17:39:38Z,2023-08-16T17:39:38Z,2023-08-16T17:48:35Z,2023-08-16T17:43:45Z,15.868204,16.0,30.0238,30.0238,13.9076,3.647236,7.12688,7.3417,23.1086,NaN,990
,M. Perley,9656151,Ryan Stanley,"Eastern Shore Water, St Anns Bank",PER2023767,"ScotiaFundy-6 ",,CTD_PER2023767_767A024_1_DN,NaN,downward,45.905,-59.0246,2023-08-16T17:39:38Z,2023-08-16T17:39:38Z,2023-08-16T17:48:35Z,2023-08-16T17:43:50Z,17.851643,18.0,30.4766,30.4766,11.3612,3.478418,7.10725,7.7542,21.4938,NaN,1010
,M. Perley,9656151,Ryan Stanley,"Eastern Shore Water, St Anns Bank",PER2023767,"ScotiaFundy-6 ",,CTD_PER2023767_767A024_1_DN,NaN,downward,45.905,-59.0246,2023-08-16T17:39:38Z,2023-08-16T17:39:38Z,2023-08-16T17:48:35Z,2023-08-16T17:43:54Z,19.835062,20.0,31.5044,31.5044,9.2007,3.398989,7.06494,8.0641,22.1891,NaN,1025
,M. Perley,9656151,Ryan Stanley,"Eastern Shore Water, St Anns Bank",PER2023767,"ScotiaFundy-6 ",,CTD_PER2023767_767A024_1_DN,NaN,downward,45.905,-59.0246,2023-08-16T17:39:38Z,2023-08-16T17:39:38Z,2023-08-16T17:48:35Z,2023-08-16T17:43:59Z,21.818462,22.0,30.7614,30.7614,10.9276,3.471174,7.10041,7.5792,21.9987,NaN,1048
,M. Perley,9656151,Ryan Stanley,"Eastern Shore Water, St Anns Bank",PER2023767,"ScotiaFundy-6 ",,CTD_PER2023767_767A024_1_DN,NaN,downward,45.905,-59.0246,2023-08-16T17:39:38Z,2023-08-16T17:39:38Z,2023-08-16T17:48:35Z,2023-08-16T17:44:04Z,23.801844,24.0,30.5516,30.5516,9.5894,3.337352,9.11264,7.6788,13.2296,NaN,1069
,M. Perley,9656151,Ryan Stanley,"Eastern Shore Water, St Anns Bank",PER2023767,"ScotiaFundy-6 ",,CTD_PER2023767_767A024_1_DN,NaN,downward,45.905,-59.0246,2023-08-16T17:39:38Z,2023-08-16T17:39:38Z,2023-08-16T17:48:35Z,2023-08-16T17:44:15Z,27.768547,28.0,31.3518,31.3518,6.5948,3.16264,9.40465,7.8857,9.3142,NaN,1110
,M. Perley,9656151,Ryan Stanley,"Eastern Shore Water, St Anns Bank",PER2023767,"ScotiaFundy-6 ",,CTD_PER2023767_767A024_1_DN,NaN,downward,45.905,-59.0246,2023-08-16T17:39:38Z,2023-08-16T17:39:38Z,2023-08-16T17:48:35Z,2023-08-16T17:44:22Z,29.751871,30.0,31.714,31.714,4.0823,2.985867,9.38055,8.2964,7.3979,NaN,1138
,M. Perley,9656151,Ryan Stanley,"Eastern Shore Water, St Anns Bank",PER2023767,"ScotiaFundy-6 ",,CTD_PER2023767_767A024_1_DN,NaN,downward,45.905,-59.0246,2023-08-16T17:39:38Z,2023-08-16T17:39:38Z,2023-08-16T17:48:35Z,2023-08-16T17:44:27Z,31.735176,32.0,31.8357,31.8357,4.1813,3.004643,9.378,8.2499,7.0316,NaN,1159
,M. Perley,9656151,Ryan Stanley,"Eastern Shore Water, St Anns Bank",PER2023767,"ScotiaFundy-6 ",,CTD_PER2023767_767A024_1_DN,NaN,downward,45.905,-59.0246,2023-08-16T17:39:38Z,2023-08-16T17:39:38Z,2023-08-16T17:48:35Z,2023-08-16T17:44:42Z,37.68497,38.0,31.8187,31.8187,3.7264,2.965907,9.46254,8.24,6.2035,NaN,1220
,M. Perley,9656151,Ryan Stanley,"Eastern Shore Water, St Anns Bank",PER2023767,"ScotiaFundy-6 ",,CTD_PER2023767_767A024_1_DN,NaN,downward,45.905,-59.0246,2023-08-16T17:39:38Z,2023-08-16T17:39:38Z,2023-08-16T17:48:35Z,2023-08-16T17:44:54Z,41.651405,42.0,31.8973,31.8973,3.0403,2.916299,9.45725,8.0956,4.1929,NaN,1267
,M. Perley,9656151,Ryan Stanley,"Eastern Shore Water, St Anns Bank",PER2023767,"ScotiaFundy-6 ",,CTD_PER2023767_767A024_1_DN,NaN,downward,45.905,-59.0246,2023-08-16T17:39:38Z,2023-08-16T17:39:38Z,2023-08-16T17:48:35Z,2023-08-16T17:45:12Z,47.600914,48.0,32.0645,32.0645,2.5568,2.8907,9.2063,8.2345,2.5391,NaN,1340
,M. Perley,9656151,Ryan Stanley,"Eastern Shore Water, St Anns Bank",PER2023767,"ScotiaFundy-6 ",,CTD_PER2023767_767A024_1_DN,NaN,downward,45.905,-59.0246,2023-08-16T17:39:38Z,2023-08-16T17:39:38Z,2023-08-16T17:48:35Z,2023-08-16T17:45:15Z,49.584045,50.0,32.0269,32.0269,2.4176,2.8763,9.20829,8.2646,2.3222,NaN,1352
,M. Perley,9656151,Ryan Stanley,"Eastern Shore Water, St Anns Bank",PER2023767,"ScotiaFundy-6 ",,CTD_PER2023767_767A024_1_DN,NaN,downward,45.905,-59.0246,2023-08-16T17:39:38Z,2023-08-16T17:39:38Z,2023-08-16T17:48:35Z,2023-08-16T17:45:21Z,51.567158,52.0,32.0095,32.0095,2.2044,2.857565,9.20996,8.383,2.1775,NaN,1375
,M. Perley,9656151,Ryan Stanley,"Eastern Shore Water, St Anns Bank",PER2023767,"ScotiaFundy-6 ",,CTD_PER2023767_767A024_1_DN,NaN,downward,45.905,-59.0246,2023-08-16T17:39:38Z,2023-08-16T17:39:38Z,2023-08-16T17:48:35Z,2023-08-16T17:45:26Z,53.55025,54.0,32.1428,32.1428,1.9879,2.850768,9.19564,8.5071,2.3233,NaN,1394
,M. Perley,9656151,Ryan Stanley,"Eastern Shore Water, St Anns Bank",PER2023767,"ScotiaFundy-6 ",,CTD_PER2023767_767A024_1_DN,NaN,downward,45.905,-59.0246,2023-08-16T17:39:38Z,2023-08-16T17:39:38Z,2023-08-16T17:48:35Z,2023-08-16T17:45:38Z,57.516376,58.0,32.096,32.096,2.1482,2.860236,9.40913,8.382,1.9791,NaN,1442
,M. Perley,9656151,Ryan Stanley,"Eastern Shore Water, St Anns Bank",PER2023767,"ScotiaFundy-6 ",,CTD_PER2023767_767A024_1_DN,NaN,downward,45.905,-59.0246,2023-08-16T17:39:38Z,2023-08-16T17:39:38Z,2023-08-16T17:48:35Z,2023-08-16T17:46:14Z,69.4143,70.0,32.2165,32.2165,1.664,2.830931,9.39932,8.3551,1.6417,NaN,1585
,M. Perley,9656151,Ryan Stanley,"Eastern Shore Water, St Anns Bank",PER2023767,"ScotiaFundy-6 ",,CTD_PER2023767_767A024_1_DN,NaN,downward,45.905,-59.0246,2023-08-16T17:39:38Z,2023-08-16T17:39:38Z,2023-08-16T17:48:35Z,2023-08-16T17:46:17Z,71.39722,72.0,32.2484,32.2484,1.6584,2.833076,9.39726,8.3462,1.7496,NaN,1600
,M. Perley,9656151,Ryan Stanley,"Eastern Shore Water, St Anns Bank",PER2023767,"ScotiaFundy-6 ",,CTD_PER2023767_767A024_1_DN,NaN,downward,45.905,-59.0246,2023-08-16T17:39:38Z,2023-08-16T17:39:38Z,2023-08-16T17:48:35Z,2023-08-16T17:46:23Z,73.38012,74.0,32.2588,32.2588,1.6885,2.836449,9.39732,8.3328,1.6079,NaN,1623
,M. Perley,9656151,Ryan Stanley,"Eastern Shore Water, St Anns Bank",PER2023767,"ScotiaFundy-6 ",,CTD_PER2023767_767A024_1_DN,NaN,downward,45.905,-59.0246,2023-08-16T17:39:38Z,2023-08-16T17:39:38Z,2023-08-16T17:48:35Z,2023-08-16T17:46:27Z,75.363,76.0,32.324,32.324,1.6504,2.838623,9.39355,8.2261,1.607,NaN,1641
,M. Perley,9656151,Ryan Stanley,"Eastern Shore Water, St Anns Bank",PER2023767,"ScotiaFundy-6 ",,CTD_PER2023767_767A024_1_DN,NaN,downward,45.905,-59.0246,2023-08-16T17:39:38Z,2023-08-16T17:39:38Z,2023-08-16T17:48:35Z,2023-08-16T17:46:33Z,77.345856,78.0,32.3405,32.3405,1.5876,2.834888,9.36655,8.231,1.577,NaN,1663
,M. Perley,9656151,Ryan Stanley,"Eastern Shore Water, St Anns Bank",PER2023767,"ScotiaFundy-6 ",,CTD_PER2023767_767A024_1_DN,NaN,downward,45.905,-59.0246,2023-08-16T17:39:38Z,2023-08-16T17:39:38Z,2023-08-16T17:48:35Z,2023-08-16T17:46:41Z,81.31152,82.0,32.3802,32.3802,1.5983,2.839067,9.19897,8.2082,1.5162,NaN,1695
,M. Perley,9656151,Ryan Stanley,"Eastern Shore Water, St Anns Bank",PER2023767,"ScotiaFundy-6 ",,CTD_PER2023767_767A024_1_DN,NaN,downward,45.905,-59.0246,2023-08-16T17:39:38Z,2023-08-16T17:39:38Z,2023-08-16T17:48:35Z,2023-08-16T17:46:54Z,85.277115,86.0,32.4224,32.4224,1.5371,2.837617,9.19813,8.1786,1.5519,NaN,1748
,M. Perley,9656151,Ryan Stanley,"Eastern Shore Water, St Anns Bank",PER2023767,"ScotiaFundy-6 ",,CTD_PER2023767_767A024_1_DN,NaN,downward,45.905,-59.0246,2023-08-16T17:39:38Z,2023-08-16T17:39:38Z,2023-08-16T17:48:35Z,2023-08-16T17:46:59Z,87.25988,88.0,32.4414,32.4414,1.56,2.841089,9.19749,8.0933,1.5978,NaN,1766
,M. Perley,9656151,Ryan Stanley,"Eastern Shore Water, St Anns Bank",PER2023767,"ScotiaFundy-6 ",,CTD_PER2023767_767A024_1_DN,NaN,downward,45.905,-59.0246,2023-08-16T17:39:38Z,2023-08-16T17:39:38Z,2023-08-16T17:48:35Z,2023-08-16T17:47:04Z,89.24262,90.0,32.4608,32.4608,1.6025,2.846187,9.08015,8.041,1.5887,NaN,1787
,M. Perley,9656151,Ryan Stanley,"Eastern Shore Water, St Anns Bank",PER2023767,"ScotiaFundy-6 ",,CTD_PER2023767_767A024_1_DN,NaN,downward,45.905,-59.0246,2023-08-16T17:39:38Z,2023-08-16T17:39:38Z,2023-08-16T17:48:35Z,2023-08-16T17:47:09Z,91.22535,92.0,32.4676,32.4676,1.6377,2.849713,8.94738,8.0224,1.7779,NaN,1807
,M. Perley,9656151,Ryan Stanley,"Eastern Shore Water, St Anns Bank",PER2023767,"ScotiaFundy-6 ",,CTD_PER2023767_767A024_1_DN,NaN,downward,45.905,-59.0246,2023-08-16T17:39:38Z,2023-08-16T17:39:38Z,2023-08-16T17:48:35Z,2023-08-16T17:47:14Z,93.20806,94.0,32.4779,32.4779,1.6417,2.850949,8.9959,8.1045,1.7776,NaN,1827
,M. Perley,9656151,Ryan Stanley,"Eastern Shore Water, St Anns Bank",PER2023767,"ScotiaFundy-6 ",,CTD_PER2023767_767A024_1_DN,NaN,downward,45.905,-59.0246,2023-08-16T17:39:38Z,2023-08-16T17:39:38Z,2023-08-16T17:48:35Z,2023-08-16T17:47:22Z,97.173416,98.0,32.5012,32.5012,1.621,2.851242,8.99536,8.0299,1.5144,NaN,1860
,M. Perley,9656151,Ryan Stanley,"Eastern Shore Water, St Anns Bank",PER2023767,"ScotiaFundy-6 ",,CTD_PER2023767_767A024_1_DN,NaN,downward,45.905,-59.0246,2023-08-16T17:39:38Z,2023-08-16T17:39:38Z,2023-08-16T17:48:35Z,2023-08-16T17:47:29Z,99.15607,100.0,32.5262,32.5262,1.64,2.854916,8.99463,8.2196,1.5867,NaN,1885
,M. Perley,9656151,Ryan Stanley,"Eastern Shore Water, St Anns Bank",PER2023767,"ScotiaFundy-6 ",,CTD_PER2023767_767A024_1_DN,NaN,downward,45.905,-59.0246,2023-08-16T17:39:38Z,2023-08-16T17:39:38Z,2023-08-16T17:48:35Z,2023-08-16T17:47:34Z,101.1387,102.0,32.5761,32.5761,1.526,2.849601,8.99225,8.3428,2.398,NaN,1906
,M. Perley,9656151,Ryan Stanley,"Eastern Shore Water, St Anns Bank",PER2023767,"ScotiaFundy-6 ",,CTD_PER2023767_767A024_1_DN,NaN,downward,45.905,-59.0246,2023-08-16T17:39:38Z,2023-08-16T17:39:38Z,2023-08-16T17:48:35Z,2023-08-16T17:47:39Z,103.12131,104.0,32.604,32.604,1.4065,2.842061,9.08646,8.2826,1.6573,NaN,1926
,M. Perley,9656151,Ryan Stanley,"Eastern Shore Water, St Anns Bank",PER2023767,"ScotiaFundy-6 ",,CTD_PER2023767_767A024_1_DN,NaN,downward,45.905,-59.0246,2023-08-16T17:39:38Z,2023-08-16T17:39:38Z,2023-08-16T17:48:35Z,2023-08-16T17:48:06Z,113.03408,114.0,32.7631,32.7631,2.357,2.933924,8.01877,6.9153,1.4776,NaN,2036
,M. Perley,9656151,Ryan Stanley,"Eastern Shore Water, St Anns Bank",PER2023767,"ScotiaFundy-6 ",,CTD_PER2023767_767A024_1_DN,NaN,downward,45.905,-59.0246,2023-08-16T17:39:38Z,2023-08-16T17:39:38Z,2023-08-16T17:48:35Z,2023-08-16T17:48:08Z,115.01658,116.0,32.7151,32.7151,2.3653,2.930788,8.02413,6.918,1.4822,NaN,2044
,M. Perley,9656151,Ryan Stanley,"Eastern Shore Water, St Anns Bank",PER2023767,"ScotiaFundy-6 ",,CTD_PER2023767_767A024_1_DN,NaN,downward,45.905,-59.0246,2023-08-16T17:39:38Z,2023-08-16T17:39:38Z,2023-08-16T17:48:35Z,2023-08-16T17:48:14Z,116.999054,118.0,32.6072,32.6072,2.6828,2.948511,8.02919,6.8549,1.4548,NaN,2066
,M. Perley,9656151,Ryan Stanley,"Eastern Shore Water, St Anns Bank",PER2023767,"ScotiaFundy-6 ",,CTD_PER2023767_767A024_1_DN,NaN,downward,45.905,-59.0246,2023-08-16T17:39:38Z,2023-08-16T17:39:38Z,2023-08-16T17:48:35Z,2023-08-16T17:48:19Z,118.981514,120.0,32.7993,32.7993,2.729,2.968179,8.02002,6.8287,1.4496,NaN,2086
,M. Perley,9656151,Ryan Stanley,"Eastern Shore Water, St Anns Bank",PER2023767,"ScotiaFundy-6 ",,CTD_PER2023767_767A024_1_DN,NaN,downward,45.905,-59.0246,2023-08-16T17:39:38Z,2023-08-16T17:39:38Z,2023-08-16T17:48:35Z,2023-08-16T17:48:24Z,120.96395,122.0,32.9356,32.9356,2.8017,2.985521,8.0099,6.7751,1.4691,NaN,2106
,M. Perley,9656151,Ryan Stanley,"Eastern Shore Water, St Anns Bank",PER2023767,"ScotiaFundy-6 ",,CTD_PER2023767_767A024_1_DN,NaN,downward,45.905,-59.0246,2023-08-16T17:39:38Z,2023-08-16T17:39:38Z,2023-08-16T17:48:35Z,2023-08-16T17:48:29Z,122.94637,124.0,32.9285,32.9285,2.8457,2.988735,8.01246,6.6319,1.5406,NaN,2127
,M. Perley,9656151,Ryan Stanley,"Eastern Shore Water, St Anns Bank",PER2023767,"ScotiaFundy-6 ",,CTD_PER2023767_767A024_1_DN,NaN,downward,45.905,-59.0246,2023-08-16T17:39:38Z,2023-08-16T17:39:38Z,2023-08-16T17:48:35Z,2023-08-16T17:48:35Z,124.92877,126.0,32.9962,32.9962,2.9497,3.00314,7.69928,6.6016,1.4737,NaN,2150
,M. Perley,9656151,Ryan Stanley,"Eastern Shore Water, St Anns Bank",PER2023767,"ScotiaFundy-6 ",,CTD_PER2023767_767A024_1_UP,NaN,upward,45.905,-59.0246,2023-08-16T17:39:38Z,2023-08-16T17:39:38Z,2023-08-16T17:57:27Z,2023-08-16T17:51:01Z,122.94637,124.0,33.0123,33.0123,3.011,3.009561,7.39443,6.6505,1.445,NaN,2733
,M. Perley,9656151,Ryan Stanley,"Eastern Shore Water, St Anns Bank",PER2023767,"ScotiaFundy-6 ",,CTD_PER2023767_767A024_1_UP,NaN,upward,45.905,-59.0246,2023-08-16T17:39:38Z,2023-08-16T17:39:38Z,2023-08-16T17:57:27Z,2023-08-16T17:51:57Z,120.96395,122.0,33.0653,33.0653,3.0012,3.01301,7.27349,6.6831,1.4454,NaN,2960
,M. Perley,9656151,Ryan Stanley,"Eastern Shore Water, St Anns Bank",PER2023767,"ScotiaFundy-6 ",,CTD_PER2023767_767A024_1_UP,NaN,upward,45.905,-59.0246,2023-08-16T17:39:38Z,2023-08-16T17:39:38Z,2023-08-16T17:57:27Z,2023-08-16T17:52:02Z,118.981514,120.0,33.0458,33.0458,3.0009,3.011287,7.27461,6.7312,1.493,NaN,2978
,M. Perley,9656151,Ryan Stanley,"Eastern Shore Water, St Anns Bank",PER2023767,"ScotiaFundy-6 ",,CTD_PER2023767_767A024_1_UP,NaN,upward,45.905,-59.0246,2023-08-16T17:39:38Z,2023-08-16T17:39:38Z,2023-08-16T17:57:27Z,2023-08-16T17:52:06Z,116.999054,118.0,33.0583,33.0583,3.008,3.012843,7.27182,6.7662,1.1241,NaN,2995
,M. Perley,9656151,Ryan Stanley,"Eastern Shore Water, St Anns Bank",PER2023767,"ScotiaFundy-6 ",,CTD_PER2023767_767A024_1_UP,NaN,upward,45.905,-59.0246,2023-08-16T17:39:38Z,2023-08-16T17:39:38Z,2023-08-16T17:57:27Z,2023-08-16T17:52:11Z,115.01658,116.0,32.9988,32.9988,2.9805,3.005517,7.43249,6.8109,1.4143,NaN,3014
,M. Perley,9656151,Ryan Stanley,"Eastern Shore Water, St Anns Bank",PER2023767,"ScotiaFundy-6 ",,CTD_PER2023767_767A024_1_UP,NaN,upward,45.905,-59.0246,2023-08-16T17:39:38Z,2023-08-16T17:39:38Z,2023-08-16T17:57:27Z,2023-08-16T17:52:16Z,113.03408,114.0,32.9244,32.9244,2.8004,2.984151,7.4452,6.9989,1.4006,NaN,3036
,M. Perley,9656151,Ryan Stanley,"Eastern Shore Water, St Anns Bank",PER2023767,"ScotiaFundy-6 ",,CTD_PER2023767_767A024_1_UP,NaN,upward,45.905,-59.0246,2023-08-16T17:39:38Z,2023-08-16T17:39:38Z,2023-08-16T17:57:27Z,2023-08-16T17:52:21Z,111.05157,112.0,32.8921,32.8921,2.6573,2.969403,7.44612,7.141,1.4477,NaN,3054
,M. Perley,9656151,Ryan Stanley,"Eastern Shore Water, St Anns Bank",PER2023767,"ScotiaFundy-6 ",,CTD_PER2023767_767A024_1_UP,NaN,upward,45.905,-59.0246,2023-08-16T17:39:38Z,2023-08-16T17:39:38Z,2023-08-16T17:57:27Z,2023-08-16T17:52:26Z,109.06903,110.0,32.8421,32.8421,2.5515,2.956378,7.44784,7.4328,1.4433,NaN,3074
,M. Perley,9656151,Ryan Stanley,"Eastern Shore Water, St Anns Bank",PER2023767,"ScotiaFundy-6 ",,CTD_PER2023767_767A024_1_UP,NaN,upward,45.905,-59.0246,2023-08-16T17:39:38Z,2023-08-16T17:39:38Z,2023-08-16T17:57:27Z,2023-08-16T17:52:32Z,107.08648,108.0,32.6515,32.6515,2.3269,2.922093,7.45713,7.6896,1.5347,NaN,3098
,M. Perley,9656151,Ryan Stanley,"Eastern Shore Water, St Anns Bank",PER2023767,"ScotiaFundy-6 ",,CTD_PER2023767_767A024_1_UP,NaN,upward,45.905,-59.0246,2023-08-16T17:39:38Z,2023-08-16T17:39:38Z,2023-08-16T17:57:27Z,2023-08-16T17:52:37Z,105.103905,106.0,32.647,32.647,1.9296,2.888699,8.27254,7.9654,1.5864,NaN,3119
,M. Perley,9656151,Ryan Stanley,"Eastern Shore Water, St Anns Bank",PER2023767,"ScotiaFundy-6 ",,CTD_PER2023767_767A024_1_UP,NaN,upward,45.905,-59.0246,2023-08-16T17:39:38Z,2023-08-16T17:39:38Z,2023-08-16T17:57:27Z,2023-08-16T17:52:42Z,103.12131,104.0,32.6573,32.6573,1.6631,2.867416,8.5051,8.1428,1.6018,NaN,3141
,M. Perley,9656151,Ryan Stanley,"Eastern Shore Water, St Anns Bank",PER2023767,"ScotiaFundy-6 ",,CTD_PER2023767_767A024_1_UP,NaN,upward,45.905,-59.0246,2023-08-16T17:39:38Z,2023-08-16T17:39:38Z,2023-08-16T17:57:27Z,2023-08-16T17:52:48Z,101.1387,102.0,32.6688,32.6688,1.5731,2.860829,8.50179,8.2381,1.7479,NaN,3164
,M. Perley,9656151,Ryan Stanley,"Eastern Shore Water, St Anns Bank",PER2023767,"ScotiaFundy-6 ",,CTD_PER2023767_767A024_1_UP,NaN,upward,45.905,-59.0246,2023-08-16T17:39:38Z,2023-08-16T17:39:38Z,2023-08-16T17:57:27Z,2023-08-16T17:52:58Z,97.173416,98.0,32.6894,32.6894,1.6132,2.865611,8.50101,8.0104,1.6144,NaN,3203
,M. Perley,9656151,Ryan Stanley,"Eastern Shore Water, St Anns Bank",PER2023767,"ScotiaFundy-6 ",,CTD_PER2023767_767A024_1_UP,NaN,upward,45.905,-59.0246,2023-08-16T17:39:38Z,2023-08-16T17:39:38Z,2023-08-16T17:57:27Z,2023-08-16T17:53:13Z,93.20806,94.0,32.5704,32.5704,1.68,2.861431,8.93052,8.0035,1.5458,NaN,3261
,M. Perley,9656151,Ryan Stanley,"Eastern Shore Water, St Anns Bank",PER2023767,"ScotiaFundy-6 ",,CTD_PER2023767_767A024_1_UP,NaN,upward,45.905,-59.0246,2023-08-16T17:39:38Z,2023-08-16T17:39:38Z,2023-08-16T17:57:27Z,2023-08-16T17:53:16Z,91.22535,92.0,32.5327,32.5327,1.6784,2.858242,8.93279,8.0038,1.495,NaN,3276
,M. Perley,9656151,Ryan Stanley,"Eastern Shore Water, St Anns Bank",PER2023767,"ScotiaFundy-6 ",,CTD_PER2023767_767A024_1_UP,NaN,upward,45.905,-59.0246,2023-08-16T17:39:38Z,2023-08-16T17:39:38Z,2023-08-16T17:57:27Z,2023-08-16T17:53:20Z,89.24262,90.0,32.5532,32.5532,1.6732,2.85935,8.9258,8.008,1.3248,NaN,3293
,M. Perley,9656151,Ryan Stanley,"Eastern Shore Water, St Anns Bank",PER2023767,"ScotiaFundy-6 ",,CTD_PER2023767_767A024_1_UP,NaN,upward,45.905,-59.0246,2023-08-16T17:39:38Z,2023-08-16T17:39:38Z,2023-08-16T17:57:27Z,2023-08-16T17:53:33Z,85.277115,86.0,32.4771,32.4771,1.6621,2.852215,8.93437,8.109,1.4792,NaN,3344
,M. Perley,9656151,Ryan Stanley,"Eastern Shore Water, St Anns Bank",PER2023767,"ScotiaFundy-6 ",,CTD_PER2023767_767A024_1_UP,NaN,upward,45.905,-59.0246,2023-08-16T17:39:38Z,2023-08-16T17:39:38Z,2023-08-16T17:57:27Z,2023-08-16T17:53:54Z,79.3287,80.0,32.4004,32.4004,1.5859,2.839565,8.96659,8.2111,1.5244,NaN,3429
,M. Perley,9656151,Ryan Stanley,"Eastern Shore Water, St Anns Bank",PER2023767,"ScotiaFundy-6 ",,CTD_PER2023767_767A024_1_UP,NaN,upward,45.905,-59.0246,2023-08-16T17:39:38Z,2023-08-16T17:39:38Z,2023-08-16T17:57:27Z,2023-08-16T17:54:03Z,75.363,76.0,32.3765,32.3765,1.6043,2.839041,8.96725,8.2094,1.5305,NaN,3461
,M. Perley,9656151,Ryan Stanley,"Eastern Shore Water, St Anns Bank",PER2023767,"ScotiaFundy-6 ",,CTD_PER2023767_767A024_1_UP,NaN,upward,45.905,-59.0246,2023-08-16T17:39:38Z,2023-08-16T17:39:38Z,2023-08-16T17:57:27Z,2023-08-16T17:54:09Z,73.38012,74.0,32.3378,32.3378,1.5893,2.834639,9.06997,8.292,1.5846,NaN,3486
,M. Perley,9656151,Ryan Stanley,"Eastern Shore Water, St Anns Bank",PER2023767,"ScotiaFundy-6 ",,CTD_PER2023767_767A024_1_UP,NaN,upward,45.905,-59.0246,2023-08-16T17:39:38Z,2023-08-16T17:39:38Z,2023-08-16T17:57:27Z,2023-08-16T17:54:14Z,71.39722,72.0,32.3269,32.3269,1.5796,2.832887,9.07126,8.3143,1.6468,NaN,3506
,M. Perley,9656151,Ryan Stanley,"Eastern Shore Water, St Anns Bank",PER2023767,"ScotiaFundy-6 ",,CTD_PER2023767_767A024_1_UP,NaN,upward,45.905,-59.0246,2023-08-16T17:39:38Z,2023-08-16T17:39:38Z,2023-08-16T17:57:27Z,2023-08-16T17:54:23Z,67.43136,68.0,32.2757,32.2757,1.5838,2.82901,9.0735,8.4531,1.6922,NaN,3544
,M. Perley,9656151,Ryan Stanley,"Eastern Shore Water, St Anns Bank",PER2023767,"ScotiaFundy-6 ",,CTD_PER2023767_767A024_1_UP,NaN,upward,45.905,-59.0246,2023-08-16T17:39:38Z,2023-08-16T17:39:38Z,2023-08-16T17:57:27Z,2023-08-16T17:54:29Z,65.4484,66.0,32.2255,32.2255,1.6072,2.826828,9.07594,8.4549,1.7756,NaN,3567
,M. Perley,9656151,Ryan Stanley,"Eastern Shore Water, St Anns Bank",PER2023767,"ScotiaFundy-6 ",,CTD_PER2023767_767A024_1_UP,NaN,upward,45.905,-59.0246,2023-08-16T17:39:38Z,2023-08-16T17:39:38Z,2023-08-16T17:57:27Z,2023-08-16T17:54:33Z,63.465424,64.0,32.1972,32.1972,1.624,2.825853,9.07716,8.436,1.992,NaN,3584
,M. Perley,9656151,Ryan Stanley,"Eastern Shore Water, St Anns Bank",PER2023767,"ScotiaFundy-6 ",,CTD_PER2023767_767A024_1_UP,NaN,upward,45.905,-59.0246,2023-08-16T17:39:38Z,2023-08-16T17:39:38Z,2023-08-16T17:57:27Z,2023-08-16T17:54:45Z,59.499413,60.0,32.1578,32.1578,1.6453,2.824231,9.31349,8.5057,2.0925,NaN,3629
,M. Perley,9656151,Ryan Stanley,"Eastern Shore Water, St Anns Bank",PER2023767,"ScotiaFundy-6 ",,CTD_PER2023767_767A024_1_UP,NaN,upward,45.905,-59.0246,2023-08-16T17:39:38Z,2023-08-16T17:39:38Z,2023-08-16T17:57:27Z,2023-08-16T17:54:46Z,57.516376,58.0,32.167,32.167,1.6332,2.82393,9.31206,8.5953,2.08,NaN,3637
,M. Perley,9656151,Ryan Stanley,"Eastern Shore Water, St Anns Bank",PER2023767,"ScotiaFundy-6 ",,CTD_PER2023767_767A024_1_UP,NaN,upward,45.905,-59.0246,2023-08-16T17:39:38Z,2023-08-16T17:39:38Z,2023-08-16T17:57:27Z,2023-08-16T17:54:52Z,55.53332,56.0,32.1027,32.1027,1.7644,2.829402,9.31628,8.5978,2.5105,NaN,3660
,M. Perley,9656151,Ryan Stanley,"Eastern Shore Water, St Anns Bank",PER2023767,"ScotiaFundy-6 ",,CTD_PER2023767_767A024_1_UP,NaN,upward,45.905,-59.0246,2023-08-16T17:39:38Z,2023-08-16T17:39:38Z,2023-08-16T17:57:27Z,2023-08-16T17:54:57Z,53.55025,54.0,32.0297,32.0297,1.9208,2.83619,9.32007,8.5397,2.7628,NaN,3680
,M. Perley,9656151,Ryan Stanley,"Eastern Shore Water, St Anns Bank",PER2023767,"ScotiaFundy-6 ",,CTD_PER2023767_767A024_1_UP,NaN,upward,45.905,-59.0246,2023-08-16T17:39:38Z,2023-08-16T17:39:38Z,2023-08-16T17:57:27Z,2023-08-16T17:55:25Z,45.617764,46.0,31.9029,31.9029,2.206,2.848762,9.39593,8.4542,2.8418,NaN,3790
,M. Perley,9656151,Ryan Stanley,"Eastern Shore Water, St Anns Bank",PER2023767,"ScotiaFundy-6 ",,CTD_PER2023767_767A024_1_UP,NaN,upward,45.905,-59.0246,2023-08-16T17:39:38Z,2023-08-16T17:39:38Z,2023-08-16T17:57:27Z,2023-08-16T17:55:27Z,43.634594,44.0,31.792,31.792,2.256,2.843798,9.40884,8.534,3.2765,NaN,3797
,M. Perley,9656151,Ryan Stanley,"Eastern Shore Water, St Anns Bank",PER2023767,"ScotiaFundy-6 ",,CTD_PER2023767_767A024_1_UP,NaN,upward,45.905,-59.0246,2023-08-16T17:39:38Z,2023-08-16T17:39:38Z,2023-08-16T17:57:27Z,2023-08-16T17:55:39Z,39.668198,40.0,31.7842,31.7842,2.4541,2.859095,9.30333,8.5266,4.2984,NaN,3846
,M. Perley,9656151,Ryan Stanley,"Eastern Shore Water, St Anns Bank",PER2023767,"ScotiaFundy-6 ",,CTD_PER2023767_767A024_1_UP,NaN,upward,45.905,-59.0246,2023-08-16T17:39:38Z,2023-08-16T17:39:38Z,2023-08-16T17:57:27Z,2023-08-16T17:56:01Z,33.71846,34.0,31.6866,31.6866,2.7117,2.871717,9.30701,8.6402,5.3033,NaN,3936
,M. Perley,9656151,Ryan Stanley,"Eastern Shore Water, St Anns Bank",PER2023767,"ScotiaFundy-6 ",,CTD_PER2023767_767A024_1_UP,NaN,upward,45.905,-59.0246,2023-08-16T17:39:38Z,2023-08-16T17:39:38Z,2023-08-16T17:57:27Z,2023-08-16T17:56:14Z,29.751871,30.0,31.5907,31.5907,3.4,2.919618,9.29449,8.5581,7.4217,NaN,3987
,M. Perley,9656151,Ryan Stanley,"Eastern Shore Water, St Anns Bank",PER2023767,"ScotiaFundy-6 ",,CTD_PER2023767_767A024_1_UP,NaN,upward,45.905,-59.0246,2023-08-16T17:39:38Z,2023-08-16T17:39:38Z,2023-08-16T17:57:27Z,2023-08-16T17:56:24Z,25.785206,26.0,31.4567,31.4567,3.8315,2.943444,9.29786,8.6287,7.7419,NaN,4027
,M. Perley,9656151,Ryan Stanley,"Eastern Shore Water, St Anns Bank",PER2023767,"ScotiaFundy-6 ",,CTD_PER2023767_767A024_1_UP,NaN,upward,45.905,-59.0246,2023-08-16T17:39:38Z,2023-08-16T17:39:38Z,2023-08-16T17:57:27Z,2023-08-16T17:56:30Z,23.801844,24.0,31.3967,31.3967,4.347,2.980304,9.30524,8.8119,10.1114,NaN,4051
,M. Perley,9656151,Ryan Stanley,"Eastern Shore Water, St Anns Bank",PER2023767,"ScotiaFundy-6 ",,CTD_PER2023767_767A024_1_UP,NaN,upward,45.905,-59.0246,2023-08-16T17:39:38Z,2023-08-16T17:39:38Z,2023-08-16T17:57:27Z,2023-08-16T17:56:50Z,17.851643,18.0,30.8823,30.8823,7.1637,3.166191,9.11674,8.6023,19.9419,NaN,4130
,M. Perley,9656151,Ryan Stanley,"Eastern Shore Water, St Anns Bank",PER2023767,"ScotiaFundy-6 ",,CTD_PER2023767_767A024_1_UP,NaN,upward,45.905,-59.0246,2023-08-16T17:39:38Z,2023-08-16T17:39:38Z,2023-08-16T17:57:27Z,2023-08-16T17:56:53Z,15.868204,16.0,30.5337,30.5337,8.3733,3.233745,9.14299,8.4415,20.9669,NaN,4142
,M. Perley,9656151,Ryan Stanley,"Eastern Shore Water, St Anns Bank",PER2023767,"ScotiaFundy-6 ",,CTD_PER2023767_767A024_1_UP,NaN,upward,45.905,-59.0246,2023-08-16T17:39:38Z,2023-08-16T17:39:38Z,2023-08-16T17:57:27Z,2023-08-16T17:56:58Z,13.884746,14.0,29.9212,29.9212,10.0153,3.309958,9.19631,8.0889,24.8506,NaN,4162
,M. Perley,9656151,Ryan Stanley,"Eastern Shore Water, St Anns Bank",PER2023767,"ScotiaFundy-6 ",,CTD_PER2023767_767A024_1_UP,NaN,upward,45.905,-59.0246,2023-08-16T17:39:38Z,2023-08-16T17:39:38Z,2023-08-16T17:57:27Z,2023-08-16T17:57:11Z,9.917772,10.0,29.5275,29.5275,15.1994,3.701874,7.75127,6.9574,5.5784,NaN,4216
,M. Perley,9656151,Ryan Stanley,"Eastern Shore Water, St Anns Bank",PER2023767,"ScotiaFundy-6 ",,CTD_PER2023767_767A024_1_UP,NaN,upward,45.905,-59.0246,2023-08-16T17:39:38Z,2023-08-16T17:39:38Z,2023-08-16T17:57:27Z,2023-08-16T17:57:13Z,7.934256,8.0,28.1836,28.1836,15.1978,3.549944,7.90807,7.0506,2.7294,NaN,4224
,M. Perley,9656151,Ryan Stanley,"Eastern Shore Water, St Anns Bank",PER2023767,"ScotiaFundy-6 ",,CTD_PER2023767_767A024_1_UP,NaN,upward,45.905,-59.0246,2023-08-16T17:39:38Z,2023-08-16T17:39:38Z,2023-08-16T17:57:27Z,2023-08-16T17:57:25Z,3.9671667,4.0,29.2953,29.2953,15.8445,3.729949,7.74529,6.8511,3.1364,NaN,4270
,M. Perley,9656151,Ryan Stanley,"Eastern Shore Water, St Anns Bank",PER2023767,"ScotiaFundy-6 ",,CTD_PER2023767_767A024_1_UP,NaN,upward,45.905,-59.0246,2023-08-16T17:39:38Z,2023-08-16T17:39:38Z,2023-08-16T17:57:27Z,2023-08-16T17:57:27Z,1.9835929,2.0,28.7927,28.7927,15.856,3.673257,7.84589,6.8952,2.862,NaN,4279
,M. Perley,9656151,Ryan Stanley,"Eastern Shore Water, St Anns Bank",PER2023767,"ScotiaFundy-6 ",,CTD_PER2023767_767A025_1_DN,NaN,downward,45.9071,-59.0645,2023-08-16T19:04:19Z,2023-08-16T19:04:19Z,2023-08-16T19:14:18Z,2023-08-16T19:06:08Z,3.9671657,4.0,29.3924,29.3924,18.7721,3.992235,6.99227,6.4364,3.8581,NaN,440
,M. Perley,9656151,Ryan Stanley,"Eastern Shore Water, St Anns Bank",PER2023767,"ScotiaFundy-6 ",,CTD_PER2023767_767A025_1_DN,NaN,downward,45.9071,-59.0645,2023-08-16T19:04:19Z,2023-08-16T19:04:19Z,2023-08-16T19:14:18Z,2023-08-16T19:06:13Z,5.95072,6.0,29.3913,29.3913,18.7653,3.991582,6.99287,6.4443,4.5864,NaN,460
,M. Perley,9656151,Ryan Stanley,"Eastern Shore Water, St Anns Bank",PER2023767,"ScotiaFundy-6 ",,CTD_PER2023767_767A025_1_DN,NaN,downward,45.9071,-59.0645,2023-08-16T19:04:19Z,2023-08-16T19:04:19Z,2023-08-16T19:14:18Z,2023-08-16T19:06:47Z,17.851639,18.0,30.4223,30.4223,14.5847,3.749541,8.29534,7.4866,22.8111,NaN,594
,M. Perley,9656151,Ryan Stanley,"Eastern Shore Water, St Anns Bank",PER2023767,"ScotiaFundy-6 ",,CTD_PER2023767_767A025_1_DN,NaN,downward,45.9071,-59.0645,2023-08-16T19:04:19Z,2023-08-16T19:04:19Z,2023-08-16T19:14:18Z,2023-08-16T19:06:51Z,19.835058,20.0,30.9288,30.9288,12.2412,3.60054,8.26613,7.6145,22.1505,NaN,610
,M. Perley,9656151,Ryan Stanley,"Eastern Shore Water, St Anns Bank",PER2023767,"ScotiaFundy-6 ",,CTD_PER2023767_767A025_1_DN,NaN,downward,45.9071,-59.0645,2023-08-16T19:04:19Z,2023-08-16T19:04:19Z,2023-08-16T19:14:18Z,2023-08-16T19:07:14Z,27.768543,28.0,31.5021,31.5021,5.7965,3.109445,8.25662,8.0468,8.8042,NaN,703
,M. Perley,9656151,Ryan Stanley,"Eastern Shore Water, St Anns Bank",PER2023767,"ScotiaFundy-6 ",,CTD_PER2023767_767A025_1_DN,NaN,downward,45.9071,-59.0645,2023-08-16T19:04:19Z,2023-08-16T19:04:19Z,2023-08-16T19:14:18Z,2023-08-16T19:07:19Z,29.751865,30.0,31.6819,31.6819,5.3839,3.09106,9.04479,8.0762,8.013,NaN,722
,M. Perley,9656151,Ryan Stanley,"Eastern Shore Water, St Anns Bank",PER2023767,"ScotiaFundy-6 ",,CTD_PER2023767_767A025_1_DN,NaN,downward,45.9071,-59.0645,2023-08-16T19:04:19Z,2023-08-16T19:04:19Z,2023-08-16T19:14:18Z,2023-08-16T19:07:23Z,31.735168,32.0,31.7906,31.7906,4.5563,3.031753,9.43783,8.1942,6.5672,NaN,739
,M. Perley,9656151,Ryan Stanley,"Eastern Shore Water, St Anns Bank",PER2023767,"ScotiaFundy-6 ",,CTD_PER2023767_767A025_1_DN,NaN,downward,45.9071,-59.0645,2023-08-16T19:04:19Z,2023-08-16T19:04:19Z,2023-08-16T19:14:18Z,2023-08-16T19:07:29Z,33.718452,34.0,31.8379,31.8379,5.1816,3.088099,9.4212,8.0996,8.2523,NaN,763
,M. Perley,9656151,Ryan Stanley,"Eastern Shore Water, St Anns Bank",PER2023767,"ScotiaFundy-6 ",,CTD_PER2023767_767A025_1_DN,NaN,downward,45.9071,-59.0645,2023-08-16T19:04:19Z,2023-08-16T19:04:19Z,2023-08-16T19:14:18Z,2023-08-16T19:07:34Z,35.701717,36.0,31.5527,31.5527,5.056,3.05276,9.44317,8.0823,7.3035,NaN,782
,M. Perley,9656151,Ryan Stanley,"Eastern Shore Water, St Anns Bank",PER2023767,"ScotiaFundy-6 ",,CTD_PER2023767_767A025_1_DN,NaN,downward,45.9071,-59.0645,2023-08-16T19:04:19Z,2023-08-16T19:04:19Z,2023-08-16T19:14:18Z,2023-08-16T19:08:12Z,49.584038,50.0,32.0848,32.0848,2.4742,2.885651,9.56725,7.9722,2.2419,NaN,934
,M. Perley,9656151,Ryan Stanley,"Eastern Shore Water, St Anns Bank",PER2023767,"ScotiaFundy-6 ",,CTD_PER2023767_767A025_1_DN,NaN,downward,45.9071,-59.0645,2023-08-16T19:04:19Z,2023-08-16T19:04:19Z,2023-08-16T19:14:18Z,2023-08-16T19:08:20Z,53.55024,54.0,32.0859,32.0859,2.4189,2.881349,9.05159,7.9444,2.0212,NaN,966
,M. Perley,9656151,Ryan Stanley,"Eastern Shore Water, St Anns Bank",PER2023767,"ScotiaFundy-6 ",,CTD_PER2023767_767A025_1_DN,NaN,downward,45.9071,-59.0645,2023-08-16T19:04:19Z,2023-08-16T19:04:19Z,2023-08-16T19:14:18Z,2023-08-16T19:08:26Z,55.533314,56.0,32.1419,32.1419,2.3348,2.879126,9.05154,7.9194,2.0168,NaN,992
,M. Perley,9656151,Ryan Stanley,"Eastern Shore Water, St Anns Bank",PER2023767,"ScotiaFundy-6 ",,CTD_PER2023767_767A025_1_DN,NaN,downward,45.9071,-59.0645,2023-08-16T19:04:19Z,2023-08-16T19:04:19Z,2023-08-16T19:14:18Z,2023-08-16T19:08:31Z,57.516365,58.0,32.2339,32.2339,2.2554,2.880156,9.04662,7.939,1.9031,NaN,1013
,M. Perley,9656151,Ryan Stanley,"Eastern Shore Water, St Anns Bank",PER2023767,"ScotiaFundy-6 ",,CTD_PER2023767_767A025_1_DN,NaN,downward,45.9071,-59.0645,2023-08-16T19:04:19Z,2023-08-16T19:04:19Z,2023-08-16T19:14:18Z,2023-08-16T19:08:36Z,59.4994,60.0,32.2771,32.2771,2.1401,2.874265,9.04729,7.9879,1.7975,NaN,1031
,M. Perley,9656151,Ryan Stanley,"Eastern Shore Water, St Anns Bank",PER2023767,"ScotiaFundy-6 ",,CTD_PER2023767_767A025_1_DN,NaN,downward,45.9071,-59.0645,2023-08-16T19:04:19Z,2023-08-16T19:04:19Z,2023-08-16T19:14:18Z,2023-08-16T19:08:42Z,61.482414,62.0,32.2264,32.2264,2.0826,2.865557,9.04942,7.8997,1.7086,NaN,1054
,M. Perley,9656151,Ryan Stanley,"Eastern Shore Water, St Anns Bank",PER2023767,"ScotiaFundy-6 ",,CTD_PER2023767_767A025_1_DN,NaN,downward,45.9071,-59.0645,2023-08-16T19:04:19Z,2023-08-16T19:04:19Z,2023-08-16T19:14:18Z,2023-08-16T19:08:47Z,63.465412,64.0,32.2136,32.2136,2.0798,2.864385,8.94771,7.825,1.6554,NaN,1074
,M. Perley,9656151,Ryan Stanley,"Eastern Shore Water, St Anns Bank",PER2023767,"ScotiaFundy-6 ",,CTD_PER2023767_767A025_1_DN,NaN,downward,45.9071,-59.0645,2023-08-16T19:04:19Z,2023-08-16T19:04:19Z,2023-08-16T19:14:18Z,2023-08-16T19:08:52Z,65.44839,66.0,32.2172,32.2172,2.071,2.864039,8.91815,7.9318,1.6211,NaN,1095
,M. Perley,9656151,Ryan Stanley,"Eastern Shore Water, St Anns Bank",PER2023767,"ScotiaFundy-6 ",,CTD_PER2023767_767A025_1_DN,NaN,downward,45.9071,-59.0645,2023-08-16T19:04:19Z,2023-08-16T19:04:19Z,2023-08-16T19:14:18Z,2023-08-16T19:08:56Z,67.43134,68.0,32.2396,32.2396,1.9481,2.85587,8.91942,8.0704,1.5363,NaN,1112
,M. Perley,9656151,Ryan Stanley,"Eastern Shore Water, St Anns Bank",PER2023767,"ScotiaFundy-6 ",,CTD_PER2023767_767A025_1_DN,NaN,downward,45.9071,-59.0645,2023-08-16T19:04:19Z,2023-08-16T19:04:19Z,2023-08-16T19:14:18Z,2023-08-16T19:09:02Z,69.41428,70.0,32.2546,32.2546,1.9179,2.854695,8.91815,8.2073,1.6769,NaN,1136
,M. Perley,9656151,Ryan Stanley,"Eastern Shore Water, St Anns Bank",PER2023767,"ScotiaFundy-6 ",,CTD_PER2023767_767A025_1_DN,NaN,downward,45.9071,-59.0645,2023-08-16T19:04:19Z,2023-08-16T19:04:19Z,2023-08-16T19:14:18Z,2023-08-16T19:09:14Z,73.380104,74.0,32.3265,32.3265,1.6856,2.841624,8.91498,8.2852,1.6588,NaN,1182
,M. Perley,9656151,Ryan Stanley,"Eastern Shore Water, St Anns Bank",PER2023767,"ScotiaFundy-6 ",,CTD_PER2023767_767A025_1_DN,NaN,downward,45.9071,-59.0645,2023-08-16T19:04:19Z,2023-08-16T19:04:19Z,2023-08-16T19:14:18Z,2023-08-16T19:09:30Z,79.32868,80.0,32.3854,32.3854,1.633,2.842275,9.23225,8.2258,1.6536,NaN,1248
,M. Perley,9656151,Ryan Stanley,"Eastern Shore Water, St Anns Bank",PER2023767,"ScotiaFundy-6 ",,CTD_PER2023767_767A025_1_DN,NaN,downward,45.9071,-59.0645,2023-08-16T19:04:19Z,2023-08-16T19:04:19Z,2023-08-16T19:14:18Z,2023-08-16T19:09:35Z,81.31151,82.0,32.3955,32.3955,1.6463,2.844239,9.23189,8.1507,1.6679,NaN,1265
,M. Perley,9656151,Ryan Stanley,"Eastern Shore Water, St Anns Bank",PER2023767,"ScotiaFundy-6 ",,CTD_PER2023767_767A025_1_DN,NaN,downward,45.9071,-59.0645,2023-08-16T19:04:19Z,2023-08-16T19:04:19Z,2023-08-16T19:14:18Z,2023-08-16T19:09:39Z,83.29431,84.0,32.4019,32.4019,1.6539,2.845458,9.2321,8.0442,1.5637,NaN,1282
,M. Perley,9656151,Ryan Stanley,"Eastern Shore Water, St Anns Bank",PER2023767,"ScotiaFundy-6 ",,CTD_PER2023767_767A025_1_DN,NaN,downward,45.9071,-59.0645,2023-08-16T19:04:19Z,2023-08-16T19:04:19Z,2023-08-16T19:14:18Z,2023-08-16T19:09:52Z,89.24261,90.0,32.4441,32.4441,1.6523,2.848918,8.97356,8.0921,1.5487,NaN,1335
,M. Perley,9656151,Ryan Stanley,"Eastern Shore Water, St Anns Bank",PER2023767,"ScotiaFundy-6 ",,CTD_PER2023767_767A025_1_DN,NaN,downward,45.9071,-59.0645,2023-08-16T19:04:19Z,2023-08-16T19:04:19Z,2023-08-16T19:14:18Z,2023-08-16T19:14:18Z,109.06901,110.0,32.8658,32.8658,2.5371,2.957092,7.82488,7.1829,1.6251,NaN,2397
,M. Perley,9656151,Ryan Stanley,"Eastern Shore Water, St Anns Bank",PER2023767,"ScotiaFundy-6 ",,CTD_PER2023767_767A025_1_UP,NaN,upward,45.9071,-59.0645,2023-08-16T19:04:19Z,2023-08-16T19:04:19Z,2023-08-16T19:18:48Z,2023-08-16T19:14:21Z,107.08646,108.0,32.8595,32.8595,2.5045,2.953768,7.82567,7.246,1.634,NaN,2412
,M. Perley,9656151,Ryan Stanley,"Eastern Shore Water, St Anns Bank",PER2023767,"ScotiaFundy-6 ",,CTD_PER2023767_767A025_1_UP,NaN,upward,45.9071,-59.0645,2023-08-16T19:04:19Z,2023-08-16T19:04:19Z,2023-08-16T19:18:48Z,2023-08-16T19:14:25Z,105.10388,106.0,32.8413,32.8413,2.4771,2.949905,7.82403,7.2861,1.8385,NaN,2428
,M. Perley,9656151,Ryan Stanley,"Eastern Shore Water, St Anns Bank",PER2023767,"ScotiaFundy-6 ",,CTD_PER2023767_767A025_1_UP,NaN,upward,45.9071,-59.0645,2023-08-16T19:04:19Z,2023-08-16T19:04:19Z,2023-08-16T19:18:48Z,2023-08-16T19:14:30Z,103.12129,104.0,32.7836,32.7836,2.2835,2.928983,7.82973,7.5973,1.7124,NaN,2449
,M. Perley,9656151,Ryan Stanley,"Eastern Shore Water, St Anns Bank",PER2023767,"ScotiaFundy-6 ",,CTD_PER2023767_767A025_1_UP,NaN,upward,45.9071,-59.0645,2023-08-16T19:04:19Z,2023-08-16T19:04:19Z,2023-08-16T19:18:48Z,2023-08-16T19:14:35Z,101.13868,102.0,32.7372,32.7372,2.115,2.911109,7.8268,8.0107,1.703,NaN,2469
,M. Perley,9656151,Ryan Stanley,"Eastern Shore Water, St Anns Bank",PER2023767,"ScotiaFundy-6 ",,CTD_PER2023767_767A025_1_UP,NaN,upward,45.9071,-59.0645,2023-08-16T19:04:19Z,2023-08-16T19:04:19Z,2023-08-16T19:18:48Z,2023-08-16T19:14:44Z,97.1734,98.0,32.7477,32.7477,1.8642,2.891022,7.83259,8.0947,1.868,NaN,2501
,M. Perley,9656151,Ryan Stanley,"Eastern Shore Water, St Anns Bank",PER2023767,"ScotiaFundy-6 ",,CTD_PER2023767_767A025_1_UP,NaN,upward,45.9071,-59.0645,2023-08-16T19:04:19Z,2023-08-16T19:04:19Z,2023-08-16T19:18:48Z,2023-08-16T19:14:51Z,95.19073,96.0,32.6737,32.6737,1.6968,2.871163,8.8345,8.0354,1.7941,NaN,2529
,M. Perley,9656151,Ryan Stanley,"Eastern Shore Water, St Anns Bank",PER2023767,"ScotiaFundy-6 ",,CTD_PER2023767_767A025_1_UP,NaN,upward,45.9071,-59.0645,2023-08-16T19:04:19Z,2023-08-16T19:04:19Z,2023-08-16T19:18:48Z,2023-08-16T19:14:55Z,93.20804,94.0,32.6378,32.6378,1.6982,2.86831,9.09491,8.0247,1.3826,NaN,2546
,M. Perley,9656151,Ryan Stanley,"Eastern Shore Water, St Anns Bank",PER2023767,"ScotiaFundy-6 ",,CTD_PER2023767_767A025_1_UP,NaN,upward,45.9071,-59.0645,2023-08-16T19:04:19Z,2023-08-16T19:04:19Z,2023-08-16T19:18:48Z,2023-08-16T19:15:20Z,85.2771,86.0,32.4509,32.4509,1.7098,2.853991,8.88857,8.1689,1.7546,NaN,2647
,M. Perley,9656151,Ryan Stanley,"Eastern Shore Water, St Anns Bank",PER2023767,"ScotiaFundy-6 ",,CTD_PER2023767_767A025_1_UP,NaN,upward,45.9071,-59.0645,2023-08-16T19:04:19Z,2023-08-16T19:04:19Z,2023-08-16T19:18:48Z,2023-08-16T19:15:22Z,83.29431,84.0,32.4674,32.4674,1.7055,2.85491,8.88487,8.2106,1.7429,NaN,2655
,M. Perley,9656151,Ryan Stanley,"Eastern Shore Water, St Anns Bank",PER2023767,"ScotiaFundy-6 ",,CTD_PER2023767_767A025_1_UP,NaN,upward,45.9071,-59.0645,2023-08-16T19:04:19Z,2023-08-16T19:04:19Z,2023-08-16T19:18:48Z,2023-08-16T19:15:28Z,81.31151,82.0,32.4077,32.4077,1.643,2.844939,8.88966,8.2543,1.7682,NaN,2679
,M. Perley,9656151,Ryan Stanley,"Eastern Shore Water, St Anns Bank",PER2023767,"ScotiaFundy-6 ",,CTD_PER2023767_767A025_1_UP,NaN,upward,45.9071,-59.0645,2023-08-16T19:04:19Z,2023-08-16T19:04:19Z,2023-08-16T19:18:48Z,2023-08-16T19:15:33Z,79.32868,80.0,32.3798,32.3798,1.6129,2.840173,8.89063,8.2933,1.791,NaN,2699
,M. Perley,9656151,Ryan Stanley,"Eastern Shore Water, St Anns Bank",PER2023767,"ScotiaFundy-6 ",,CTD_PER2023767_767A025_1_UP,NaN,upward,45.9071,-59.0645,2023-08-16T19:04:19Z,2023-08-16T19:04:19Z,2023-08-16T19:18:48Z,2023-08-16T19:15:38Z,77.34584,78.0,32.3686,32.3686,1.6129,2.839191,8.89096,8.3156,1.7994,NaN,2718
,M. Perley,9656151,Ryan Stanley,"Eastern Shore Water, St Anns Bank",PER2023767,"ScotiaFundy-6 ",,CTD_PER2023767_767A025_1_UP,NaN,upward,45.9071,-59.0645,2023-08-16T19:04:19Z,2023-08-16T19:04:19Z,2023-08-16T19:18:48Z,2023-08-16T19:15:42Z,75.36298,76.0,32.3647,32.3647,1.6217,2.839516,8.88967,8.3218,1.8314,NaN,2734
,M. Perley,9656151,Ryan Stanley,"Eastern Shore Water, St Anns Bank",PER2023767,"ScotiaFundy-6 ",,CTD_PER2023767_767A025_1_UP,NaN,upward,45.9071,-59.0645,2023-08-16T19:04:19Z,2023-08-16T19:04:19Z,2023-08-16T19:18:48Z,2023-08-16T19:15:47Z,73.380104,74.0,32.3352,32.3352,1.6164,2.836645,9.11377,8.3411,1.9263,NaN,2757
,M. Perley,9656151,Ryan Stanley,"Eastern Shore Water, St Anns Bank",PER2023767,"ScotiaFundy-6 ",,CTD_PER2023767_767A025_1_UP,NaN,upward,45.9071,-59.0645,2023-08-16T19:04:19Z,2023-08-16T19:04:19Z,2023-08-16T19:18:48Z,2023-08-16T19:15:55Z,69.41428,70.0,32.3047,32.3047,1.6222,2.834563,9.21302,8.1749,1.9276,NaN,2789
,M. Perley,9656151,Ryan Stanley,"Eastern Shore Water, St Anns Bank",PER2023767,"ScotiaFundy-6 ",,CTD_PER2023767_767A025_1_UP,NaN,upward,45.9071,-59.0645,2023-08-16T19:04:19Z,2023-08-16T19:04:19Z,2023-08-16T19:18:48Z,2023-08-16T19:16:04Z,67.43134,68.0,32.2902,32.2902,1.6581,2.836205,9.2123,7.895,1.879,NaN,2822
,M. Perley,9656151,Ryan Stanley,"Eastern Shore Water, St Anns Bank",PER2023767,"ScotiaFundy-6 ",,CTD_PER2023767_767A025_1_UP,NaN,upward,45.9071,-59.0645,2023-08-16T19:04:19Z,2023-08-16T19:04:19Z,2023-08-16T19:18:48Z,2023-08-16T19:16:09Z,65.44839,66.0,32.2235,32.2235,1.9109,2.851446,9.21759,7.8616,1.8709,NaN,2844
,M. Perley,9656151,Ryan Stanley,"Eastern Shore Water, St Anns Bank",PER2023767,"ScotiaFundy-6 ",,CTD_PER2023767_767A025_1_UP,NaN,upward,45.9071,-59.0645,2023-08-16T19:04:19Z,2023-08-16T19:04:19Z,2023-08-16T19:18:48Z,2023-08-16T19:16:23Z,61.482414,62.0,32.1463,32.1463,1.9124,2.845165,8.70997,8.0636,1.94,NaN,2901
,M. Perley,9656151,Ryan Stanley,"Eastern Shore Water, St Anns Bank",PER2023767,"ScotiaFundy-6 ",,CTD_PER2023767_767A025_1_UP,NaN,upward,45.9071,-59.0645,2023-08-16T19:04:19Z,2023-08-16T19:04:19Z,2023-08-16T19:18:48Z,2023-08-16T19:16:27Z,59.4994,60.0,32.126,32.126,1.9164,2.843813,8.71109,8.0355,1.9631,NaN,2913
,M. Perley,9656151,Ryan Stanley,"Eastern Shore Water, St Anns Bank",PER2023767,"ScotiaFundy-6 ",,CTD_PER2023767_767A025_1_UP,NaN,upward,45.9071,-59.0645,2023-08-16T19:04:19Z,2023-08-16T19:04:19Z,2023-08-16T19:18:48Z,2023-08-16T19:16:31Z,57.516365,58.0,32.0939,32.0939,1.9402,2.84309,8.71222,8.0279,2.2887,NaN,2929
,M. Perley,9656151,Ryan Stanley,"Eastern Shore Water, St Anns Bank",PER2023767,"ScotiaFundy-6 ",,CTD_PER2023767_767A025_1_UP,NaN,upward,45.9071,-59.0645,2023-08-16T19:04:19Z,2023-08-16T19:04:19Z,2023-08-16T19:18:48Z,2023-08-16T19:16:37Z,55.533314,56.0,32.0586,32.0586,1.9727,2.84282,8.71391,8.1085,2.2303,NaN,2954
,M. Perley,9656151,Ryan Stanley,"Eastern Shore Water, St Anns Bank",PER2023767,"ScotiaFundy-6 ",,CTD_PER2023767_767A025_1_UP,NaN,upward,45.9071,-59.0645,2023-08-16T19:04:19Z,2023-08-16T19:04:19Z,2023-08-16T19:18:48Z,2023-08-16T19:16:42Z,53.55024,54.0,32.0422,32.0422,1.9976,2.84343,8.71413,8.1239,2.2487,NaN,2974
,M. Perley,9656151,Ryan Stanley,"Eastern Shore Water, St Anns Bank",PER2023767,"ScotiaFundy-6 ",,CTD_PER2023767_767A025_1_UP,NaN,upward,45.9071,-59.0645,2023-08-16T19:04:19Z,2023-08-16T19:04:19Z,2023-08-16T19:18:48Z,2023-08-16T19:17:29Z,37.684963,38.0,31.6519,31.6519,3.1115,2.901557,8.99149,8.5638,5.7374,NaN,3163
,M. Perley,9656151,Ryan Stanley,"Eastern Shore Water, St Anns Bank",PER2023767,"ScotiaFundy-6 ",,CTD_PER2023767_767A025_1_UP,NaN,upward,45.9071,-59.0645,2023-08-16T19:04:19Z,2023-08-16T19:04:19Z,2023-08-16T19:18:48Z,2023-08-16T19:17:33Z,35.701717,36.0,31.5436,31.5436,3.4032,2.916253,8.9997,8.5504,7.182,NaN,3178
,M. Perley,9656151,Ryan Stanley,"Eastern Shore Water, St Anns Bank",PER2023767,"ScotiaFundy-6 ",,CTD_PER2023767_767A025_1_UP,NaN,upward,45.9071,-59.0645,2023-08-16T19:04:19Z,2023-08-16T19:04:19Z,2023-08-16T19:18:48Z,2023-08-16T19:17:38Z,33.718452,34.0,31.3803,31.3803,3.8547,2.939178,9.01059,8.4532,8.1234,NaN,3200
,M. Perley,9656151,Ryan Stanley,"Eastern Shore Water, St Anns Bank",PER2023767,"ScotiaFundy-6 ",,CTD_PER2023767_767A025_1_UP,NaN,upward,45.9071,-59.0645,2023-08-16T19:04:19Z,2023-08-16T19:04:19Z,2023-08-16T19:18:48Z,2023-08-16T19:17:43Z,31.735168,32.0,31.3041,31.3041,3.85,2.932225,9.00957,8.4567,8.0793,NaN,3219
,M. Perley,9656151,Ryan Stanley,"Eastern Shore Water, St Anns Bank",PER2023767,"ScotiaFundy-6 ",,CTD_PER2023767_767A025_1_UP,NaN,upward,45.9071,-59.0645,2023-08-16T19:04:19Z,2023-08-16T19:04:19Z,2023-08-16T19:18:48Z,2023-08-16T19:17:48Z,29.751865,30.0,31.1824,31.1824,4.0054,2.934395,9.14284,8.5671,8.9455,NaN,3238
,M. Perley,9656151,Ryan Stanley,"Eastern Shore Water, St Anns Bank",PER2023767,"ScotiaFundy-6 ",,CTD_PER2023767_767A025_1_UP,NaN,upward,45.9071,-59.0645,2023-08-16T19:04:19Z,2023-08-16T19:04:19Z,2023-08-16T19:18:48Z,2023-08-16T19:17:52Z,27.768543,28.0,31.4115,31.4115,3.8459,2.940899,9.17116,8.6819,10.3359,NaN,3254
,M. Perley,9656151,Ryan Stanley,"Eastern Shore Water, St Anns Bank",PER2023767,"ScotiaFundy-6 ",,CTD_PER2023767_767A025_1_UP,NaN,upward,45.9071,-59.0645,2023-08-16T19:04:19Z,2023-08-16T19:04:19Z,2023-08-16T19:18:48Z,2023-08-16T19:17:57Z,25.7852,26.0,31.185,31.185,4.8674,3.004684,9.18192,8.7094,11.737,NaN,3275
,M. Perley,9656151,Ryan Stanley,"Eastern Shore Water, St Anns Bank",PER2023767,"ScotiaFundy-6 ",,CTD_PER2023767_767A025_1_UP,NaN,upward,45.9071,-59.0645,2023-08-16T19:04:19Z,2023-08-16T19:04:19Z,2023-08-16T19:18:48Z,2023-08-16T19:18:02Z,23.80184,24.0,30.9784,30.9784,5.4416,3.033397,9.19376,8.6713,16.0698,NaN,3295
,M. Perley,9656151,Ryan Stanley,"Eastern Shore Water, St Anns Bank",PER2023767,"ScotiaFundy-6 ",,CTD_PER2023767_767A025_1_UP,NaN,upward,45.9071,-59.0645,2023-08-16T19:04:19Z,2023-08-16T19:04:19Z,2023-08-16T19:18:48Z,2023-08-16T19:18:06Z,21.818459,22.0,30.9654,30.9654,6.1763,3.092351,9.19033,8.6586,19.6517,NaN,3310
,M. Perley,9656151,Ryan Stanley,"Eastern Shore Water, St Anns Bank",PER2023767,"ScotiaFundy-6 ",,CTD_PER2023767_767A025_1_UP,NaN,upward,45.9071,-59.0645,2023-08-16T19:04:19Z,2023-08-16T19:04:19Z,2023-08-16T19:18:48Z,2023-08-16T19:18:11Z,19.835058,20.0,30.6657,30.6657,6.9407,3.127864,9.20911,8.5138,20.6805,NaN,3332
,M. Perley,9656151,Ryan Stanley,"Eastern Shore Water, St Anns Bank",PER2023767,"ScotiaFundy-6 ",,CTD_PER2023767_767A025_1_UP,NaN,upward,45.9071,-59.0645,2023-08-16T19:04:19Z,2023-08-16T19:04:19Z,2023-08-16T19:18:48Z,2023-08-16T19:18:16Z,17.851639,18.0,30.4333,30.4333,7.559,3.156936,9.04835,8.3663,21.8971,NaN,3352
,M. Perley,9656151,Ryan Stanley,"Eastern Shore Water, St Anns Bank",PER2023767,"ScotiaFundy-6 ",,CTD_PER2023767_767A025_1_UP,NaN,upward,45.9071,-59.0645,2023-08-16T19:04:19Z,2023-08-16T19:04:19Z,2023-08-16T19:18:48Z,2023-08-16T19:18:21Z,15.868201,16.0,29.887,29.887,8.2122,3.158773,8.98731,8.1898,27.9996,NaN,3370
,M. Perley,9656151,Ryan Stanley,"Eastern Shore Water, St Anns Bank",PER2023767,"ScotiaFundy-6 ",,CTD_PER2023767_767A025_1_UP,NaN,upward,45.9071,-59.0645,2023-08-16T19:04:19Z,2023-08-16T19:04:19Z,2023-08-16T19:18:48Z,2023-08-16T19:18:26Z,13.884743,14.0,30.6104,30.6104,12.1404,3.557002,8.92115,7.4051,15.4874,NaN,3391
,M. Perley,9656151,Ryan Stanley,"Eastern Shore Water, St Anns Bank",PER2023767,"ScotiaFundy-6 ",,CTD_PER2023767_767A025_1_UP,NaN,upward,45.9071,-59.0645,2023-08-16T19:04:19Z,2023-08-16T19:04:19Z,2023-08-16T19:18:48Z,2023-08-16T19:18:31Z,11.901266,12.0,29.5231,29.5231,13.6809,3.57231,8.98547,7.2059,10.7661,NaN,3411
,M. Perley,9656151,Ryan Stanley,"Eastern Shore Water, St Anns Bank",PER2023767,"ScotiaFundy-6 ",,CTD_PER2023767_767A025_1_UP,NaN,upward,45.9071,-59.0645,2023-08-16T19:04:19Z,2023-08-16T19:04:19Z,2023-08-16T19:18:48Z,2023-08-16T19:18:40Z,7.9342546,8.0,29.0022,29.0022,15.1804,3.640752,9.0082,6.972,5.3929,NaN,3447
,M. Perley,9656151,Ryan Stanley,"Eastern Shore Water, St Anns Bank",PER2023767,"ScotiaFundy-6 ",,CTD_PER2023767_767A025_1_UP,NaN,upward,45.9071,-59.0645,2023-08-16T19:04:19Z,2023-08-16T19:04:19Z,2023-08-16T19:18:48Z,2023-08-16T19:18:44Z,5.95072,6.0,29.0538,29.0538,16.1914,3.731658,8.2068,6.8206,4.5125,NaN,3463
,M. Perley,9656151,Ryan Stanley,"Eastern Shore Water, St Anns Bank",PER2023767,"ScotiaFundy-6 ",,CTD_PER2023767_767A025_1_UP,NaN,upward,45.9071,-59.0645,2023-08-16T19:04:19Z,2023-08-16T19:04:19Z,2023-08-16T19:18:48Z,2023-08-16T19:18:48Z,3.9671657,4.0,29.2438,29.2438,16.3601,3.767758,6.60338,6.7837,4.021,NaN,3479
,M. Perley,9656151,Ryan Stanley,"Eastern Shore Water, St Anns Bank",PER2023767,"ScotiaFundy-6 ",,CTD_PER2023767_767A026_1_DN,NaN,downward,45.8895,-59.61,2023-08-17T11:10:23Z,2023-08-17T11:10:23Z,2023-08-17T11:14:29Z,2023-08-17T11:12:47Z,7.9342675,8.0,28.3469,28.3469,17.9751,3.797781,7.06719,6.3583,10.3005,NaN,580
,M. Perley,9656151,Ryan Stanley,"Eastern Shore Water, St Anns Bank",PER2023767,"ScotiaFundy-6 ",,CTD_PER2023767_767A026_1_DN,NaN,downward,45.8895,-59.61,2023-08-17T11:10:23Z,2023-08-17T11:10:23Z,2023-08-17T11:14:29Z,2023-08-17T11:12:52Z,9.917786,10.0,28.3516,28.3516,17.9816,3.798975,7.134,6.357,10.3272,NaN,598
,M. Perley,9656151,Ryan Stanley,"Eastern Shore Water, St Anns Bank",PER2023767,"ScotiaFundy-6 ",,CTD_PER2023767_767A026_1_DN,NaN,downward,45.8895,-59.61,2023-08-17T11:10:23Z,2023-08-17T11:10:23Z,2023-08-17T11:14:29Z,2023-08-17T11:12:55Z,11.901285,12.0,28.3532,28.3532,17.9932,3.800203,7.14778,6.3957,10.6433,NaN,611
,M. Perley,9656151,Ryan Stanley,"Eastern Shore Water, St Anns Bank",PER2023767,"ScotiaFundy-6 ",,CTD_PER2023767_767A026_1_DN,NaN,downward,45.8895,-59.61,2023-08-17T11:10:23Z,2023-08-17T11:10:23Z,2023-08-17T11:14:29Z,2023-08-17T11:13:00Z,13.884766,14.0,28.3561,28.3561,17.9913,3.800477,7.14807,6.3812,10.4471,NaN,632
,M. Perley,9656151,Ryan Stanley,"Eastern Shore Water, St Anns Bank",PER2023767,"ScotiaFundy-6 ",,CTD_PER2023767_767A026_1_DN,NaN,downward,45.8895,-59.61,2023-08-17T11:10:23Z,2023-08-17T11:10:23Z,2023-08-17T11:14:29Z,2023-08-17T11:13:05Z,15.868227,16.0,28.3617,28.3617,17.9472,3.79754,7.14839,6.3935,10.948,NaN,651
,M. Perley,9656151,Ryan Stanley,"Eastern Shore Water, St Anns Bank",PER2023767,"ScotiaFundy-6 ",,CTD_PER2023767_767A026_1_DN,NaN,downward,45.8895,-59.61,2023-08-17T11:10:23Z,2023-08-17T11:10:23Z,2023-08-17T11:14:29Z,2023-08-17T11:13:08Z,17.851667,18.0,28.4128,28.4128,17.7253,3.785232,7.14728,6.4372,11.2683,NaN,665
,M. Perley,9656151,Ryan Stanley,"Eastern Shore Water, St Anns Bank",PER2023767,"ScotiaFundy-6 ",,CTD_PER2023767_767A026_1_DN,NaN,downward,45.8895,-59.61,2023-08-17T11:10:23Z,2023-08-17T11:10:23Z,2023-08-17T11:14:29Z,2023-08-17T11:13:13Z,19.83509,20.0,28.4864,28.4864,17.4564,3.771648,7.14525,6.4453,11.542,NaN,685
,M. Perley,9656151,Ryan Stanley,"Eastern Shore Water, St Anns Bank",PER2023767,"ScotiaFundy-6 ",,CTD_PER2023767_767A026_1_DN,NaN,downward,45.8895,-59.61,2023-08-17T11:10:23Z,2023-08-17T11:10:23Z,2023-08-17T11:14:29Z,2023-08-17T11:13:17Z,21.818493,22.0,28.7269,28.7269,16.986,3.76091,7.1353,6.4883,11.2493,NaN,697
,M. Perley,9656151,Ryan Stanley,"Eastern Shore Water, St Anns Bank",PER2023767,"ScotiaFundy-6 ",,CTD_PER2023767_767A026_1_DN,NaN,downward,45.8895,-59.61,2023-08-17T11:10:23Z,2023-08-17T11:10:23Z,2023-08-17T11:14:29Z,2023-08-17T11:13:22Z,23.801878,24.0,29.0488,29.0488,15.9036,3.707292,7.22412,6.5649,9.7171,NaN,719
,M. Perley,9656151,Ryan Stanley,"Eastern Shore Water, St Anns Bank",PER2023767,"ScotiaFundy-6 ",,CTD_PER2023767_767A026_1_DN,NaN,downward,45.8895,-59.61,2023-08-17T11:10:23Z,2023-08-17T11:10:23Z,2023-08-17T11:14:29Z,2023-08-17T11:13:27Z,25.785242,26.0,29.3321,29.3321,14.79,3.645747,7.21891,6.6453,9.5721,NaN,738
,M. Perley,9656151,Ryan Stanley,"Eastern Shore Water, St Anns Bank",PER2023767,"ScotiaFundy-6 ",,CTD_PER2023767_767A026_1_DN,NaN,downward,45.8895,-59.61,2023-08-17T11:10:23Z,2023-08-17T11:10:23Z,2023-08-17T11:14:29Z,2023-08-17T11:13:31Z,27.768587,28.0,29.6741,29.6741,13.0513,3.537436,7.20503,6.953,9.2725,NaN,755
,M. Perley,9656151,Ryan Stanley,"Eastern Shore Water, St Anns Bank",PER2023767,"ScotiaFundy-6 ",,CTD_PER2023767_767A026_1_DN,NaN,downward,45.8895,-59.61,2023-08-17T11:10:23Z,2023-08-17T11:10:23Z,2023-08-17T11:14:29Z,2023-08-17T11:13:36Z,29.751913,30.0,29.9874,29.9874,12.6155,3.534072,7.19376,6.9583,8.0822,NaN,776
,M. Perley,9656151,Ryan Stanley,"Eastern Shore Water, St Anns Bank",PER2023767,"ScotiaFundy-6 ",,CTD_PER2023767_767A026_1_DN,NaN,downward,45.8895,-59.61,2023-08-17T11:10:23Z,2023-08-17T11:10:23Z,2023-08-17T11:14:29Z,2023-08-17T11:13:42Z,31.73522,32.0,30.2285,30.2285,10.9884,3.422453,7.18865,7.1669,7.2606,NaN,800
,M. Perley,9656151,Ryan Stanley,"Eastern Shore Water, St Anns Bank",PER2023767,"ScotiaFundy-6 ",,CTD_PER2023767_767A026_1_DN,NaN,downward,45.8895,-59.61,2023-08-17T11:10:23Z,2023-08-17T11:10:23Z,2023-08-17T11:14:29Z,2023-08-17T11:13:47Z,33.71851,34.0,30.9114,30.9114,9.1141,3.333693,7.16368,7.3787,6.1575,NaN,817
,M. Perley,9656151,Ryan Stanley,"Eastern Shore Water, St Anns Bank",PER2023767,"ScotiaFundy-6 ",,CTD_PER2023767_767A026_1_DN,NaN,downward,45.8895,-59.61,2023-08-17T11:10:23Z,2023-08-17T11:10:23Z,2023-08-17T11:14:29Z,2023-08-17T11:14:00Z,37.685024,38.0,31.1469,31.1469,7.9276,3.255606,8.38067,7.3701,4.7554,NaN,869
,M. Perley,9656151,Ryan Stanley,"Eastern Shore Water, St Anns Bank",PER2023767,"ScotiaFundy-6 ",,CTD_PER2023767_767A026_1_DN,NaN,downward,45.8895,-59.61,2023-08-17T11:10:23Z,2023-08-17T11:10:23Z,2023-08-17T11:14:29Z,2023-08-17T11:14:04Z,39.668255,40.0,31.3831,31.3831,6.6412,3.169698,8.3732,7.5664,4.1662,NaN,887
,M. Perley,9656151,Ryan Stanley,"Eastern Shore Water, St Anns Bank",PER2023767,"ScotiaFundy-6 ",,CTD_PER2023767_767A026_1_DN,NaN,downward,45.8895,-59.61,2023-08-17T11:10:23Z,2023-08-17T11:10:23Z,2023-08-17T11:14:29Z,2023-08-17T11:14:08Z,41.651466,42.0,32.0861,32.0861,5.4919,3.136963,8.29869,7.6837,4.4024,NaN,903
,M. Perley,9656151,Ryan Stanley,"Eastern Shore Water, St Anns Bank",PER2023767,"ScotiaFundy-6 ",,CTD_PER2023767_767A026_1_DN,NaN,downward,45.8895,-59.61,2023-08-17T11:10:23Z,2023-08-17T11:10:23Z,2023-08-17T11:14:29Z,2023-08-17T11:14:14Z,43.63466,44.0,31.883,31.883,5.5919,3.126913,8.3441,7.6328,3.9044,NaN,927
,M. Perley,9656151,Ryan Stanley,"Eastern Shore Water, St Anns Bank",PER2023767,"ScotiaFundy-6 ",,CTD_PER2023767_767A026_1_DN,NaN,downward,45.8895,-59.61,2023-08-17T11:10:23Z,2023-08-17T11:10:23Z,2023-08-17T11:14:29Z,2023-08-17T11:14:20Z,45.61783,46.0,31.8802,31.8802,4.4203,3.028906,8.77408,7.8139,3.7473,NaN,950
,M. Perley,9656151,Ryan Stanley,"Eastern Shore Water, St Anns Bank",PER2023767,"ScotiaFundy-6 ",,CTD_PER2023767_767A026_1_DN,NaN,downward,45.8895,-59.61,2023-08-17T11:10:23Z,2023-08-17T11:10:23Z,2023-08-17T11:14:29Z,2023-08-17T11:14:25Z,47.600983,48.0,31.7246,31.7246,4.5839,3.029118,8.90507,7.7475,3.6466,NaN,972
,M. Perley,9656151,Ryan Stanley,"Eastern Shore Water, St Anns Bank",PER2023767,"ScotiaFundy-6 ",,CTD_PER2023767_767A026_1_DN,NaN,downward,45.8895,-59.61,2023-08-17T11:10:23Z,2023-08-17T11:10:23Z,2023-08-17T11:14:29Z,2023-08-17T11:14:29Z,49.584118,50.0,31.5511,31.5511,3.8998,2.957749,8.98921,7.8947,2.5385,NaN,988
,M. Perley,9656151,Ryan Stanley,"Eastern Shore Water, St Anns Bank",PER2023767,"ScotiaFundy-6 ",,CTD_PER2023767_767A026_1_UP,NaN,upward,45.8895,-59.61,2023-08-17T11:10:23Z,2023-08-17T11:10:23Z,2023-08-17T11:19:08Z,2023-08-17T11:16:12Z,47.600983,48.0,31.6084,31.6084,3.9653,2.968245,8.92458,7.9446,3.444,NaN,1400
,M. Perley,9656151,Ryan Stanley,"Eastern Shore Water, St Anns Bank",PER2023767,"ScotiaFundy-6 ",,CTD_PER2023767_767A026_1_UP,NaN,upward,45.8895,-59.61,2023-08-17T11:10:23Z,2023-08-17T11:10:23Z,2023-08-17T11:19:08Z,2023-08-17T11:17:41Z,45.61783,46.0,31.595,31.595,3.6359,2.939958,8.89491,8.0387,3.461,NaN,1754
,M. Perley,9656151,Ryan Stanley,"Eastern Shore Water, St Anns Bank",PER2023767,"ScotiaFundy-6 ",,CTD_PER2023767_767A026_1_UP,NaN,upward,45.8895,-59.61,2023-08-17T11:10:23Z,2023-08-17T11:10:23Z,2023-08-17T11:19:08Z,2023-08-17T11:17:47Z,43.63466,44.0,31.6335,31.6335,3.7089,2.949098,8.89144,8.1047,3.5833,NaN,1780
,M. Perley,9656151,Ryan Stanley,"Eastern Shore Water, St Anns Bank",PER2023767,"ScotiaFundy-6 ",,CTD_PER2023767_767A026_1_UP,NaN,upward,45.8895,-59.61,2023-08-17T11:10:23Z,2023-08-17T11:10:23Z,2023-08-17T11:19:08Z,2023-08-17T11:17:54Z,41.651466,42.0,31.4415,31.4415,4.2398,2.976165,8.75388,8.0267,3.6573,NaN,1805
,M. Perley,9656151,Ryan Stanley,"Eastern Shore Water, St Anns Bank",PER2023767,"ScotiaFundy-6 ",,CTD_PER2023767_767A026_1_UP,NaN,upward,45.8895,-59.61,2023-08-17T11:10:23Z,2023-08-17T11:10:23Z,2023-08-17T11:19:08Z,2023-08-17T11:18:00Z,39.668255,40.0,31.2887,31.2887,4.5369,2.987246,8.75339,8.0022,3.8024,NaN,1831
,M. Perley,9656151,Ryan Stanley,"Eastern Shore Water, St Anns Bank",PER2023767,"ScotiaFundy-6 ",,CTD_PER2023767_767A026_1_UP,NaN,upward,45.8895,-59.61,2023-08-17T11:10:23Z,2023-08-17T11:10:23Z,2023-08-17T11:19:08Z,2023-08-17T11:18:05Z,37.685024,38.0,31.3597,31.3597,4.63,3.000945,8.74347,8.1772,3.6848,NaN,1851
,M. Perley,9656151,Ryan Stanley,"Eastern Shore Water, St Anns Bank",PER2023767,"ScotiaFundy-6 ",,CTD_PER2023767_767A026_1_UP,NaN,upward,45.8895,-59.61,2023-08-17T11:10:23Z,2023-08-17T11:10:23Z,2023-08-17T11:19:08Z,2023-08-17T11:18:08Z,35.70178,36.0,31.196,31.196,4.9167,3.010116,8.75705,8.1172,4.5612,NaN,1864
,M. Perley,9656151,Ryan Stanley,"Eastern Shore Water, St Anns Bank",PER2023767,"ScotiaFundy-6 ",,CTD_PER2023767_767A026_1_UP,NaN,upward,45.8895,-59.61,2023-08-17T11:10:23Z,2023-08-17T11:10:23Z,2023-08-17T11:19:08Z,2023-08-17T11:18:25Z,29.751913,30.0,30.3631,30.3631,7.8342,3.173501,8.06383,7.6889,6.9571,NaN,1930
,M. Perley,9656151,Ryan Stanley,"Eastern Shore Water, St Anns Bank",PER2023767,"ScotiaFundy-6 ",,CTD_PER2023767_767A026_1_UP,NaN,upward,45.8895,-59.61,2023-08-17T11:10:23Z,2023-08-17T11:10:23Z,2023-08-17T11:19:08Z,2023-08-17T11:18:32Z,27.768587,28.0,29.7434,29.7434,8.8028,3.193375,8.09643,7.624,7.7727,NaN,1959
,M. Perley,9656151,Ryan Stanley,"Eastern Shore Water, St Anns Bank",PER2023767,"ScotiaFundy-6 ",,CTD_PER2023767_767A026_1_UP,NaN,upward,45.8895,-59.61,2023-08-17T11:10:23Z,2023-08-17T11:10:23Z,2023-08-17T11:19:08Z,2023-08-17T11:19:07Z,19.83509,20.0,28.9584,28.9584,15.0698,3.627137,7.35553,6.8623,11.8208,NaN,2097
,M. Perley,9656151,Ryan Stanley,"Eastern Shore Water, St Anns Bank",PER2023767,"ScotiaFundy-6 ",,CTD_PER2023767_767A026_1_UP,NaN,upward,45.8895,-59.61,2023-08-17T11:10:23Z,2023-08-17T11:10:23Z,2023-08-17T11:19:08Z,2023-08-17T11:19:08Z,17.851667,18.0,27.9268,27.9268,15.8143,3.572019,7.43718,6.8198,11.7848,NaN,2105
,M. Perley,9656151,Ryan Stanley,"Eastern Shore Water, St Anns Bank",PER2023767,"ScotiaFundy-6 ",,CTD_PER2023767_767A027_1_DN,NaN,downward,45.8937,-59.5999,2023-08-17T14:15:52Z,2023-08-17T14:15:52Z,2023-08-17T14:21:29Z,2023-08-17T14:17:40Z,3.9671707,4.0,28.6905,28.6905,19.4109,3.960696,6.83811,6.3114,3.9266,NaN,436
,M. Perley,9656151,Ryan Stanley,"Eastern Shore Water, St Anns Bank",PER2023767,"ScotiaFundy-6 ",,CTD_PER2023767_767A027_1_DN,NaN,downward,45.8937,-59.5999,2023-08-17T14:15:52Z,2023-08-17T14:15:52Z,2023-08-17T14:21:29Z,2023-08-17T14:17:44Z,5.950727,6.0,28.7141,28.7141,19.2964,3.953949,6.83754,6.3111,4.8816,NaN,450
,M. Perley,9656151,Ryan Stanley,"Eastern Shore Water, St Anns Bank",PER2023767,"ScotiaFundy-6 ",,CTD_PER2023767_767A027_1_DN,NaN,downward,45.8937,-59.5999,2023-08-17T14:15:52Z,2023-08-17T14:15:52Z,2023-08-17T14:21:29Z,2023-08-17T14:17:49Z,7.934264,8.0,28.7075,28.7075,19.2474,3.949044,6.84976,6.3037,5.7206,NaN,470
,M. Perley,9656151,Ryan Stanley,"Eastern Shore Water, St Anns Bank",PER2023767,"ScotiaFundy-6 ",,CTD_PER2023767_767A027_1_DN,NaN,downward,45.8937,-59.5999,2023-08-17T14:15:52Z,2023-08-17T14:15:52Z,2023-08-17T14:21:29Z,2023-08-17T14:17:54Z,9.917782,10.0,28.6389,28.6389,19.0319,3.922366,6.85857,6.2855,6.5373,NaN,490
,M. Perley,9656151,Ryan Stanley,"Eastern Shore Water, St Anns Bank",PER2023767,"ScotiaFundy-6 ",,CTD_PER2023767_767A027_1_DN,NaN,downward,45.8937,-59.5999,2023-08-17T14:15:52Z,2023-08-17T14:15:52Z,2023-08-17T14:21:29Z,2023-08-17T14:17:57Z,11.901281,12.0,28.5128,28.5128,18.3946,3.853116,6.86964,6.3519,9.7936,NaN,503
,M. Perley,9656151,Ryan Stanley,"Eastern Shore Water, St Anns Bank",PER2023767,"ScotiaFundy-6 ",,CTD_PER2023767_767A027_1_DN,NaN,downward,45.8937,-59.5999,2023-08-17T14:15:52Z,2023-08-17T14:15:52Z,2023-08-17T14:21:29Z,2023-08-17T14:18:03Z,13.88476,14.0,28.6929,28.6929,16.6802,3.730796,6.86193,6.5731,13.0877,NaN,526
,M. Perley,9656151,Ryan Stanley,"Eastern Shore Water, St Anns Bank",PER2023767,"ScotiaFundy-6 ",,CTD_PER2023767_767A027_1_DN,NaN,downward,45.8937,-59.5999,2023-08-17T14:15:52Z,2023-08-17T14:15:52Z,2023-08-17T14:21:29Z,2023-08-17T14:18:08Z,15.86822,16.0,28.8366,28.8366,16.2762,3.713888,6.858,6.6096,13.6689,NaN,547
,M. Perley,9656151,Ryan Stanley,"Eastern Shore Water, St Anns Bank",PER2023767,"ScotiaFundy-6 ",,CTD_PER2023767_767A027_1_DN,NaN,downward,45.8937,-59.5999,2023-08-17T14:15:52Z,2023-08-17T14:15:52Z,2023-08-17T14:21:29Z,2023-08-17T14:20:18Z,17.851662,18.0,28.8545,28.8545,16.0579,3.697804,7.09895,6.6097,13.4906,NaN,1068
,M. Perley,9656151,Ryan Stanley,"Eastern Shore Water, St Anns Bank",PER2023767,"ScotiaFundy-6 ",,CTD_PER2023767_767A027_1_DN,NaN,downward,45.8937,-59.5999,2023-08-17T14:15:52Z,2023-08-17T14:15:52Z,2023-08-17T14:21:29Z,2023-08-17T14:21:29Z,19.835083,20.0,28.8119,28.8119,15.7249,3.665154,7.22382,6.7761,9.9233,NaN,1352
,M. Perley,9656151,Ryan Stanley,"Eastern Shore Water, St Anns Bank",PER2023767,"ScotiaFundy-6 ",,CTD_PER2023767_767A027_1_UP,NaN,upward,45.8937,-59.5999,2023-08-17T14:15:52Z,2023-08-17T14:15:52Z,2023-08-17T14:22:14Z,2023-08-17T14:21:29Z,17.851662,18.0,28.9411,28.9411,15.6991,3.677705,7.21224,6.6962,12.9899,NaN,1350
,M. Perley,9656151,Ryan Stanley,"Eastern Shore Water, St Anns Bank",PER2023767,"ScotiaFundy-6 ",,CTD_PER2023767_767A027_1_UP,NaN,upward,45.8937,-59.5999,2023-08-17T14:15:52Z,2023-08-17T14:15:52Z,2023-08-17T14:22:14Z,2023-08-17T14:21:33Z,15.86822,16.0,28.8937,28.8937,15.8581,3.685513,7.21501,6.6708,14.4505,NaN,1367
,M. Perley,9656151,Ryan Stanley,"Eastern Shore Water, St Anns Bank",PER2023767,"ScotiaFundy-6 ",,CTD_PER2023767_767A027_1_UP,NaN,upward,45.8937,-59.5999,2023-08-17T14:15:52Z,2023-08-17T14:15:52Z,2023-08-17T14:22:14Z,2023-08-17T14:21:41Z,13.88476,14.0,28.8555,28.8555,15.9882,3.69193,7.21544,6.6852,13.3071,NaN,1399
,M. Perley,9656151,Ryan Stanley,"Eastern Shore Water, St Anns Bank",PER2023767,"ScotiaFundy-6 ",,CTD_PER2023767_767A027_1_UP,NaN,upward,45.8937,-59.5999,2023-08-17T14:15:52Z,2023-08-17T14:15:52Z,2023-08-17T14:22:14Z,2023-08-17T14:21:48Z,11.901281,12.0,28.8389,28.8389,16.1823,3.70617,7.2155,6.7452,10.1959,NaN,1427
,M. Perley,9656151,Ryan Stanley,"Eastern Shore Water, St Anns Bank",PER2023767,"ScotiaFundy-6 ",,CTD_PER2023767_767A027_1_UP,NaN,upward,45.8937,-59.5999,2023-08-17T14:15:52Z,2023-08-17T14:15:52Z,2023-08-17T14:22:14Z,2023-08-17T14:21:55Z,9.917782,10.0,28.5892,28.5892,16.7351,3.723239,7.12795,6.6734,6.8932,NaN,1454
,M. Perley,9656151,Ryan Stanley,"Eastern Shore Water, St Anns Bank",PER2023767,"ScotiaFundy-6 ",,CTD_PER2023767_767A027_1_UP,NaN,upward,45.8937,-59.5999,2023-08-17T14:15:52Z,2023-08-17T14:15:52Z,2023-08-17T14:22:14Z,2023-08-17T14:22:00Z,7.934264,8.0,28.454,28.454,18.0576,3.817607,7.13833,6.5055,5.9507,NaN,1477
,M. Perley,9656151,Ryan Stanley,"Eastern Shore Water, St Anns Bank",PER2023767,"ScotiaFundy-6 ",,CTD_PER2023767_767A027_1_UP,NaN,upward,45.8937,-59.5999,2023-08-17T14:15:52Z,2023-08-17T14:15:52Z,2023-08-17T14:22:14Z,2023-08-17T14:22:05Z,5.950727,6.0,28.5436,28.5436,18.633,3.876808,7.13122,6.4357,5.037,NaN,1495
,M. Perley,9656151,Ryan Stanley,"Eastern Shore Water, St Anns Bank",PER2023767,"ScotiaFundy-6 ",,CTD_PER2023767_767A027_1_UP,NaN,upward,45.8937,-59.5999,2023-08-17T14:15:52Z,2023-08-17T14:15:52Z,2023-08-17T14:22:14Z,2023-08-17T14:22:09Z,3.9671707,4.0,28.5275,28.5275,18.8349,3.891763,7.13473,6.4333,4.2767,NaN,1512
,M. Perley,9656151,Ryan Stanley,"Eastern Shore Water, St Anns Bank",PER2023767,"ScotiaFundy-6 ",,CTD_PER2023767_767A027_1_UP,NaN,upward,45.8937,-59.5999,2023-08-17T14:15:52Z,2023-08-17T14:15:52Z,2023-08-17T14:22:14Z,2023-08-17T14:22:14Z,1.983595,2.0,28.6614,28.6614,19.047,3.926101,7.12545,6.3886,3.3335,NaN,1531
,M. Perley,9656151,Ryan Stanley,"Eastern Shore Water, St Anns Bank",PER2023767,"ScotiaFundy-6 ",,CTD_PER2023767_767A028_1_DN,NaN,downward,45.9492,-59.486,2023-08-17T15:09:33Z,2023-08-17T15:09:33Z,2023-08-17T15:14:09Z,2023-08-17T15:12:16Z,3.9671504,4.0,28.5559,28.5559,19.4512,3.947408,6.8612,5.7691,3.1567,NaN,654
,M. Perley,9656151,Ryan Stanley,"Eastern Shore Water, St Anns Bank",PER2023767,"ScotiaFundy-6 ",,CTD_PER2023767_767A028_1_DN,NaN,downward,45.9492,-59.486,2023-08-17T15:09:33Z,2023-08-17T15:09:33Z,2023-08-17T15:14:09Z,2023-08-17T15:12:19Z,5.9506965,6.0,28.62,28.62,19.2355,3.93714,6.86021,6.0875,4.2451,NaN,668
,M. Perley,9656151,Ryan Stanley,"Eastern Shore Water, St Anns Bank",PER2023767,"ScotiaFundy-6 ",,CTD_PER2023767_767A028_1_DN,NaN,downward,45.9492,-59.486,2023-08-17T15:09:33Z,2023-08-17T15:09:33Z,2023-08-17T15:14:09Z,2023-08-17T15:12:24Z,7.9342237,8.0,28.6518,28.6518,19.1099,3.930479,6.85928,6.1296,5.3209,NaN,688
,M. Perley,9656151,Ryan Stanley,"Eastern Shore Water, St Anns Bank",PER2023767,"ScotiaFundy-6 ",,CTD_PER2023767_767A028_1_DN,NaN,downward,45.9492,-59.486,2023-08-17T15:09:33Z,2023-08-17T15:09:33Z,2023-08-17T15:14:09Z,2023-08-17T15:12:29Z,9.917731,10.0,28.6806,28.6806,18.9938,3.924243,6.99503,6.1914,6.2798,NaN,709
,M. Perley,9656151,Ryan Stanley,"Eastern Shore Water, St Anns Bank",PER2023767,"ScotiaFundy-6 ",,CTD_PER2023767_767A028_1_DN,NaN,downward,45.9492,-59.486,2023-08-17T15:09:33Z,2023-08-17T15:09:33Z,2023-08-17T15:14:09Z,2023-08-17T15:12:34Z,11.90122,12.0,28.7184,28.7184,18.8746,3.918864,7.05582,6.3005,3.7001,NaN,727
,M. Perley,9656151,Ryan Stanley,"Eastern Shore Water, St Anns Bank",PER2023767,"ScotiaFundy-6 ",,CTD_PER2023767_767A028_1_DN,NaN,downward,45.9492,-59.486,2023-08-17T15:09:33Z,2023-08-17T15:09:33Z,2023-08-17T15:14:09Z,2023-08-17T15:12:40Z,13.884689,14.0,28.6354,28.6354,18.1444,3.847098,7.06202,6.2465,10.3559,NaN,749
,M. Perley,9656151,Ryan Stanley,"Eastern Shore Water, St Anns Bank",PER2023767,"ScotiaFundy-6 ",,CTD_PER2023767_767A028_1_DN,NaN,downward,45.9492,-59.486,2023-08-17T15:09:33Z,2023-08-17T15:09:33Z,2023-08-17T15:14:09Z,2023-08-17T15:12:45Z,15.868139,16.0,28.9487,28.9487,16.2956,3.728304,7.0519,6.4197,10.3201,NaN,770
,M. Perley,9656151,Ryan Stanley,"Eastern Shore Water, St Anns Bank",PER2023767,"ScotiaFundy-6 ",,CTD_PER2023767_767A028_1_DN,NaN,downward,45.9492,-59.486,2023-08-17T15:09:33Z,2023-08-17T15:09:33Z,2023-08-17T15:14:09Z,2023-08-17T15:12:49Z,17.85157,18.0,29.7314,29.7314,13.8888,3.615126,7.02027,6.7083,9.9812,NaN,786
,M. Perley,9656151,Ryan Stanley,"Eastern Shore Water, St Anns Bank",PER2023767,"ScotiaFundy-6 ",,CTD_PER2023767_767A028_1_DN,NaN,downward,45.9492,-59.486,2023-08-17T15:09:33Z,2023-08-17T15:09:33Z,2023-08-17T15:14:09Z,2023-08-17T15:12:54Z,19.834982,20.0,29.5932,29.5932,13.4172,3.559108,7.02978,6.8678,10.0593,NaN,809
,M. Perley,9656151,Ryan Stanley,"Eastern Shore Water, St Anns Bank",PER2023767,"ScotiaFundy-6 ",,CTD_PER2023767_767A028_1_DN,NaN,downward,45.9492,-59.486,2023-08-17T15:09:33Z,2023-08-17T15:09:33Z,2023-08-17T15:14:09Z,2023-08-17T15:12:59Z,21.818373,22.0,29.9804,29.9804,11.3955,3.430508,7.43689,7.2891,10.0962,NaN,827
,M. Perley,9656151,Ryan Stanley,"Eastern Shore Water, St Anns Bank",PER2023767,"ScotiaFundy-6 ",,CTD_PER2023767_767A028_1_DN,NaN,downward,45.9492,-59.486,2023-08-17T15:09:33Z,2023-08-17T15:09:33Z,2023-08-17T15:14:09Z,2023-08-17T15:13:04Z,23.801746,24.0,30.3828,30.3828,10.0571,3.359279,7.87848,7.2941,9.2384,NaN,845
,M. Perley,9656151,Ryan Stanley,"Eastern Shore Water, St Anns Bank",PER2023767,"ScotiaFundy-6 ",,CTD_PER2023767_767A028_1_DN,NaN,downward,45.9492,-59.486,2023-08-17T15:09:33Z,2023-08-17T15:09:33Z,2023-08-17T15:14:09Z,2023-08-17T15:13:07Z,25.7851,26.0,30.8267,30.8267,8.2328,3.250532,7.99556,7.5068,7.384,NaN,861
,M. Perley,9656151,Ryan Stanley,"Eastern Shore Water, St Anns Bank",PER2023767,"ScotiaFundy-6 ",,CTD_PER2023767_767A028_1_DN,NaN,downward,45.9492,-59.486,2023-08-17T15:09:33Z,2023-08-17T15:09:33Z,2023-08-17T15:14:09Z,2023-08-17T15:13:12Z,27.768435,28.0,31.1306,31.1306,7.1403,3.187726,7.98653,7.6766,6.1682,NaN,880
,M. Perley,9656151,Ryan Stanley,"Eastern Shore Water, St Anns Bank",PER2023767,"ScotiaFundy-6 ",,CTD_PER2023767_767A028_1_DN,NaN,downward,45.9492,-59.486,2023-08-17T15:09:33Z,2023-08-17T15:09:33Z,2023-08-17T15:14:09Z,2023-08-17T15:13:17Z,29.751749,30.0,31.1147,31.1147,6.7778,3.156185,7.98922,7.6897,5.9626,NaN,899
,M. Perley,9656151,Ryan Stanley,"Eastern Shore Water, St Anns Bank",PER2023767,"ScotiaFundy-6 ",,CTD_PER2023767_767A028_1_DN,NaN,downward,45.9492,-59.486,2023-08-17T15:09:33Z,2023-08-17T15:09:33Z,2023-08-17T15:14:09Z,2023-08-17T15:13:21Z,31.735046,32.0,31.5206,31.5206,5.5954,3.094821,7.96091,7.8468,6.4426,NaN,915
,M. Perley,9656151,Ryan Stanley,"Eastern Shore Water, St Anns Bank",PER2023767,"ScotiaFundy-6 ",,CTD_PER2023767_767A028_1_DN,NaN,downward,45.9492,-59.486,2023-08-17T15:09:33Z,2023-08-17T15:09:33Z,2023-08-17T15:14:09Z,2023-08-17T15:13:46Z,41.651237,42.0,31.5705,31.5705,4.1989,2.983883,9.09294,7.8448,2.7768,NaN,1015
,M. Perley,9656151,Ryan Stanley,"Eastern Shore Water, St Anns Bank",PER2023767,"ScotiaFundy-6 ",,CTD_PER2023767_767A028_1_DN,NaN,downward,45.9492,-59.486,2023-08-17T15:09:33Z,2023-08-17T15:09:33Z,2023-08-17T15:14:09Z,2023-08-17T15:13:49Z,43.63442,44.0,31.8165,31.8165,3.7356,2.96684,9.07526,7.9254,2.9908,NaN,1025
,M. Perley,9656151,Ryan Stanley,"Eastern Shore Water, St Anns Bank",PER2023767,"ScotiaFundy-6 ",,CTD_PER2023767_767A028_1_DN,NaN,downward,45.9492,-59.486,2023-08-17T15:09:33Z,2023-08-17T15:09:33Z,2023-08-17T15:14:09Z,2023-08-17T15:13:55Z,45.61758,46.0,31.6301,31.6301,3.9268,2.966764,9.0891,7.889,2.6412,NaN,1050
,M. Perley,9656151,Ryan Stanley,"Eastern Shore Water, St Anns Bank",PER2023767,"ScotiaFundy-6 ",,CTD_PER2023767_767A028_1_DN,NaN,downward,45.9492,-59.486,2023-08-17T15:09:33Z,2023-08-17T15:09:33Z,2023-08-17T15:14:09Z,2023-08-17T15:14:00Z,47.60072,48.0,31.6076,31.6076,3.9367,2.965763,9.01769,7.8855,2.6424,NaN,1070
,M. Perley,9656151,Ryan Stanley,"Eastern Shore Water, St Anns Bank",PER2023767,"ScotiaFundy-6 ",,CTD_PER2023767_767A028_1_DN,NaN,downward,45.9492,-59.486,2023-08-17T15:09:33Z,2023-08-17T15:09:33Z,2023-08-17T15:14:09Z,2023-08-17T15:14:03Z,49.583843,50.0,31.6638,31.6638,3.6026,2.943201,8.99833,7.9161,3.1263,NaN,1084
,M. Perley,9656151,Ryan Stanley,"Eastern Shore Water, St Anns Bank",PER2023767,"ScotiaFundy-6 ",,CTD_PER2023767_767A028_1_DN,NaN,downward,45.9492,-59.486,2023-08-17T15:09:33Z,2023-08-17T15:09:33Z,2023-08-17T15:14:09Z,2023-08-17T15:14:09Z,51.566948,52.0,31.6327,31.6327,3.6092,2.941206,9.00228,7.914,2.5893,NaN,1109
,M. Perley,9656151,Ryan Stanley,"Eastern Shore Water, St Anns Bank",PER2023767,"ScotiaFundy-6 ",,CTD_PER2023767_767A028_1_UP,NaN,upward,45.9492,-59.486,2023-08-17T15:09:33Z,2023-08-17T15:09:33Z,2023-08-17T15:19:37Z,2023-08-17T15:17:04Z,49.583843,50.0,31.6218,31.6218,3.4095,2.923895,8.89992,8.0335,2.7936,NaN,1807
,M. Perley,9656151,Ryan Stanley,"Eastern Shore Water, St Anns Bank",PER2023767,"ScotiaFundy-6 ",,CTD_PER2023767_767A028_1_UP,NaN,upward,45.9492,-59.486,2023-08-17T15:09:33Z,2023-08-17T15:09:33Z,2023-08-17T15:19:37Z,2023-08-17T15:17:53Z,47.60072,48.0,31.5569,31.5569,3.4793,2.924053,8.87682,8.0402,2.8457,NaN,2001
,M. Perley,9656151,Ryan Stanley,"Eastern Shore Water, St Anns Bank",PER2023767,"ScotiaFundy-6 ",,CTD_PER2023767_767A028_1_UP,NaN,upward,45.9492,-59.486,2023-08-17T15:09:33Z,2023-08-17T15:09:33Z,2023-08-17T15:19:37Z,2023-08-17T15:17:56Z,45.61758,46.0,31.5165,31.5165,3.5446,2.925893,8.87934,8.0362,3.3247,NaN,2016
,M. Perley,9656151,Ryan Stanley,"Eastern Shore Water, St Anns Bank",PER2023767,"ScotiaFundy-6 ",,CTD_PER2023767_767A028_1_UP,NaN,upward,45.9492,-59.486,2023-08-17T15:09:33Z,2023-08-17T15:09:33Z,2023-08-17T15:19:37Z,2023-08-17T15:18:02Z,43.63442,44.0,31.473,31.473,3.6078,2.9273,8.83048,8.0432,3.0196,NaN,2038
,M. Perley,9656151,Ryan Stanley,"Eastern Shore Water, St Anns Bank",PER2023767,"ScotiaFundy-6 ",,CTD_PER2023767_767A028_1_UP,NaN,upward,45.9492,-59.486,2023-08-17T15:09:33Z,2023-08-17T15:09:33Z,2023-08-17T15:19:37Z,2023-08-17T15:18:07Z,41.651237,42.0,31.4831,31.4831,3.6844,2.934315,8.83567,8.0484,2.9758,NaN,2058
,M. Perley,9656151,Ryan Stanley,"Eastern Shore Water, St Anns Bank",PER2023767,"ScotiaFundy-6 ",,CTD_PER2023767_767A028_1_UP,NaN,upward,45.9492,-59.486,2023-08-17T15:09:33Z,2023-08-17T15:09:33Z,2023-08-17T15:19:37Z,2023-08-17T15:18:12Z,39.668037,40.0,31.4171,31.4171,3.8548,2.942532,8.83946,8.0298,3.0346,NaN,2078
,M. Perley,9656151,Ryan Stanley,"Eastern Shore Water, St Anns Bank",PER2023767,"ScotiaFundy-6 ",,CTD_PER2023767_767A028_1_UP,NaN,upward,45.9492,-59.486,2023-08-17T15:09:33Z,2023-08-17T15:09:33Z,2023-08-17T15:19:37Z,2023-08-17T15:18:16Z,37.68482,38.0,31.365,31.365,4.0104,2.950721,8.84291,8.0173,3.1787,NaN,2095
,M. Perley,9656151,Ryan Stanley,"Eastern Shore Water, St Anns Bank",PER2023767,"ScotiaFundy-6 ",,CTD_PER2023767_767A028_1_UP,NaN,upward,45.9492,-59.486,2023-08-17T15:09:33Z,2023-08-17T15:09:33Z,2023-08-17T15:19:37Z,2023-08-17T15:18:22Z,35.70158,36.0,31.363,31.363,4.0466,2.953405,8.84162,8.1134,3.5947,NaN,2117
,M. Perley,9656151,Ryan Stanley,"Eastern Shore Water, St Anns Bank",PER2023767,"ScotiaFundy-6 ",,CTD_PER2023767_767A028_1_UP,NaN,upward,45.9492,-59.486,2023-08-17T15:09:33Z,2023-08-17T15:09:33Z,2023-08-17T15:19:37Z,2023-08-17T15:18:26Z,33.718323,34.0,31.3116,31.3116,4.3388,2.972776,8.8416,8.1464,4.6222,NaN,2136
,M. Perley,9656151,Ryan Stanley,"Eastern Shore Water, St Anns Bank",PER2023767,"ScotiaFundy-6 ",,CTD_PER2023767_767A028_1_UP,NaN,upward,45.9492,-59.486,2023-08-17T15:09:33Z,2023-08-17T15:09:33Z,2023-08-17T15:19:37Z,2023-08-17T15:18:31Z,31.735046,32.0,31.1549,31.1549,4.6844,2.987387,8.78391,8.1747,5.3103,NaN,2154
,M. Perley,9656151,Ryan Stanley,"Eastern Shore Water, St Anns Bank",PER2023767,"ScotiaFundy-6 ",,CTD_PER2023767_767A028_1_UP,NaN,upward,45.9492,-59.486,2023-08-17T15:09:33Z,2023-08-17T15:09:33Z,2023-08-17T15:19:37Z,2023-08-17T15:18:36Z,29.751749,30.0,31.001,31.001,5.2715,3.02176,8.79502,8.1125,5.9337,NaN,2175
,M. Perley,9656151,Ryan Stanley,"Eastern Shore Water, St Anns Bank",PER2023767,"ScotiaFundy-6 ",,CTD_PER2023767_767A028_1_UP,NaN,upward,45.9492,-59.486,2023-08-17T15:09:33Z,2023-08-17T15:09:33Z,2023-08-17T15:19:37Z,2023-08-17T15:18:40Z,27.768435,28.0,30.9234,30.9234,5.5974,3.041453,8.79602,8.1246,6.0632,NaN,2193
,M. Perley,9656151,Ryan Stanley,"Eastern Shore Water, St Anns Bank",PER2023767,"ScotiaFundy-6 ",,CTD_PER2023767_767A028_1_UP,NaN,upward,45.9492,-59.486,2023-08-17T15:09:33Z,2023-08-17T15:09:33Z,2023-08-17T15:19:37Z,2023-08-17T15:18:44Z,25.7851,26.0,30.8693,30.8693,5.7587,3.04974,8.8015,8.234,6.9704,NaN,2208
,M. Perley,9656151,Ryan Stanley,"Eastern Shore Water, St Anns Bank",PER2023767,"ScotiaFundy-6 ",,CTD_PER2023767_767A028_1_UP,NaN,upward,45.9492,-59.486,2023-08-17T15:09:33Z,2023-08-17T15:09:33Z,2023-08-17T15:19:37Z,2023-08-17T15:18:49Z,23.801746,24.0,30.6471,30.6471,6.3845,3.080711,8.8105,8.1138,8.9202,NaN,2228
,M. Perley,9656151,Ryan Stanley,"Eastern Shore Water, St Anns Bank",PER2023767,"ScotiaFundy-6 ",,CTD_PER2023767_767A028_1_UP,NaN,upward,45.9492,-59.486,2023-08-17T15:09:33Z,2023-08-17T15:09:33Z,2023-08-17T15:19:37Z,2023-08-17T15:18:58Z,19.834982,20.0,30.3949,30.3949,7.7386,3.168218,8.81518,8.0395,9.6572,NaN,2264
,M. Perley,9656151,Ryan Stanley,"Eastern Shore Water, St Anns Bank",PER2023767,"ScotiaFundy-6 ",,CTD_PER2023767_767A028_1_UP,NaN,upward,45.9492,-59.486,2023-08-17T15:09:33Z,2023-08-17T15:09:33Z,2023-08-17T15:19:37Z,2023-08-17T15:19:16Z,13.884689,14.0,30.2373,30.2373,9.7886,3.322203,7.95125,7.7493,12.2123,NaN,2334
,M. Perley,9656151,Ryan Stanley,"Eastern Shore Water, St Anns Bank",PER2023767,"ScotiaFundy-6 ",,CTD_PER2023767_767A028_1_UP,NaN,upward,45.9492,-59.486,2023-08-17T15:09:33Z,2023-08-17T15:09:33Z,2023-08-17T15:19:37Z,2023-08-17T15:19:19Z,11.90122,12.0,30.0335,30.0335,11.5155,3.446508,7.94533,7.4613,8.9405,NaN,2348
,M. Perley,9656151,Ryan Stanley,"Eastern Shore Water, St Anns Bank",PER2023767,"ScotiaFundy-6 ",,CTD_PER2023767_767A028_1_UP,NaN,upward,45.9492,-59.486,2023-08-17T15:09:33Z,2023-08-17T15:09:33Z,2023-08-17T15:19:37Z,2023-08-17T15:19:24Z,9.917731,10.0,28.7684,28.7684,15.0781,3.606107,8.02647,6.871,5.7921,NaN,2367
,M. Perley,9656151,Ryan Stanley,"Eastern Shore Water, St Anns Bank",PER2023767,"ScotiaFundy-6 ",,CTD_PER2023767_767A028_1_UP,NaN,upward,45.9492,-59.486,2023-08-17T15:09:33Z,2023-08-17T15:09:33Z,2023-08-17T15:19:37Z,2023-08-17T15:19:29Z,7.9342237,8.0,28.5513,28.5513,16.8146,3.724954,7.28254,6.6849,5.2711,NaN,2386
,M. Perley,9656151,Ryan Stanley,"Eastern Shore Water, St Anns Bank",PER2023767,"ScotiaFundy-6 ",,CTD_PER2023767_767A028_1_UP,NaN,upward,45.9492,-59.486,2023-08-17T15:09:33Z,2023-08-17T15:09:33Z,2023-08-17T15:19:37Z,2023-08-17T15:19:33Z,5.9506965,6.0,28.1916,28.1916,17.8398,3.767867,6.71121,6.583,4.1064,NaN,2402
,M. Perley,9656151,Ryan Stanley,"Eastern Shore Water, St Anns Bank",PER2023767,"ScotiaFundy-6 ",,CTD_PER2023767_767A028_1_UP,NaN,upward,45.9492,-59.486,2023-08-17T15:09:33Z,2023-08-17T15:09:33Z,2023-08-17T15:19:37Z,2023-08-17T15:19:37Z,3.9671504,4.0,28.2726,28.2726,18.2463,3.811264,6.78773,6.5353,3.7003,NaN,2419
,M. Perley,9656151,Ryan Stanley,"Eastern Shore Water, St Anns Bank",PER2023767,"ScotiaFundy-5 ",,CTD_PER2023767_767A029_1_DN,NaN,downward,45.0419,-59.4775,2023-08-17T15:55:42Z,2023-08-17T15:55:42Z,2023-08-17T16:00:18Z,2023-08-17T15:58:23Z,1.9837509,2.0,28.7036,28.7036,18.9986,3.927182,7.0072,5.9589,2.5931,NaN,649
,M. Perley,9656151,Ryan Stanley,"Eastern Shore Water, St Anns Bank",PER2023767,"ScotiaFundy-5 ",,CTD_PER2023767_767A029_1_DN,NaN,downward,45.0419,-59.4775,2023-08-17T15:55:42Z,2023-08-17T15:55:42Z,2023-08-17T16:00:18Z,2023-08-17T15:58:29Z,3.9674826,4.0,28.7152,28.7152,18.6597,3.899931,7.00736,6.049,3.436,NaN,671
,M. Perley,9656151,Ryan Stanley,"Eastern Shore Water, St Anns Bank",PER2023767,"ScotiaFundy-5 ",,CTD_PER2023767_767A029_1_DN,NaN,downward,45.0419,-59.4775,2023-08-17T15:55:42Z,2023-08-17T15:55:42Z,2023-08-17T16:00:18Z,2023-08-17T15:58:39Z,7.934888,8.0,28.6982,28.6982,18.1983,3.858998,7.00652,6.3339,5.1432,NaN,709
,M. Perley,9656151,Ryan Stanley,"Eastern Shore Water, St Anns Bank",PER2023767,"ScotiaFundy-5 ",,CTD_PER2023767_767A029_1_DN,NaN,downward,45.0419,-59.4775,2023-08-17T15:55:42Z,2023-08-17T15:55:42Z,2023-08-17T16:00:18Z,2023-08-17T15:58:44Z,9.918562,10.0,28.789,28.789,16.3183,3.71139,7.00156,6.7288,6.3966,NaN,732
,M. Perley,9656151,Ryan Stanley,"Eastern Shore Water, St Anns Bank",PER2023767,"ScotiaFundy-5 ",,CTD_PER2023767_767A029_1_DN,NaN,downward,45.0419,-59.4775,2023-08-17T15:55:42Z,2023-08-17T15:55:42Z,2023-08-17T16:00:18Z,2023-08-17T15:58:50Z,11.902217,12.0,29.2347,29.2347,14.2254,3.587031,6.98618,6.9954,9.8183,NaN,754
,M. Perley,9656151,Ryan Stanley,"Eastern Shore Water, St Anns Bank",PER2023767,"ScotiaFundy-5 ",,CTD_PER2023767_767A029_1_DN,NaN,downward,45.0419,-59.4775,2023-08-17T15:55:42Z,2023-08-17T15:55:42Z,2023-08-17T16:00:18Z,2023-08-17T15:58:55Z,13.885852,14.0,29.6496,29.6496,12.5731,3.493803,6.97049,7.2124,12.5437,NaN,775
,M. Perley,9656151,Ryan Stanley,"Eastern Shore Water, St Anns Bank",PER2023767,"ScotiaFundy-5 ",,CTD_PER2023767_767A029_1_DN,NaN,downward,45.0419,-59.4775,2023-08-17T15:55:42Z,2023-08-17T15:55:42Z,2023-08-17T16:00:18Z,2023-08-17T15:59:01Z,15.869468,16.0,29.97,29.97,11.7132,3.455856,6.95853,7.2079,12.5965,NaN,797
,M. Perley,9656151,Ryan Stanley,"Eastern Shore Water, St Anns Bank",PER2023767,"ScotiaFundy-5 ",,CTD_PER2023767_767A029_1_DN,NaN,downward,45.0419,-59.4775,2023-08-17T15:55:42Z,2023-08-17T15:55:42Z,2023-08-17T16:00:18Z,2023-08-17T15:59:06Z,17.853065,18.0,30.0786,30.0786,10.8791,3.39731,6.95514,7.1381,10.4991,NaN,817
,M. Perley,9656151,Ryan Stanley,"Eastern Shore Water, St Anns Bank",PER2023767,"ScotiaFundy-5 ",,CTD_PER2023767_767A029_1_DN,NaN,downward,45.0419,-59.4775,2023-08-17T15:55:42Z,2023-08-17T15:55:42Z,2023-08-17T16:00:18Z,2023-08-17T15:59:11Z,19.836641,20.0,30.1499,30.1499,10.3056,3.356724,8.22881,7.2013,8.5441,NaN,839
,M. Perley,9656151,Ryan Stanley,"Eastern Shore Water, St Anns Bank",PER2023767,"ScotiaFundy-5 ",,CTD_PER2023767_767A029_1_DN,NaN,downward,45.0419,-59.4775,2023-08-17T15:55:42Z,2023-08-17T15:55:42Z,2023-08-17T16:00:18Z,2023-08-17T15:59:16Z,21.8202,22.0,30.4119,30.4119,9.3527,3.303348,8.26464,7.3016,7.3349,NaN,860
,M. Perley,9656151,Ryan Stanley,"Eastern Shore Water, St Anns Bank",PER2023767,"ScotiaFundy-5 ",,CTD_PER2023767_767A029_1_DN,NaN,downward,45.0419,-59.4775,2023-08-17T15:55:42Z,2023-08-17T15:55:42Z,2023-08-17T16:00:18Z,2023-08-17T15:59:21Z,23.80374,24.0,30.9642,30.9642,7.9202,3.237694,8.23849,7.4457,3.0322,NaN,877
,M. Perley,9656151,Ryan Stanley,"Eastern Shore Water, St Anns Bank",PER2023767,"ScotiaFundy-5 ",,CTD_PER2023767_767A029_1_DN,NaN,downward,45.0419,-59.4775,2023-08-17T15:55:42Z,2023-08-17T15:55:42Z,2023-08-17T16:00:18Z,2023-08-17T15:59:27Z,25.78726,26.0,30.895,30.895,7.7788,3.21893,8.24447,7.4625,4.4377,NaN,902
,M. Perley,9656151,Ryan Stanley,"Eastern Shore Water, St Anns Bank",PER2023767,"ScotiaFundy-5 ",,CTD_PER2023767_767A029_1_DN,NaN,downward,45.0419,-59.4775,2023-08-17T15:55:42Z,2023-08-17T15:55:42Z,2023-08-17T16:00:18Z,2023-08-17T15:59:32Z,27.77076,28.0,31.0379,31.0379,6.9846,3.166175,8.24022,7.5689,3.9895,NaN,922
,M. Perley,9656151,Ryan Stanley,"Eastern Shore Water, St Anns Bank",PER2023767,"ScotiaFundy-5 ",,CTD_PER2023767_767A029_1_DN,NaN,downward,45.0419,-59.4775,2023-08-17T15:55:42Z,2023-08-17T15:55:42Z,2023-08-17T16:00:18Z,2023-08-17T15:59:37Z,29.754242,30.0,31.0052,31.0052,6.5091,3.123896,8.50501,7.6359,3.6759,NaN,944
,M. Perley,9656151,Ryan Stanley,"Eastern Shore Water, St Anns Bank",PER2023767,"ScotiaFundy-5 ",,CTD_PER2023767_767A029_1_DN,NaN,downward,45.0419,-59.4775,2023-08-17T15:55:42Z,2023-08-17T15:55:42Z,2023-08-17T16:00:18Z,2023-08-17T15:59:42Z,31.737703,32.0,31.1791,31.1791,5.7861,3.079973,8.69435,7.7316,3.6919,NaN,963
,M. Perley,9656151,Ryan Stanley,"Eastern Shore Water, St Anns Bank",PER2023767,"ScotiaFundy-5 ",,CTD_PER2023767_767A029_1_DN,NaN,downward,45.0419,-59.4775,2023-08-17T15:55:42Z,2023-08-17T15:55:42Z,2023-08-17T16:00:18Z,2023-08-17T15:59:47Z,33.721146,34.0,31.1561,31.1561,5.3127,3.038956,8.66169,7.8499,3.8197,NaN,985
,M. Perley,9656151,Ryan Stanley,"Eastern Shore Water, St Anns Bank",PER2023767,"ScotiaFundy-5 ",,CTD_PER2023767_767A029_1_DN,NaN,downward,45.0419,-59.4775,2023-08-17T15:55:42Z,2023-08-17T15:55:42Z,2023-08-17T16:00:18Z,2023-08-17T15:59:53Z,35.70457,36.0,31.3239,31.3239,4.7664,3.008857,8.65519,7.783,2.7977,NaN,1006
,M. Perley,9656151,Ryan Stanley,"Eastern Shore Water, St Anns Bank",PER2023767,"ScotiaFundy-5 ",,CTD_PER2023767_767A029_1_DN,NaN,downward,45.0419,-59.4775,2023-08-17T15:55:42Z,2023-08-17T15:55:42Z,2023-08-17T16:00:18Z,2023-08-17T15:59:58Z,37.687973,38.0,31.5089,31.5089,4.3034,2.986921,8.64582,7.8327,2.5944,NaN,1028
,M. Perley,9656151,Ryan Stanley,"Eastern Shore Water, St Anns Bank",PER2023767,"ScotiaFundy-5 ",,CTD_PER2023767_767A029_1_DN,NaN,downward,45.0419,-59.4775,2023-08-17T15:55:42Z,2023-08-17T15:55:42Z,2023-08-17T16:00:18Z,2023-08-17T16:00:03Z,39.67136,40.0,31.6081,31.6081,3.919,2.964002,8.64044,7.8909,2.4798,NaN,1046
,M. Perley,9656151,Ryan Stanley,"Eastern Shore Water, St Anns Bank",PER2023767,"ScotiaFundy-5 ",,CTD_PER2023767_767A029_1_DN,NaN,downward,45.0419,-59.4775,2023-08-17T15:55:42Z,2023-08-17T15:55:42Z,2023-08-17T16:00:18Z,2023-08-17T16:00:09Z,41.654724,42.0,31.5206,31.5206,4.0223,2.965109,8.80241,7.886,2.4009,NaN,1070
,M. Perley,9656151,Ryan Stanley,"Eastern Shore Water, St Anns Bank",PER2023767,"ScotiaFundy-5 ",,CTD_PER2023767_767A029_1_DN,NaN,downward,45.0419,-59.4775,2023-08-17T15:55:42Z,2023-08-17T15:55:42Z,2023-08-17T16:00:18Z,2023-08-17T16:00:14Z,43.638073,44.0,31.4785,31.4785,4.0301,2.962255,8.86659,7.8792,2.3224,NaN,1092
,M. Perley,9656151,Ryan Stanley,"Eastern Shore Water, St Anns Bank",PER2023767,"ScotiaFundy-5 ",,CTD_PER2023767_767A029_1_DN,NaN,downward,45.0419,-59.4775,2023-08-17T15:55:42Z,2023-08-17T15:55:42Z,2023-08-17T16:00:18Z,2023-08-17T16:00:18Z,45.6214,46.0,31.5487,31.5487,3.8188,2.951024,8.8807,7.9128,2.2041,NaN,1108
,M. Perley,9656151,Ryan Stanley,"Eastern Shore Water, St Anns Bank",PER2023767,"ScotiaFundy-5 ",,CTD_PER2023767_767A029_1_UP,NaN,upward,45.0419,-59.4775,2023-08-17T15:55:42Z,2023-08-17T15:55:42Z,2023-08-17T16:05:02Z,2023-08-17T16:03:40Z,41.654724,42.0,31.4243,31.4243,3.8515,2.942961,8.80223,7.9544,2.4437,NaN,1916
,M. Perley,9656151,Ryan Stanley,"Eastern Shore Water, St Anns Bank",PER2023767,"ScotiaFundy-5 ",,CTD_PER2023767_767A029_1_UP,NaN,upward,45.0419,-59.4775,2023-08-17T15:55:42Z,2023-08-17T15:55:42Z,2023-08-17T16:05:02Z,2023-08-17T16:03:45Z,39.67136,40.0,31.418,31.418,3.8526,2.942441,8.80219,7.9626,2.4554,NaN,1934
,M. Perley,9656151,Ryan Stanley,"Eastern Shore Water, St Anns Bank",PER2023767,"ScotiaFundy-5 ",,CTD_PER2023767_767A029_1_UP,NaN,upward,45.0419,-59.4775,2023-08-17T15:55:42Z,2023-08-17T15:55:42Z,2023-08-17T16:05:02Z,2023-08-17T16:03:49Z,37.687973,38.0,31.4159,31.4159,3.8538,2.942275,8.80158,7.9734,2.7534,NaN,1950
,M. Perley,9656151,Ryan Stanley,"Eastern Shore Water, St Anns Bank",PER2023767,"ScotiaFundy-5 ",,CTD_PER2023767_767A029_1_UP,NaN,upward,45.0419,-59.4775,2023-08-17T15:55:42Z,2023-08-17T15:55:42Z,2023-08-17T16:05:02Z,2023-08-17T16:03:54Z,35.70457,36.0,31.4083,31.4083,3.8623,2.94224,8.80152,8.0153,2.7284,NaN,1970
,M. Perley,9656151,Ryan Stanley,"Eastern Shore Water, St Anns Bank",PER2023767,"ScotiaFundy-5 ",,CTD_PER2023767_767A029_1_UP,NaN,upward,45.0419,-59.4775,2023-08-17T15:55:42Z,2023-08-17T15:55:42Z,2023-08-17T16:05:02Z,2023-08-17T16:03:58Z,33.721146,34.0,31.3839,31.3839,3.8954,2.942779,8.80231,8.1026,2.8824,NaN,1988
,M. Perley,9656151,Ryan Stanley,"Eastern Shore Water, St Anns Bank",PER2023767,"ScotiaFundy-5 ",,CTD_PER2023767_767A029_1_UP,NaN,upward,45.0419,-59.4775,2023-08-17T15:55:42Z,2023-08-17T15:55:42Z,2023-08-17T16:05:02Z,2023-08-17T16:04:06Z,29.754242,30.0,31.2703,31.2703,4.051,2.945622,8.80783,8.1624,3.8651,NaN,2021
,M. Perley,9656151,Ryan Stanley,"Eastern Shore Water, St Anns Bank",PER2023767,"ScotiaFundy-5 ",,CTD_PER2023767_767A029_1_UP,NaN,upward,45.0419,-59.4775,2023-08-17T15:55:42Z,2023-08-17T15:55:42Z,2023-08-17T16:05:02Z,2023-08-17T16:04:12Z,27.77076,28.0,31.0266,31.0266,4.6776,2.975495,8.72637,8.0286,3.7559,NaN,2042
,M. Perley,9656151,Ryan Stanley,"Eastern Shore Water, St Anns Bank",PER2023767,"ScotiaFundy-5 ",,CTD_PER2023767_767A029_1_UP,NaN,upward,45.0419,-59.4775,2023-08-17T15:55:42Z,2023-08-17T15:55:42Z,2023-08-17T16:05:02Z,2023-08-17T16:04:16Z,25.78726,26.0,30.9066,30.9066,5.2402,3.010634,8.72388,7.9513,4.0732,NaN,2058
,M. Perley,9656151,Ryan Stanley,"Eastern Shore Water, St Anns Bank",PER2023767,"ScotiaFundy-5 ",,CTD_PER2023767_767A029_1_UP,NaN,upward,45.0419,-59.4775,2023-08-17T15:55:42Z,2023-08-17T15:55:42Z,2023-08-17T16:05:02Z,2023-08-17T16:04:20Z,23.80374,24.0,30.7744,30.7744,5.6861,3.035256,8.73128,7.9533,4.7564,NaN,2075
,M. Perley,9656151,Ryan Stanley,"Eastern Shore Water, St Anns Bank",PER2023767,"ScotiaFundy-5 ",,CTD_PER2023767_767A029_1_UP,NaN,upward,45.0419,-59.4775,2023-08-17T15:55:42Z,2023-08-17T15:55:42Z,2023-08-17T16:05:02Z,2023-08-17T16:04:25Z,21.8202,22.0,30.6787,30.6787,6.5564,3.097677,8.72789,7.855,5.6746,NaN,2096
,M. Perley,9656151,Ryan Stanley,"Eastern Shore Water, St Anns Bank",PER2023767,"ScotiaFundy-5 ",,CTD_PER2023767_767A029_1_UP,NaN,upward,45.0419,-59.4775,2023-08-17T15:55:42Z,2023-08-17T15:55:42Z,2023-08-17T16:05:02Z,2023-08-17T16:04:29Z,19.836641,20.0,30.4649,30.4649,7.1219,3.124223,8.74858,7.7866,7.4136,NaN,2109
,M. Perley,9656151,Ryan Stanley,"Eastern Shore Water, St Anns Bank",PER2023767,"ScotiaFundy-5 ",,CTD_PER2023767_767A029_1_UP,NaN,upward,45.0419,-59.4775,2023-08-17T15:55:42Z,2023-08-17T15:55:42Z,2023-08-17T16:05:02Z,2023-08-17T16:04:34Z,17.853065,18.0,30.1096,30.1096,8.5302,3.205897,8.76063,7.6358,8.2918,NaN,2130
,M. Perley,9656151,Ryan Stanley,"Eastern Shore Water, St Anns Bank",PER2023767,"ScotiaFundy-5 ",,CTD_PER2023767_767A029_1_UP,NaN,upward,45.0419,-59.4775,2023-08-17T15:55:42Z,2023-08-17T15:55:42Z,2023-08-17T16:05:02Z,2023-08-17T16:04:38Z,15.869468,16.0,30.0333,30.0333,9.0815,3.243746,8.38394,7.6511,11.8569,NaN,2146
,M. Perley,9656151,Ryan Stanley,"Eastern Shore Water, St Anns Bank",PER2023767,"ScotiaFundy-5 ",,CTD_PER2023767_767A029_1_UP,NaN,upward,45.0419,-59.4775,2023-08-17T15:55:42Z,2023-08-17T15:55:42Z,2023-08-17T16:05:02Z,2023-08-17T16:04:42Z,13.885852,14.0,29.8973,29.8973,9.5572,3.269451,7.77919,7.7644,11.9782,NaN,2165
,M. Perley,9656151,Ryan Stanley,"Eastern Shore Water, St Anns Bank",PER2023767,"ScotiaFundy-5 ",,CTD_PER2023767_767A029_1_UP,NaN,upward,45.0419,-59.4775,2023-08-17T15:55:42Z,2023-08-17T15:55:42Z,2023-08-17T16:05:02Z,2023-08-17T16:04:47Z,11.902217,12.0,29.7576,29.7576,10.1264,3.302255,7.88516,7.7231,9.687,NaN,2183
,M. Perley,9656151,Ryan Stanley,"Eastern Shore Water, St Anns Bank",PER2023767,"ScotiaFundy-5 ",,CTD_PER2023767_767A029_1_UP,NaN,upward,45.0419,-59.4775,2023-08-17T15:55:42Z,2023-08-17T15:55:42Z,2023-08-17T16:05:02Z,2023-08-17T16:04:52Z,9.918562,10.0,29.3709,29.3709,11.6941,3.391431,7.8947,7.5496,7.5725,NaN,2202
,M. Perley,9656151,Ryan Stanley,"Eastern Shore Water, St Anns Bank",PER2023767,"ScotiaFundy-5 ",,CTD_PER2023767_767A029_1_UP,NaN,upward,45.0419,-59.4775,2023-08-17T15:55:42Z,2023-08-17T15:55:42Z,2023-08-17T16:05:02Z,2023-08-17T16:04:55Z,7.934888,8.0,29.1755,29.1755,12.6304,3.4482,7.91101,7.5369,5.1327,NaN,2214
,M. Perley,9656151,Ryan Stanley,"Eastern Shore Water, St Anns Bank",PER2023767,"ScotiaFundy-5 ",,CTD_PER2023767_767A029_1_UP,NaN,upward,45.0419,-59.4775,2023-08-17T15:55:42Z,2023-08-17T15:55:42Z,2023-08-17T16:05:02Z,2023-08-17T16:04:58Z,5.951195,6.0,28.7715,28.7715,14.5416,3.561216,7.9339,7.077,4.7066,NaN,2226
,M. Perley,9656151,Ryan Stanley,"Eastern Shore Water, St Anns Bank",PER2023767,"ScotiaFundy-5 ",,CTD_PER2023767_767A029_1_UP,NaN,upward,45.0419,-59.4775,2023-08-17T15:55:42Z,2023-08-17T15:55:42Z,2023-08-17T16:05:02Z,2023-08-17T16:05:00Z,3.9674826,4.0,28.8806,28.8806,14.8476,3.599336,7.91369,6.9563,3.4606,NaN,2236
,M. Perley,9656151,Ryan Stanley,"Eastern Shore Water, St Anns Bank",PER2023767,"ScotiaFundy-5 ",,CTD_PER2023767_767A029_1_UP,NaN,upward,45.0419,-59.4775,2023-08-17T15:55:42Z,2023-08-17T15:55:42Z,2023-08-17T16:05:02Z,2023-08-17T16:05:02Z,1.9837509,2.0,28.9356,28.9356,16.3426,3.730369,7.91197,6.7659,2.4428,NaN,2243
,M. Perley,9656151,Ryan Stanley,"Eastern Shore Water, St Anns Bank",PER2023767,"ScotiaFundy-6 ",,CTD_PER2023767_767A030_1_DN,NaN,downward,45.8959,-59.56,2023-08-18T11:23:46Z,2023-08-18T11:23:46Z,2023-08-18T11:29:05Z,2023-08-18T11:26:07Z,5.950726,6.0,28.5675,28.5675,19.5824,3.960051,6.78981,6.3104,7.3349,NaN,565
,M. Perley,9656151,Ryan Stanley,"Eastern Shore Water, St Anns Bank",PER2023767,"ScotiaFundy-6 ",,CTD_PER2023767_767A030_1_DN,NaN,downward,45.8959,-59.56,2023-08-18T11:23:46Z,2023-08-18T11:23:46Z,2023-08-18T11:29:05Z,2023-08-18T11:26:12Z,7.9342628,8.0,28.5673,28.5673,19.5817,3.960038,6.79897,6.3066,7.4138,NaN,586
,M. Perley,9656151,Ryan Stanley,"Eastern Shore Water, St Anns Bank",PER2023767,"ScotiaFundy-6 ",,CTD_PER2023767_767A030_1_DN,NaN,downward,45.8959,-59.56,2023-08-18T11:23:46Z,2023-08-18T11:23:46Z,2023-08-18T11:29:05Z,2023-08-18T11:26:16Z,9.91778,10.0,28.589,28.589,19.5232,3.957855,6.80127,6.2686,9.0632,NaN,605
,M. Perley,9656151,Ryan Stanley,"Eastern Shore Water, St Anns Bank",PER2023767,"ScotiaFundy-6 ",,CTD_PER2023767_767A030_1_DN,NaN,downward,45.8959,-59.56,2023-08-18T11:23:46Z,2023-08-18T11:23:46Z,2023-08-18T11:29:05Z,2023-08-18T11:26:21Z,11.9012785,12.0,28.6169,28.6169,19.4,3.950936,6.80146,6.2958,9.1795,NaN,622
,M. Perley,9656151,Ryan Stanley,"Eastern Shore Water, St Anns Bank",PER2023767,"ScotiaFundy-6 ",,CTD_PER2023767_767A030_1_DN,NaN,downward,45.8959,-59.56,2023-08-18T11:23:46Z,2023-08-18T11:23:46Z,2023-08-18T11:29:05Z,2023-08-18T11:26:27Z,13.884757,14.0,28.8861,28.8861,18.3162,3.891954,6.79094,6.4118,9.5306,NaN,647
,M. Perley,9656151,Ryan Stanley,"Eastern Shore Water, St Anns Bank",PER2023767,"ScotiaFundy-6 ",,CTD_PER2023767_767A030_1_DN,NaN,downward,45.8959,-59.56,2023-08-18T11:23:46Z,2023-08-18T11:23:46Z,2023-08-18T11:29:05Z,2023-08-18T11:26:33Z,15.868217,16.0,29.0439,29.0439,17.6088,3.850819,6.78612,6.4279,10.6705,NaN,672
,M. Perley,9656151,Ryan Stanley,"Eastern Shore Water, St Anns Bank",PER2023767,"ScotiaFundy-6 ",,CTD_PER2023767_767A030_1_DN,NaN,downward,45.8959,-59.56,2023-08-18T11:23:46Z,2023-08-18T11:23:46Z,2023-08-18T11:29:05Z,2023-08-18T11:26:39Z,17.851658,18.0,29.0936,29.0936,15.6348,3.689819,6.78842,6.7209,11.2472,NaN,694
,M. Perley,9656151,Ryan Stanley,"Eastern Shore Water, St Anns Bank",PER2023767,"ScotiaFundy-6 ",,CTD_PER2023767_767A030_1_DN,NaN,downward,45.8959,-59.56,2023-08-18T11:23:46Z,2023-08-18T11:23:46Z,2023-08-18T11:29:05Z,2023-08-18T11:26:44Z,19.83508,20.0,29.2667,29.2667,15.0834,3.663023,7.25925,6.7716,11.6798,NaN,715
,M. Perley,9656151,Ryan Stanley,"Eastern Shore Water, St Anns Bank",PER2023767,"ScotiaFundy-6 ",,CTD_PER2023767_767A030_1_DN,NaN,downward,45.8959,-59.56,2023-08-18T11:23:46Z,2023-08-18T11:23:46Z,2023-08-18T11:29:05Z,2023-08-18T11:26:48Z,21.818481,22.0,29.3285,29.3285,14.1646,3.592767,7.48063,6.8965,9.574,NaN,731
,M. Perley,9656151,Ryan Stanley,"Eastern Shore Water, St Anns Bank",PER2023767,"ScotiaFundy-6 ",,CTD_PER2023767_767A030_1_DN,NaN,downward,45.8959,-59.56,2023-08-18T11:23:46Z,2023-08-18T11:23:46Z,2023-08-18T11:29:05Z,2023-08-18T11:26:54Z,23.801863,24.0,29.5316,29.5316,12.7061,3.49303,7.46723,7.0777,8.6904,NaN,756
,M. Perley,9656151,Ryan Stanley,"Eastern Shore Water, St Anns Bank",PER2023767,"ScotiaFundy-6 ",,CTD_PER2023767_767A030_1_DN,NaN,downward,45.8959,-59.56,2023-08-18T11:23:46Z,2023-08-18T11:23:46Z,2023-08-18T11:29:05Z,2023-08-18T11:27:02Z,25.785227,26.0,29.9391,29.9391,11.2655,3.415878,7.45101,7.1806,8.3782,NaN,786
,M. Perley,9656151,Ryan Stanley,"Eastern Shore Water, St Anns Bank",PER2023767,"ScotiaFundy-6 ",,CTD_PER2023767_767A030_1_DN,NaN,downward,45.8959,-59.56,2023-08-18T11:23:46Z,2023-08-18T11:23:46Z,2023-08-18T11:29:05Z,2023-08-18T11:27:07Z,27.768572,28.0,30.061,30.061,10.2676,3.344985,7.45051,7.3234,6.6854,NaN,808
,M. Perley,9656151,Ryan Stanley,"Eastern Shore Water, St Anns Bank",PER2023767,"ScotiaFundy-6 ",,CTD_PER2023767_767A030_1_DN,NaN,downward,45.8959,-59.56,2023-08-18T11:23:46Z,2023-08-18T11:23:46Z,2023-08-18T11:29:05Z,2023-08-18T11:27:13Z,29.751896,30.0,30.4839,30.4839,8.5286,3.242212,8.32132,7.4789,5.107,NaN,832
,M. Perley,9656151,Ryan Stanley,"Eastern Shore Water, St Anns Bank",PER2023767,"ScotiaFundy-6 ",,CTD_PER2023767_767A030_1_DN,NaN,downward,45.8959,-59.56,2023-08-18T11:23:46Z,2023-08-18T11:23:46Z,2023-08-18T11:29:05Z,2023-08-18T11:27:19Z,31.735203,32.0,30.7333,30.7333,7.5311,3.183402,8.42312,7.5996,4.9367,NaN,856
,M. Perley,9656151,Ryan Stanley,"Eastern Shore Water, St Anns Bank",PER2023767,"ScotiaFundy-6 ",,CTD_PER2023767_767A030_1_DN,NaN,downward,45.8959,-59.56,2023-08-18T11:23:46Z,2023-08-18T11:23:46Z,2023-08-18T11:29:05Z,2023-08-18T11:27:25Z,33.718487,34.0,31.0635,31.0635,6.5522,3.132939,8.40953,7.7081,4.6921,NaN,878
,M. Perley,9656151,Ryan Stanley,"Eastern Shore Water, St Anns Bank",PER2023767,"ScotiaFundy-6 ",,CTD_PER2023767_767A030_1_DN,NaN,downward,45.8959,-59.56,2023-08-18T11:23:46Z,2023-08-18T11:23:46Z,2023-08-18T11:29:05Z,2023-08-18T11:27:30Z,35.701756,36.0,31.3077,31.3077,6.5727,3.156934,8.39361,7.6134,4.048,NaN,897
,M. Perley,9656151,Ryan Stanley,"Eastern Shore Water, St Anns Bank",PER2023767,"ScotiaFundy-6 ",,CTD_PER2023767_767A030_1_DN,NaN,downward,45.8959,-59.56,2023-08-18T11:23:46Z,2023-08-18T11:23:46Z,2023-08-18T11:29:05Z,2023-08-18T11:27:40Z,39.668232,40.0,31.4765,31.4765,5.1632,3.055153,8.39559,7.7878,3.1551,NaN,941
,M. Perley,9656151,Ryan Stanley,"Eastern Shore Water, St Anns Bank",PER2023767,"ScotiaFundy-6 ",,CTD_PER2023767_767A030_1_DN,NaN,downward,45.8959,-59.56,2023-08-18T11:23:46Z,2023-08-18T11:23:46Z,2023-08-18T11:29:05Z,2023-08-18T11:27:47Z,41.651443,42.0,31.7858,31.7858,4.7331,3.046569,8.87685,7.8459,4.1872,NaN,966
,M. Perley,9656151,Ryan Stanley,"Eastern Shore Water, St Anns Bank",PER2023767,"ScotiaFundy-6 ",,CTD_PER2023767_767A030_1_DN,NaN,downward,45.8959,-59.56,2023-08-18T11:23:46Z,2023-08-18T11:23:46Z,2023-08-18T11:29:05Z,2023-08-18T11:27:54Z,43.634632,44.0,31.3947,31.3947,4.2831,2.975638,8.85956,7.9048,3.4902,NaN,996
,M. Perley,9656151,Ryan Stanley,"Eastern Shore Water, St Anns Bank",PER2023767,"ScotiaFundy-6 ",,CTD_PER2023767_767A030_1_DN,NaN,downward,45.8959,-59.56,2023-08-18T11:23:46Z,2023-08-18T11:23:46Z,2023-08-18T11:29:05Z,2023-08-18T11:28:01Z,45.6178,46.0,31.6282,31.6282,4.0601,2.977553,8.84639,7.9232,3.3178,NaN,1022
,M. Perley,9656151,Ryan Stanley,"Eastern Shore Water, St Anns Bank",PER2023767,"ScotiaFundy-6 ",,CTD_PER2023767_767A030_1_DN,NaN,downward,45.8959,-59.56,2023-08-18T11:23:46Z,2023-08-18T11:23:46Z,2023-08-18T11:29:05Z,2023-08-18T11:28:07Z,47.600956,48.0,31.7789,31.7789,3.9301,2.979753,8.83716,7.9237,3.3324,NaN,1048
,M. Perley,9656151,Ryan Stanley,"Eastern Shore Water, St Anns Bank",PER2023767,"ScotiaFundy-6 ",,CTD_PER2023767_767A030_1_DN,NaN,downward,45.8959,-59.56,2023-08-18T11:23:46Z,2023-08-18T11:23:46Z,2023-08-18T11:29:05Z,2023-08-18T11:28:27Z,53.550293,54.0,31.6703,31.6703,3.5621,2.940594,8.91675,7.9711,3.0099,NaN,1129
,M. Perley,9656151,Ryan Stanley,"Eastern Shore Water, St Anns Bank",PER2023767,"ScotiaFundy-6 ",,CTD_PER2023767_767A030_1_DN,NaN,downward,45.8959,-59.56,2023-08-18T11:23:46Z,2023-08-18T11:23:46Z,2023-08-18T11:29:05Z,2023-08-18T11:29:05Z,55.53337,56.0,31.6499,31.6499,3.4533,2.930082,8.8899,7.9756,2.749,NaN,1279
,M. Perley,9656151,Ryan Stanley,"Eastern Shore Water, St Anns Bank",PER2023767,"ScotiaFundy-6 ",,CTD_PER2023767_767A030_1_UP,NaN,upward,45.8959,-59.56,2023-08-18T11:23:46Z,2023-08-18T11:23:46Z,2023-08-18T11:34:44Z,2023-08-18T11:29:24Z,53.550293,54.0,31.6403,31.6403,3.4573,2.92951,8.8841,8.0016,2.8091,NaN,1357
,M. Perley,9656151,Ryan Stanley,"Eastern Shore Water, St Anns Bank",PER2023767,"ScotiaFundy-6 ",,CTD_PER2023767_767A030_1_UP,NaN,upward,45.8959,-59.56,2023-08-18T11:23:46Z,2023-08-18T11:23:46Z,2023-08-18T11:34:44Z,2023-08-18T11:30:20Z,51.5672,52.0,31.6228,31.6228,3.4955,2.931082,8.87163,8.0051,2.9105,NaN,1578
,M. Perley,9656151,Ryan Stanley,"Eastern Shore Water, St Anns Bank",PER2023767,"ScotiaFundy-6 ",,CTD_PER2023767_767A030_1_UP,NaN,upward,45.8959,-59.56,2023-08-18T11:23:46Z,2023-08-18T11:23:46Z,2023-08-18T11:34:44Z,2023-08-18T11:32:25Z,49.584087,50.0,31.6228,31.6228,3.5116,2.932307,8.86195,8.0329,3.1843,NaN,2078
,M. Perley,9656151,Ryan Stanley,"Eastern Shore Water, St Anns Bank",PER2023767,"ScotiaFundy-6 ",,CTD_PER2023767_767A030_1_UP,NaN,upward,45.8959,-59.56,2023-08-18T11:23:46Z,2023-08-18T11:23:46Z,2023-08-18T11:34:44Z,2023-08-18T11:32:01Z,47.600956,48.0,31.6211,31.6211,3.5136,2.932236,8.8639,8.0616,3.2927,NaN,1982
,M. Perley,9656151,Ryan Stanley,"Eastern Shore Water, St Anns Bank",PER2023767,"ScotiaFundy-6 ",,CTD_PER2023767_767A030_1_UP,NaN,upward,45.8959,-59.56,2023-08-18T11:23:46Z,2023-08-18T11:23:46Z,2023-08-18T11:34:44Z,2023-08-18T11:32:07Z,45.6178,46.0,31.6178,31.6178,3.6356,2.941858,8.86241,8.0802,3.2596,NaN,2007
,M. Perley,9656151,Ryan Stanley,"Eastern Shore Water, St Anns Bank",PER2023767,"ScotiaFundy-6 ",,CTD_PER2023767_767A030_1_UP,NaN,upward,45.8959,-59.56,2023-08-18T11:23:46Z,2023-08-18T11:23:46Z,2023-08-18T11:34:44Z,2023-08-18T11:32:12Z,43.634632,44.0,31.5073,31.5073,3.9157,2.955324,8.82959,8.0515,3.3417,NaN,2025
,M. Perley,9656151,Ryan Stanley,"Eastern Shore Water, St Anns Bank",PER2023767,"ScotiaFundy-6 ",,CTD_PER2023767_767A030_1_UP,NaN,upward,45.8959,-59.56,2023-08-18T11:23:46Z,2023-08-18T11:23:46Z,2023-08-18T11:34:44Z,2023-08-18T11:32:24Z,39.668232,40.0,31.3149,31.3149,4.5122,2.987517,8.77305,7.9744,3.2512,NaN,2074
,M. Perley,9656151,Ryan Stanley,"Eastern Shore Water, St Anns Bank",PER2023767,"ScotiaFundy-6 ",,CTD_PER2023767_767A030_1_UP,NaN,upward,45.8959,-59.56,2023-08-18T11:23:46Z,2023-08-18T11:23:46Z,2023-08-18T11:34:44Z,2023-08-18T11:32:46Z,35.701756,36.0,31.0905,31.0905,5.4626,3.04555,8.67778,7.9318,3.9886,NaN,2162
,M. Perley,9656151,Ryan Stanley,"Eastern Shore Water, St Anns Bank",PER2023767,"ScotiaFundy-6 ",,CTD_PER2023767_767A030_1_UP,NaN,upward,45.8959,-59.56,2023-08-18T11:23:46Z,2023-08-18T11:23:46Z,2023-08-18T11:34:44Z,2023-08-18T11:32:50Z,33.718487,34.0,30.9445,30.9445,5.8502,3.064282,8.69126,7.8813,4.2026,NaN,2179
,M. Perley,9656151,Ryan Stanley,"Eastern Shore Water, St Anns Bank",PER2023767,"ScotiaFundy-6 ",,CTD_PER2023767_767A030_1_UP,NaN,upward,45.8959,-59.56,2023-08-18T11:23:46Z,2023-08-18T11:23:46Z,2023-08-18T11:34:44Z,2023-08-18T11:32:57Z,31.735203,32.0,30.8171,30.8171,6.2674,3.08696,8.69714,7.8695,4.625,NaN,2207
,M. Perley,9656151,Ryan Stanley,"Eastern Shore Water, St Anns Bank",PER2023767,"ScotiaFundy-6 ",,CTD_PER2023767_767A030_1_UP,NaN,upward,45.8959,-59.56,2023-08-18T11:23:46Z,2023-08-18T11:23:46Z,2023-08-18T11:34:44Z,2023-08-18T11:33:04Z,29.751896,30.0,30.782,30.782,6.7128,3.120282,8.6922,7.8829,4.9446,NaN,2235
,M. Perley,9656151,Ryan Stanley,"Eastern Shore Water, St Anns Bank",PER2023767,"ScotiaFundy-6 ",,CTD_PER2023767_767A030_1_UP,NaN,upward,45.8959,-59.56,2023-08-18T11:23:46Z,2023-08-18T11:23:46Z,2023-08-18T11:34:44Z,2023-08-18T11:33:10Z,27.768572,28.0,30.3684,30.3684,8.0258,3.189461,8.51674,7.7176,6.1744,NaN,2260
,M. Perley,9656151,Ryan Stanley,"Eastern Shore Water, St Anns Bank",PER2023767,"ScotiaFundy-6 ",,CTD_PER2023767_767A030_1_UP,NaN,upward,45.8959,-59.56,2023-08-18T11:23:46Z,2023-08-18T11:23:46Z,2023-08-18T11:34:44Z,2023-08-18T11:33:17Z,25.785227,26.0,30.0285,30.0285,9.5975,3.28624,8.08036,7.4596,7.7044,NaN,2286
,M. Perley,9656151,Ryan Stanley,"Eastern Shore Water, St Anns Bank",PER2023767,"ScotiaFundy-6 ",,CTD_PER2023767_767A030_1_UP,NaN,upward,45.8959,-59.56,2023-08-18T11:23:46Z,2023-08-18T11:23:46Z,2023-08-18T11:34:44Z,2023-08-18T11:33:22Z,23.801863,24.0,29.749,29.749,10.8748,3.363568,8.09933,7.3122,8.0407,NaN,2309
,M. Perley,9656151,Ryan Stanley,"Eastern Shore Water, St Anns Bank",PER2023767,"ScotiaFundy-6 ",,CTD_PER2023767_767A030_1_UP,NaN,upward,45.8959,-59.56,2023-08-18T11:23:46Z,2023-08-18T11:23:46Z,2023-08-18T11:34:44Z,2023-08-18T11:33:30Z,21.818481,22.0,29.1952,29.1952,12.5107,3.441664,8.12351,7.111,10.2292,NaN,2338
,M. Perley,9656151,Ryan Stanley,"Eastern Shore Water, St Anns Bank",PER2023767,"ScotiaFundy-6 ",,CTD_PER2023767_767A030_1_UP,NaN,upward,45.8959,-59.56,2023-08-18T11:23:46Z,2023-08-18T11:23:46Z,2023-08-18T11:34:44Z,2023-08-18T11:33:51Z,15.868217,16.0,29.7773,29.7773,14.2043,3.644779,7.36792,7.0088,8.7744,NaN,2422
,M. Perley,9656151,Ryan Stanley,"Eastern Shore Water, St Anns Bank",PER2023767,"ScotiaFundy-6 ",,CTD_PER2023767_767A030_1_UP,NaN,upward,45.8959,-59.56,2023-08-18T11:23:46Z,2023-08-18T11:23:46Z,2023-08-18T11:34:44Z,2023-08-18T11:34:02Z,11.9012785,12.0,28.6351,28.6351,18.2097,3.852404,7.41723,6.4894,8.2005,NaN,2469
,M. Perley,9656151,Ryan Stanley,"Eastern Shore Water, St Anns Bank",PER2023767,"ScotiaFundy-6 ",,CTD_PER2023767_767A030_1_UP,NaN,upward,45.8959,-59.56,2023-08-18T11:23:46Z,2023-08-18T11:23:46Z,2023-08-18T11:34:44Z,2023-08-18T11:34:11Z,7.9342628,8.0,28.5104,28.5104,18.9655,3.90086,7.32076,6.4227,7.4775,NaN,2502
,M. Perley,9656151,Ryan Stanley,"Eastern Shore Water, St Anns Bank",PER2023767,"ScotiaFundy-6 ",,CTD_PER2023767_767A030_1_UP,NaN,upward,45.8959,-59.56,2023-08-18T11:23:46Z,2023-08-18T11:23:46Z,2023-08-18T11:34:44Z,2023-08-18T11:34:18Z,5.950726,6.0,28.416,28.416,19.2054,3.90935,6.53023,6.3987,7.4983,NaN,2531
,M. Perley,9656151,Ryan Stanley,"Eastern Shore Water, St Anns Bank",PER2023767,"ScotiaFundy-6 ",,CTD_PER2023767_767A030_1_UP,NaN,upward,45.8959,-59.56,2023-08-18T11:23:46Z,2023-08-18T11:23:46Z,2023-08-18T11:34:44Z,2023-08-18T11:34:44Z,1.9835945,2.0,28.5495,28.5495,19.4849,3.949377,6.76923,6.3364,6.7264,NaN,2636
,M. Perley,9656151,Ryan Stanley,"Eastern Shore Water, St Anns Bank",PER2023767,"ScotiaFundy-6 ",,CTD_PER2023767_767A031_1_DN,NaN,downward,45.898,-59.5053,2023-08-18T11:56:04Z,2023-08-18T11:56:04Z,2023-08-18T12:04:33Z,2023-08-18T12:01:47Z,1.9835942,2.0,28.4654,28.4654,19.2835,3.921918,6.84247,6.0535,4.1359,NaN,1374
,M. Perley,9656151,Ryan Stanley,"Eastern Shore Water, St Anns Bank",PER2023767,"ScotiaFundy-6 ",,CTD_PER2023767_767A031_1_DN,NaN,downward,45.898,-59.5053,2023-08-18T11:56:04Z,2023-08-18T11:56:04Z,2023-08-18T12:04:33Z,2023-08-18T12:01:54Z,3.967169,4.0,28.469,28.469,19.2818,3.922287,6.84272,6.0913,5.1399,NaN,1404
,M. Perley,9656151,Ryan Stanley,"Eastern Shore Water, St Anns Bank",PER2023767,"ScotiaFundy-6 ",,CTD_PER2023767_767A031_1_DN,NaN,downward,45.898,-59.5053,2023-08-18T11:56:04Z,2023-08-18T11:56:04Z,2023-08-18T12:04:33Z,2023-08-18T12:02:01Z,5.9507246,6.0,28.4723,28.4723,19.282,3.922786,6.85411,6.1872,5.3525,NaN,1430
,M. Perley,9656151,Ryan Stanley,"Eastern Shore Water, St Anns Bank",PER2023767,"ScotiaFundy-6 ",,CTD_PER2023767_767A031_1_DN,NaN,downward,45.898,-59.5053,2023-08-18T11:56:04Z,2023-08-18T11:56:04Z,2023-08-18T12:04:33Z,2023-08-18T12:02:06Z,7.9342613,8.0,28.4735,28.4735,19.2803,3.922856,6.85695,6.2007,5.6516,NaN,1452
,M. Perley,9656151,Ryan Stanley,"Eastern Shore Water, St Anns Bank",PER2023767,"ScotiaFundy-6 ",,CTD_PER2023767_767A031_1_DN,NaN,downward,45.898,-59.5053,2023-08-18T11:56:04Z,2023-08-18T11:56:04Z,2023-08-18T12:04:33Z,2023-08-18T12:02:11Z,9.917778,10.0,28.4754,28.4754,19.2765,3.922861,6.85721,6.2039,5.924,NaN,1472
,M. Perley,9656151,Ryan Stanley,"Eastern Shore Water, St Anns Bank",PER2023767,"ScotiaFundy-6 ",,CTD_PER2023767_767A031_1_DN,NaN,downward,45.898,-59.5053,2023-08-18T11:56:04Z,2023-08-18T11:56:04Z,2023-08-18T12:04:33Z,2023-08-18T12:02:16Z,11.901277,12.0,28.4811,28.4811,19.2633,3.922523,6.85743,6.2224,6.3645,NaN,1492
,M. Perley,9656151,Ryan Stanley,"Eastern Shore Water, St Anns Bank",PER2023767,"ScotiaFundy-6 ",,CTD_PER2023767_767A031_1_DN,NaN,downward,45.898,-59.5053,2023-08-18T11:56:04Z,2023-08-18T11:56:04Z,2023-08-18T12:04:33Z,2023-08-18T12:02:21Z,13.884755,14.0,28.4901,28.4901,19.2399,3.921728,6.85753,6.2581,6.1055,NaN,1512
,M. Perley,9656151,Ryan Stanley,"Eastern Shore Water, St Anns Bank",PER2023767,"ScotiaFundy-6 ",,CTD_PER2023767_767A031_1_DN,NaN,downward,45.898,-59.5053,2023-08-18T11:56:04Z,2023-08-18T11:56:04Z,2023-08-18T12:04:33Z,2023-08-18T12:02:26Z,15.868215,16.0,28.5359,28.5359,19.0421,3.910745,6.85786,6.3198,6.5253,NaN,1531
,M. Perley,9656151,Ryan Stanley,"Eastern Shore Water, St Anns Bank",PER2023767,"ScotiaFundy-6 ",,CTD_PER2023767_767A031_1_DN,NaN,downward,45.898,-59.5053,2023-08-18T11:56:04Z,2023-08-18T11:56:04Z,2023-08-18T12:04:33Z,2023-08-18T12:02:32Z,17.851654,18.0,29.049,29.049,15.5048,3.673825,6.96098,6.8115,9.4126,NaN,1554
,M. Perley,9656151,Ryan Stanley,"Eastern Shore Water, St Anns Bank",PER2023767,"ScotiaFundy-6 ",,CTD_PER2023767_767A031_1_DN,NaN,downward,45.898,-59.5053,2023-08-18T11:56:04Z,2023-08-18T11:56:04Z,2023-08-18T12:04:33Z,2023-08-18T12:02:36Z,19.835075,20.0,29.5769,29.5769,14.3515,3.635936,7.08322,6.822,10.5404,NaN,1573
,M. Perley,9656151,Ryan Stanley,"Eastern Shore Water, St Anns Bank",PER2023767,"ScotiaFundy-6 ",,CTD_PER2023767_767A031_1_DN,NaN,downward,45.898,-59.5053,2023-08-18T11:56:04Z,2023-08-18T11:56:04Z,2023-08-18T12:04:33Z,2023-08-18T12:02:42Z,21.818476,22.0,29.8795,29.8795,11.0762,3.393481,7.09413,7.2501,7.1048,NaN,1596
,M. Perley,9656151,Ryan Stanley,"Eastern Shore Water, St Anns Bank",PER2023767,"ScotiaFundy-6 ",,CTD_PER2023767_767A031_1_DN,NaN,downward,45.898,-59.5053,2023-08-18T11:56:04Z,2023-08-18T11:56:04Z,2023-08-18T12:04:33Z,2023-08-18T12:02:49Z,23.801859,24.0,30.5255,30.5255,8.6686,3.258213,7.06876,7.4954,7.6411,NaN,1621
,M. Perley,9656151,Ryan Stanley,"Eastern Shore Water, St Anns Bank",PER2023767,"ScotiaFundy-6 ",,CTD_PER2023767_767A031_1_DN,NaN,downward,45.898,-59.5053,2023-08-18T11:56:04Z,2023-08-18T11:56:04Z,2023-08-18T12:04:33Z,2023-08-18T12:02:58Z,27.768566,28.0,30.9552,30.9552,8.8797,3.316973,7.04662,7.3699,7.7605,NaN,1658
,M. Perley,9656151,Ryan Stanley,"Eastern Shore Water, St Anns Bank",PER2023767,"ScotiaFundy-6 ",,CTD_PER2023767_767A031_1_DN,NaN,downward,45.898,-59.5053,2023-08-18T11:56:04Z,2023-08-18T11:56:04Z,2023-08-18T12:04:33Z,2023-08-18T12:04:33Z,31.735195,32.0,30.9641,30.9641,5.9175,3.071448,8.63482,7.8294,4.7765,NaN,2039
,M. Perley,9656151,Ryan Stanley,"Eastern Shore Water, St Anns Bank",PER2023767,"ScotiaFundy-6 ",,CTD_PER2023767_767A031_1_UP,NaN,upward,45.898,-59.5053,2023-08-18T11:56:04Z,2023-08-18T11:56:04Z,2023-08-18T12:07:48Z,2023-08-18T12:05:31Z,29.75189,30.0,31.0114,31.0114,6.005,3.08282,8.66816,7.8252,4.9301,NaN,2273
,M. Perley,9656151,Ryan Stanley,"Eastern Shore Water, St Anns Bank",PER2023767,"ScotiaFundy-6 ",,CTD_PER2023767_767A031_1_UP,NaN,upward,45.898,-59.5053,2023-08-18T11:56:04Z,2023-08-18T11:56:04Z,2023-08-18T12:07:48Z,2023-08-18T12:06:38Z,23.801859,24.0,30.4433,30.4433,7.8835,3.184843,8.28778,7.7408,7.1526,NaN,2538
,M. Perley,9656151,Ryan Stanley,"Eastern Shore Water, St Anns Bank",PER2023767,"ScotiaFundy-6 ",,CTD_PER2023767_767A031_1_UP,NaN,upward,45.898,-59.5053,2023-08-18T11:56:04Z,2023-08-18T11:56:04Z,2023-08-18T12:07:48Z,2023-08-18T12:06:47Z,19.835075,20.0,30.0692,30.0692,9.5862,3.289041,8.30013,7.7616,10.3167,NaN,2575
,M. Perley,9656151,Ryan Stanley,"Eastern Shore Water, St Anns Bank",PER2023767,"ScotiaFundy-6 ",,CTD_PER2023767_767A031_1_UP,NaN,upward,45.898,-59.5053,2023-08-18T11:56:04Z,2023-08-18T11:56:04Z,2023-08-18T12:07:48Z,2023-08-18T12:06:53Z,17.851654,18.0,29.6712,29.6712,11.5013,3.407128,8.32436,7.6148,9.028,NaN,2600
,M. Perley,9656151,Ryan Stanley,"Eastern Shore Water, St Anns Bank",PER2023767,"ScotiaFundy-6 ",,CTD_PER2023767_767A031_1_UP,NaN,upward,45.898,-59.5053,2023-08-18T11:56:04Z,2023-08-18T11:56:04Z,2023-08-18T12:07:48Z,2023-08-18T12:06:59Z,15.868215,16.0,29.3123,29.3123,13.882,3.566939,8.18148,7.1454,6.8167,NaN,2625
,M. Perley,9656151,Ryan Stanley,"Eastern Shore Water, St Anns Bank",PER2023767,"ScotiaFundy-6 ",,CTD_PER2023767_767A031_1_UP,NaN,upward,45.898,-59.5053,2023-08-18T11:56:04Z,2023-08-18T11:56:04Z,2023-08-18T12:07:48Z,2023-08-18T12:07:06Z,13.884755,14.0,28.929,28.929,16.6131,3.752771,7.41138,6.6782,5.857,NaN,2651
,M. Perley,9656151,Ryan Stanley,"Eastern Shore Water, St Anns Bank",PER2023767,"ScotiaFundy-6 ",,CTD_PER2023767_767A031_1_UP,NaN,upward,45.898,-59.5053,2023-08-18T11:56:04Z,2023-08-18T11:56:04Z,2023-08-18T12:07:48Z,2023-08-18T12:07:28Z,7.9342613,8.0,28.4213,28.4213,18.7882,3.874952,7.38592,6.4283,5.3069,NaN,2739
,M. Perley,9656151,Ryan Stanley,"Eastern Shore Water, St Anns Bank",PER2023767,"ScotiaFundy-6 ",,CTD_PER2023767_767A031_1_UP,NaN,upward,45.898,-59.5053,2023-08-18T11:56:04Z,2023-08-18T11:56:04Z,2023-08-18T12:07:48Z,2023-08-18T12:07:34Z,5.9507246,6.0,28.4286,28.4286,19.0849,3.900751,6.67484,6.3713,5.6126,NaN,2763
,M. Perley,9656151,Ryan Stanley,"Eastern Shore Water, St Anns Bank",PER2023767,"ScotiaFundy-6 ",,CTD_PER2023767_767A031_1_UP,NaN,upward,45.898,-59.5053,2023-08-18T11:56:04Z,2023-08-18T11:56:04Z,2023-08-18T12:07:48Z,2023-08-18T12:07:48Z,1.9835942,2.0,28.407,28.407,19.1443,3.902937,6.7915,6.3504,5.0438,NaN,2818
,M. Perley,9656151,Ryan Stanley,"Eastern Shore Water, St Anns Bank",PER2023767,"ScotiaFundy-6 ",,CTD_PER2023767_767A032_1_DN,NaN,downward,45.8991,-59.5321,2023-08-18T12:27:21Z,2023-08-18T12:27:21Z,2023-08-18T12:32:05Z,2023-08-18T12:28:12Z,1.983594,2.0,28.2831,28.2831,19.3428,3.904261,6.71559,5.5968,5.7558,NaN,207
,M. Perley,9656151,Ryan Stanley,"Eastern Shore Water, St Anns Bank",PER2023767,"ScotiaFundy-6 ",,CTD_PER2023767_767A032_1_DN,NaN,downward,45.8991,-59.5321,2023-08-18T12:27:21Z,2023-08-18T12:27:21Z,2023-08-18T12:32:05Z,2023-08-18T12:29:39Z,7.9342604,8.0,28.5812,28.5812,19.3892,3.945415,6.82489,6.2304,6.2058,NaN,556
,M. Perley,9656151,Ryan Stanley,"Eastern Shore Water, St Anns Bank",PER2023767,"ScotiaFundy-6 ",,CTD_PER2023767_767A032_1_DN,NaN,downward,45.8991,-59.5321,2023-08-18T12:27:21Z,2023-08-18T12:27:21Z,2023-08-18T12:32:05Z,2023-08-18T12:29:45Z,9.917777,10.0,28.5823,28.5823,19.347,3.942079,6.82548,6.2361,6.1565,NaN,578
,M. Perley,9656151,Ryan Stanley,"Eastern Shore Water, St Anns Bank",PER2023767,"ScotiaFundy-6 ",,CTD_PER2023767_767A032_1_DN,NaN,downward,45.8991,-59.5321,2023-08-18T12:27:21Z,2023-08-18T12:27:21Z,2023-08-18T12:32:05Z,2023-08-18T12:29:49Z,11.901275,12.0,28.586,28.586,19.3452,3.942453,6.84117,6.2669,6.1594,NaN,597
,M. Perley,9656151,Ryan Stanley,"Eastern Shore Water, St Anns Bank",PER2023767,"ScotiaFundy-6 ",,CTD_PER2023767_767A032_1_DN,NaN,downward,45.8991,-59.5321,2023-08-18T12:27:21Z,2023-08-18T12:27:21Z,2023-08-18T12:32:05Z,2023-08-18T12:29:54Z,13.884753,14.0,28.5843,28.5843,19.3418,3.942028,6.83937,6.2182,6.2688,NaN,617
,M. Perley,9656151,Ryan Stanley,"Eastern Shore Water, St Anns Bank",PER2023767,"ScotiaFundy-6 ",,CTD_PER2023767_767A032_1_DN,NaN,downward,45.8991,-59.5321,2023-08-18T12:27:21Z,2023-08-18T12:27:21Z,2023-08-18T12:32:05Z,2023-08-18T12:30:11Z,19.835073,20.0,29.4219,29.4219,13.4744,3.545227,6.81845,7.0365,10.7469,NaN,684
,M. Perley,9656151,Ryan Stanley,"Eastern Shore Water, St Anns Bank",PER2023767,"ScotiaFundy-6 ",,CTD_PER2023767_767A032_1_DN,NaN,downward,45.8991,-59.5321,2023-08-18T12:27:21Z,2023-08-18T12:27:21Z,2023-08-18T12:32:05Z,2023-08-18T12:30:20Z,21.818474,22.0,29.9407,29.9407,11.5912,3.442844,8.05378,7.1956,9.3793,NaN,718
,M. Perley,9656151,Ryan Stanley,"Eastern Shore Water, St Anns Bank",PER2023767,"ScotiaFundy-6 ",,CTD_PER2023767_767A032_1_DN,NaN,downward,45.8991,-59.5321,2023-08-18T12:27:21Z,2023-08-18T12:27:21Z,2023-08-18T12:32:05Z,2023-08-18T12:30:27Z,23.801857,24.0,30.204,30.204,10.0234,3.338829,8.09611,7.3633,7.3961,NaN,748
,M. Perley,9656151,Ryan Stanley,"Eastern Shore Water, St Anns Bank",PER2023767,"ScotiaFundy-6 ",,CTD_PER2023767_767A032_1_DN,NaN,downward,45.8991,-59.5321,2023-08-18T12:27:21Z,2023-08-18T12:27:21Z,2023-08-18T12:32:05Z,2023-08-18T12:30:34Z,25.78522,26.0,30.597,30.597,9.3498,3.321708,8.07511,7.3833,6.6352,NaN,777
,M. Perley,9656151,Ryan Stanley,"Eastern Shore Water, St Anns Bank",PER2023767,"ScotiaFundy-6 ",,CTD_PER2023767_767A032_1_DN,NaN,downward,45.8991,-59.5321,2023-08-18T12:27:21Z,2023-08-18T12:27:21Z,2023-08-18T12:32:05Z,2023-08-18T12:30:40Z,27.768562,28.0,30.5016,30.5016,8.7032,3.258338,8.08311,7.4489,6.7082,NaN,800
,M. Perley,9656151,Ryan Stanley,"Eastern Shore Water, St Anns Bank",PER2023767,"ScotiaFundy-6 ",,CTD_PER2023767_767A032_1_DN,NaN,downward,45.8991,-59.5321,2023-08-18T12:27:21Z,2023-08-18T12:27:21Z,2023-08-18T12:32:05Z,2023-08-18T12:30:46Z,29.751888,30.0,30.8543,30.8543,8.7523,3.296651,8.05943,7.3579,8.8107,NaN,825
,M. Perley,9656151,Ryan Stanley,"Eastern Shore Water, St Anns Bank",PER2023767,"ScotiaFundy-6 ",,CTD_PER2023767_767A032_1_DN,NaN,downward,45.8991,-59.5321,2023-08-18T12:27:21Z,2023-08-18T12:27:21Z,2023-08-18T12:32:05Z,2023-08-18T12:30:52Z,31.735193,32.0,30.9329,30.9329,7.5984,3.207655,8.41057,7.5026,5.1068,NaN,846
,M. Perley,9656151,Ryan Stanley,"Eastern Shore Water, St Anns Bank",PER2023767,"ScotiaFundy-6 ",,CTD_PER2023767_767A032_1_DN,NaN,downward,45.8991,-59.5321,2023-08-18T12:27:21Z,2023-08-18T12:27:21Z,2023-08-18T12:32:05Z,2023-08-18T12:30:57Z,33.71848,34.0,31.1102,31.1102,6.2531,3.112416,8.42008,7.6186,3.9702,NaN,868
,M. Perley,9656151,Ryan Stanley,"Eastern Shore Water, St Anns Bank",PER2023767,"ScotiaFundy-6 ",,CTD_PER2023767_767A032_1_DN,NaN,downward,45.8991,-59.5321,2023-08-18T12:27:21Z,2023-08-18T12:27:21Z,2023-08-18T12:32:05Z,2023-08-18T12:31:03Z,35.701744,36.0,31.38,31.38,4.913,3.025832,8.40487,7.8209,3.2664,NaN,890
,M. Perley,9656151,Ryan Stanley,"Eastern Shore Water, St Anns Bank",PER2023767,"ScotiaFundy-6 ",,CTD_PER2023767_767A032_1_DN,NaN,downward,45.8991,-59.5321,2023-08-18T12:27:21Z,2023-08-18T12:27:21Z,2023-08-18T12:32:05Z,2023-08-18T12:31:10Z,37.684994,38.0,31.4907,31.4907,4.2797,2.98349,8.39548,7.8716,3.2059,NaN,920
,M. Perley,9656151,Ryan Stanley,"Eastern Shore Water, St Anns Bank",PER2023767,"ScotiaFundy-6 ",,CTD_PER2023767_767A032_1_DN,NaN,downward,45.8991,-59.5321,2023-08-18T12:27:21Z,2023-08-18T12:27:21Z,2023-08-18T12:32:05Z,2023-08-18T12:31:15Z,39.66822,40.0,31.5146,31.5146,4.2235,2.981011,8.39866,7.9033,3.2215,NaN,941
,M. Perley,9656151,Ryan Stanley,"Eastern Shore Water, St Anns Bank",PER2023767,"ScotiaFundy-6 ",,CTD_PER2023767_767A032_1_DN,NaN,downward,45.8991,-59.5321,2023-08-18T12:27:21Z,2023-08-18T12:27:21Z,2023-08-18T12:32:05Z,2023-08-18T12:31:21Z,41.65143,42.0,31.652,31.652,4.2334,2.993675,8.92763,7.8625,3.5754,NaN,962
,M. Perley,9656151,Ryan Stanley,"Eastern Shore Water, St Anns Bank",PER2023767,"ScotiaFundy-6 ",,CTD_PER2023767_767A032_1_DN,NaN,downward,45.8991,-59.5321,2023-08-18T12:27:21Z,2023-08-18T12:27:21Z,2023-08-18T12:32:05Z,2023-08-18T12:31:26Z,43.63462,44.0,31.6202,31.6202,4.2309,2.990834,8.87371,7.8726,3.4505,NaN,981
,M. Perley,9656151,Ryan Stanley,"Eastern Shore Water, St Anns Bank",PER2023767,"ScotiaFundy-6 ",,CTD_PER2023767_767A032_1_DN,NaN,downward,45.8991,-59.5321,2023-08-18T12:27:21Z,2023-08-18T12:27:21Z,2023-08-18T12:32:05Z,2023-08-18T12:31:30Z,45.61779,46.0,31.61,31.61,4.1571,2.983972,8.87552,7.9011,3.5841,NaN,999
,M. Perley,9656151,Ryan Stanley,"Eastern Shore Water, St Anns Bank",PER2023767,"ScotiaFundy-6 ",,CTD_PER2023767_767A032_1_DN,NaN,downward,45.8991,-59.5321,2023-08-18T12:27:21Z,2023-08-18T12:27:21Z,2023-08-18T12:32:05Z,2023-08-18T12:31:35Z,47.60094,48.0,31.6368,31.6368,4.2019,2.990028,8.87011,7.8988,3.7789,NaN,1020
,M. Perley,9656151,Ryan Stanley,"Eastern Shore Water, St Anns Bank",PER2023767,"ScotiaFundy-6 ",,CTD_PER2023767_767A032_1_DN,NaN,downward,45.8991,-59.5321,2023-08-18T12:27:21Z,2023-08-18T12:27:21Z,2023-08-18T12:32:05Z,2023-08-18T12:32:05Z,49.584072,50.0,31.5691,31.5691,3.9283,2.961903,8.84987,7.9548,3.2109,NaN,1138
,M. Perley,9656151,Ryan Stanley,"Eastern Shore Water, St Anns Bank",PER2023767,"ScotiaFundy-6 ",,CTD_PER2023767_767A032_1_UP,NaN,upward,45.8991,-59.5321,2023-08-18T12:27:21Z,2023-08-18T12:27:21Z,2023-08-18T12:36:55Z,2023-08-18T12:34:09Z,47.60094,48.0,31.5236,31.5236,3.8503,2.95154,8.8537,8.0039,3.1637,NaN,1635
,M. Perley,9656151,Ryan Stanley,"Eastern Shore Water, St Anns Bank",PER2023767,"ScotiaFundy-6 ",,CTD_PER2023767_767A032_1_UP,NaN,upward,45.8991,-59.5321,2023-08-18T12:27:21Z,2023-08-18T12:27:21Z,2023-08-18T12:36:55Z,2023-08-18T12:35:14Z,45.61779,46.0,31.5172,31.5172,3.8985,2.954865,8.85068,8.0236,3.3846,NaN,1895
,M. Perley,9656151,Ryan Stanley,"Eastern Shore Water, St Anns Bank",PER2023767,"ScotiaFundy-6 ",,CTD_PER2023767_767A032_1_UP,NaN,upward,45.8991,-59.5321,2023-08-18T12:27:21Z,2023-08-18T12:27:21Z,2023-08-18T12:36:55Z,2023-08-18T12:35:12Z,43.63462,44.0,31.4965,31.4965,3.9673,2.958647,8.85172,8.0097,3.2566,NaN,1887
,M. Perley,9656151,Ryan Stanley,"Eastern Shore Water, St Anns Bank",PER2023767,"ScotiaFundy-6 ",,CTD_PER2023767_767A032_1_UP,NaN,upward,45.8991,-59.5321,2023-08-18T12:27:21Z,2023-08-18T12:27:21Z,2023-08-18T12:36:55Z,2023-08-18T12:35:17Z,41.65143,42.0,31.4788,31.4788,4.041,2.963085,8.84454,7.9965,3.2215,NaN,1906
,M. Perley,9656151,Ryan Stanley,"Eastern Shore Water, St Anns Bank",PER2023767,"ScotiaFundy-6 ",,CTD_PER2023767_767A032_1_UP,NaN,upward,45.8991,-59.5321,2023-08-18T12:27:21Z,2023-08-18T12:27:21Z,2023-08-18T12:36:55Z,2023-08-18T12:35:22Z,39.66822,40.0,31.445,31.445,4.1197,2.96656,8.83125,8.0007,3.169,NaN,1928
,M. Perley,9656151,Ryan Stanley,"Eastern Shore Water, St Anns Bank",PER2023767,"ScotiaFundy-6 ",,CTD_PER2023767_767A032_1_UP,NaN,upward,45.8991,-59.5321,2023-08-18T12:27:21Z,2023-08-18T12:27:21Z,2023-08-18T12:36:55Z,2023-08-18T12:35:29Z,37.684994,38.0,31.4312,31.4312,4.1264,2.965833,8.83022,8.0054,3.1561,NaN,1954
,M. Perley,9656151,Ryan Stanley,"Eastern Shore Water, St Anns Bank",PER2023767,"ScotiaFundy-6 ",,CTD_PER2023767_767A032_1_UP,NaN,upward,45.8991,-59.5321,2023-08-18T12:27:21Z,2023-08-18T12:27:21Z,2023-08-18T12:36:55Z,2023-08-18T12:35:35Z,35.701744,36.0,31.3944,31.3944,4.1941,2.96814,8.83184,8.0302,3.1562,NaN,1980
,M. Perley,9656151,Ryan Stanley,"Eastern Shore Water, St Anns Bank",PER2023767,"ScotiaFundy-6 ",,CTD_PER2023767_767A032_1_UP,NaN,upward,45.8991,-59.5321,2023-08-18T12:27:21Z,2023-08-18T12:27:21Z,2023-08-18T12:36:55Z,2023-08-18T12:35:41Z,33.71848,34.0,31.3305,31.3305,4.3073,2.971839,8.83593,8.1185,3.7463,NaN,2002
,M. Perley,9656151,Ryan Stanley,"Eastern Shore Water, St Anns Bank",PER2023767,"ScotiaFundy-6 ",,CTD_PER2023767_767A032_1_UP,NaN,upward,45.8991,-59.5321,2023-08-18T12:27:21Z,2023-08-18T12:27:21Z,2023-08-18T12:36:55Z,2023-08-18T12:35:48Z,31.735193,32.0,31.2919,31.2919,4.9215,3.018714,8.57083,8.082,4.1954,NaN,2030
,M. Perley,9656151,Ryan Stanley,"Eastern Shore Water, St Anns Bank",PER2023767,"ScotiaFundy-6 ",,CTD_PER2023767_767A032_1_UP,NaN,upward,45.8991,-59.5321,2023-08-18T12:27:21Z,2023-08-18T12:27:21Z,2023-08-18T12:36:55Z,2023-08-18T12:35:54Z,29.751888,30.0,30.8873,30.8873,6.1016,3.079225,8.53575,7.9449,5.0805,NaN,2053
,M. Perley,9656151,Ryan Stanley,"Eastern Shore Water, St Anns Bank",PER2023767,"ScotiaFundy-6 ",,CTD_PER2023767_767A032_1_UP,NaN,upward,45.8991,-59.5321,2023-08-18T12:27:21Z,2023-08-18T12:27:21Z,2023-08-18T12:36:55Z,2023-08-18T12:35:58Z,27.768562,28.0,30.6677,30.6677,6.9419,3.128532,8.54326,7.8205,5.8353,NaN,2070
,M. Perley,9656151,Ryan Stanley,"Eastern Shore Water, St Anns Bank",PER2023767,"ScotiaFundy-6 ",,CTD_PER2023767_767A032_1_UP,NaN,upward,45.8991,-59.5321,2023-08-18T12:27:21Z,2023-08-18T12:27:21Z,2023-08-18T12:36:55Z,2023-08-18T12:36:03Z,25.78522,26.0,30.1626,30.1626,7.6256,3.137366,8.57436,7.8165,6.3576,NaN,2092
,M. Perley,9656151,Ryan Stanley,"Eastern Shore Water, St Anns Bank",PER2023767,"ScotiaFundy-6 ",,CTD_PER2023767_767A032_1_UP,NaN,upward,45.8991,-59.5321,2023-08-18T12:27:21Z,2023-08-18T12:27:21Z,2023-08-18T12:36:55Z,2023-08-18T12:36:08Z,23.801857,24.0,30.2963,30.2963,8.207,3.19754,8.56307,7.7072,7.2156,NaN,2112
,M. Perley,9656151,Ryan Stanley,"Eastern Shore Water, St Anns Bank",PER2023767,"ScotiaFundy-6 ",,CTD_PER2023767_767A032_1_UP,NaN,upward,45.8991,-59.5321,2023-08-18T12:27:21Z,2023-08-18T12:27:21Z,2023-08-18T12:36:55Z,2023-08-18T12:36:18Z,19.835073,20.0,29.8677,29.8677,9.9361,3.298032,8.24121,7.6677,10.2139,NaN,2153
,M. Perley,9656151,Ryan Stanley,"Eastern Shore Water, St Anns Bank",PER2023767,"ScotiaFundy-6 ",,CTD_PER2023767_767A032_1_UP,NaN,upward,45.8991,-59.5321,2023-08-18T12:27:21Z,2023-08-18T12:27:21Z,2023-08-18T12:36:55Z,2023-08-18T12:36:24Z,17.851652,18.0,29.8535,29.8535,11.225,3.403384,7.96169,7.5984,8.9304,NaN,2174
,M. Perley,9656151,Ryan Stanley,"Eastern Shore Water, St Anns Bank",PER2023767,"ScotiaFundy-6 ",,CTD_PER2023767_767A032_1_UP,NaN,upward,45.8991,-59.5321,2023-08-18T12:27:21Z,2023-08-18T12:27:21Z,2023-08-18T12:36:55Z,2023-08-18T12:36:29Z,15.868213,16.0,29.2005,29.2005,13.9372,3.559552,7.93914,7.1182,6.8612,NaN,2194
,M. Perley,9656151,Ryan Stanley,"Eastern Shore Water, St Anns Bank",PER2023767,"ScotiaFundy-6 ",,CTD_PER2023767_767A032_1_UP,NaN,upward,45.8991,-59.5321,2023-08-18T12:27:21Z,2023-08-18T12:27:21Z,2023-08-18T12:36:55Z,2023-08-18T12:36:34Z,13.884753,14.0,28.5092,28.5092,17.2994,3.76134,7.96424,6.6163,6.0003,NaN,2215
,M. Perley,9656151,Ryan Stanley,"Eastern Shore Water, St Anns Bank",PER2023767,"ScotiaFundy-6 ",,CTD_PER2023767_767A032_1_UP,NaN,upward,45.8991,-59.5321,2023-08-18T12:27:21Z,2023-08-18T12:27:21Z,2023-08-18T12:36:55Z,2023-08-18T12:36:40Z,11.901275,12.0,28.4816,28.4816,18.1614,3.829929,7.95968,6.5122,5.9251,NaN,2238
,M. Perley,9656151,Ryan Stanley,"Eastern Shore Water, St Anns Bank",PER2023767,"ScotiaFundy-6 ",,CTD_PER2023767_767A032_1_UP,NaN,upward,45.8991,-59.5321,2023-08-18T12:27:21Z,2023-08-18T12:27:21Z,2023-08-18T12:36:55Z,2023-08-18T12:36:45Z,9.917777,10.0,28.5213,28.5213,18.6308,3.874029,7.61926,6.4504,5.9184,NaN,2258
,M. Perley,9656151,Ryan Stanley,"Eastern Shore Water, St Anns Bank",PER2023767,"ScotiaFundy-6 ",,CTD_PER2023767_767A032_1_UP,NaN,upward,45.8991,-59.5321,2023-08-18T12:27:21Z,2023-08-18T12:27:21Z,2023-08-18T12:36:55Z,2023-08-18T12:36:49Z,7.9342604,8.0,28.3515,28.3515,18.7854,3.86616,6.62649,6.4498,5.7953,NaN,2277
,M. Perley,9656151,Ryan Stanley,"Eastern Shore Water, St Anns Bank",PER2023767,"ScotiaFundy-6 ",,CTD_PER2023767_767A032_1_UP,NaN,upward,45.8991,-59.5321,2023-08-18T12:27:21Z,2023-08-18T12:27:21Z,2023-08-18T12:36:55Z,2023-08-18T12:36:55Z,5.950724,6.0,28.5332,28.5332,19.0087,3.907199,6.76819,6.4157,5.9631,NaN,2297
,M. Perley,9656151,Ryan Stanley,"Eastern Shore Water, St Anns Bank",PER2023767,"ScotiaFundy-6 ",,CTD_PER2023767_767A033_1_DN,NaN,downward,45.881,-59.5407,2023-08-18T12:58:00Z,2023-08-18T12:58:00Z,2023-08-18T13:01:41Z,2023-08-18T12:58:53Z,1.9835973,2.0,28.3968,28.3968,19.3548,3.919466,6.77792,5.8181,6.0759,NaN,216
,M. Perley,9656151,Ryan Stanley,"Eastern Shore Water, St Anns Bank",PER2023767,"ScotiaFundy-6 ",,CTD_PER2023767_767A033_1_DN,NaN,downward,45.881,-59.5407,2023-08-18T12:58:00Z,2023-08-18T12:58:00Z,2023-08-18T13:01:41Z,2023-08-18T12:59:34Z,3.9671752,4.0,28.5737,28.5737,19.4397,3.948652,6.81248,6.2426,6.2647,NaN,377
,M. Perley,9656151,Ryan Stanley,"Eastern Shore Water, St Anns Bank",PER2023767,"ScotiaFundy-6 ",,CTD_PER2023767_767A033_1_DN,NaN,downward,45.881,-59.5407,2023-08-18T12:58:00Z,2023-08-18T12:58:00Z,2023-08-18T13:01:41Z,2023-08-18T12:59:46Z,5.950734,6.0,28.608,28.608,19.4556,3.954324,6.81974,6.3315,6.7279,NaN,425
,M. Perley,9656151,Ryan Stanley,"Eastern Shore Water, St Anns Bank",PER2023767,"ScotiaFundy-6 ",,CTD_PER2023767_767A033_1_DN,NaN,downward,45.881,-59.5407,2023-08-18T12:58:00Z,2023-08-18T12:58:00Z,2023-08-18T13:01:41Z,2023-08-18T12:59:55Z,9.917794,10.0,28.6074,28.6074,19.4452,3.953518,6.82067,6.2502,7.1442,NaN,461
,M. Perley,9656151,Ryan Stanley,"Eastern Shore Water, St Anns Bank",PER2023767,"ScotiaFundy-6 ",,CTD_PER2023767_767A033_1_DN,NaN,downward,45.881,-59.5407,2023-08-18T12:58:00Z,2023-08-18T12:58:00Z,2023-08-18T13:01:41Z,2023-08-18T13:00:00Z,11.901295,12.0,28.5608,28.5608,18.525,3.870147,6.84872,6.4884,7.1096,NaN,482
,M. Perley,9656151,Ryan Stanley,"Eastern Shore Water, St Anns Bank",PER2023767,"ScotiaFundy-6 ",,CTD_PER2023767_767A033_1_DN,NaN,downward,45.881,-59.5407,2023-08-18T12:58:00Z,2023-08-18T12:58:00Z,2023-08-18T13:01:41Z,2023-08-18T13:00:05Z,13.884776,14.0,28.8977,28.8977,16.6351,3.750876,6.84517,6.7184,8.1112,NaN,504
,M. Perley,9656151,Ryan Stanley,"Eastern Shore Water, St Anns Bank",PER2023767,"ScotiaFundy-6 ",,CTD_PER2023767_767A033_1_DN,NaN,downward,45.881,-59.5407,2023-08-18T12:58:00Z,2023-08-18T12:58:00Z,2023-08-18T13:01:41Z,2023-08-18T13:00:11Z,15.868239,16.0,29.2874,29.2874,14.7096,3.633643,6.82643,6.913,10.4092,NaN,527
,M. Perley,9656151,Ryan Stanley,"Eastern Shore Water, St Anns Bank",PER2023767,"ScotiaFundy-6 ",,CTD_PER2023767_767A033_1_DN,NaN,downward,45.881,-59.5407,2023-08-18T12:58:00Z,2023-08-18T12:58:00Z,2023-08-18T13:01:41Z,2023-08-18T13:00:16Z,17.851683,18.0,29.4797,29.4797,13.3365,3.539919,6.82161,7.0474,13.6531,NaN,545
,M. Perley,9656151,Ryan Stanley,"Eastern Shore Water, St Anns Bank",PER2023767,"ScotiaFundy-6 ",,CTD_PER2023767_767A033_1_DN,NaN,downward,45.881,-59.5407,2023-08-18T12:58:00Z,2023-08-18T12:58:00Z,2023-08-18T13:01:41Z,2023-08-18T13:00:21Z,19.835106,20.0,29.8999,29.8999,11.405,3.42294,6.80804,7.2268,9.2223,NaN,566
,M. Perley,9656151,Ryan Stanley,"Eastern Shore Water, St Anns Bank",PER2023767,"ScotiaFundy-6 ",,CTD_PER2023767_767A033_1_DN,NaN,downward,45.881,-59.5407,2023-08-18T12:58:00Z,2023-08-18T12:58:00Z,2023-08-18T13:01:41Z,2023-08-18T13:00:26Z,21.81851,22.0,30.0665,30.0665,10.873,3.395737,7.43277,7.2097,8.2166,NaN,587
,M. Perley,9656151,Ryan Stanley,"Eastern Shore Water, St Anns Bank",PER2023767,"ScotiaFundy-6 ",,CTD_PER2023767_767A033_1_DN,NaN,downward,45.881,-59.5407,2023-08-18T12:58:00Z,2023-08-18T12:58:00Z,2023-08-18T13:01:41Z,2023-08-18T13:00:29Z,23.801897,24.0,30.4407,30.4407,10.5026,3.402851,8.35661,7.1972,9.4832,NaN,600
,M. Perley,9656151,Ryan Stanley,"Eastern Shore Water, St Anns Bank",PER2023767,"ScotiaFundy-6 ",,CTD_PER2023767_767A033_1_DN,NaN,downward,45.881,-59.5407,2023-08-18T12:58:00Z,2023-08-18T12:58:00Z,2023-08-18T13:01:41Z,2023-08-18T13:00:34Z,25.785263,26.0,30.5364,30.5364,10.2449,3.390731,7.99834,7.2294,7.6952,NaN,620
,M. Perley,9656151,Ryan Stanley,"Eastern Shore Water, St Anns Bank",PER2023767,"ScotiaFundy-6 ",,CTD_PER2023767_767A033_1_DN,NaN,downward,45.881,-59.5407,2023-08-18T12:58:00Z,2023-08-18T12:58:00Z,2023-08-18T13:01:41Z,2023-08-18T13:00:39Z,27.76861,28.0,30.4159,30.4159,9.8231,3.343439,8.00568,7.3423,7.8435,NaN,637
,M. Perley,9656151,Ryan Stanley,"Eastern Shore Water, St Anns Bank",PER2023767,"ScotiaFundy-6 ",,CTD_PER2023767_767A033_1_DN,NaN,downward,45.881,-59.5407,2023-08-18T12:58:00Z,2023-08-18T12:58:00Z,2023-08-18T13:01:41Z,2023-08-18T13:00:42Z,29.751938,30.0,30.3699,30.3699,8.8218,3.255486,8.02014,7.5047,7.7477,NaN,652
,M. Perley,9656151,Ryan Stanley,"Eastern Shore Water, St Anns Bank",PER2023767,"ScotiaFundy-6 ",,CTD_PER2023767_767A033_1_DN,NaN,downward,45.881,-59.5407,2023-08-18T12:58:00Z,2023-08-18T12:58:00Z,2023-08-18T13:01:41Z,2023-08-18T13:00:47Z,31.735245,32.0,30.7088,30.7088,8.2274,3.238795,7.99634,7.6194,7.9056,NaN,671
,M. Perley,9656151,Ryan Stanley,"Eastern Shore Water, St Anns Bank",PER2023767,"ScotiaFundy-6 ",,CTD_PER2023767_767A033_1_DN,NaN,downward,45.881,-59.5407,2023-08-18T12:58:00Z,2023-08-18T12:58:00Z,2023-08-18T13:01:41Z,2023-08-18T13:00:52Z,33.718536,34.0,30.8184,30.8184,7.4374,3.183711,7.99649,7.6838,6.5593,NaN,691
,M. Perley,9656151,Ryan Stanley,"Eastern Shore Water, St Anns Bank",PER2023767,"ScotiaFundy-6 ",,CTD_PER2023767_767A033_1_DN,NaN,downward,45.881,-59.5407,2023-08-18T12:58:00Z,2023-08-18T12:58:00Z,2023-08-18T13:01:41Z,2023-08-18T13:00:57Z,35.701805,36.0,30.9044,30.9044,6.6883,3.1297,7.98469,7.6347,6.4236,NaN,711
,M. Perley,9656151,Ryan Stanley,"Eastern Shore Water, St Anns Bank",PER2023767,"ScotiaFundy-6 ",,CTD_PER2023767_767A033_1_DN,NaN,downward,45.881,-59.5407,2023-08-18T12:58:00Z,2023-08-18T12:58:00Z,2023-08-18T13:01:41Z,2023-08-18T13:01:02Z,37.685055,38.0,31.3962,31.3962,5.8021,3.100835,8.52549,7.7148,4.3548,NaN,730
,M. Perley,9656151,Ryan Stanley,"Eastern Shore Water, St Anns Bank",PER2023767,"ScotiaFundy-6 ",,CTD_PER2023767_767A033_1_DN,NaN,downward,45.881,-59.5407,2023-08-18T12:58:00Z,2023-08-18T12:58:00Z,2023-08-18T13:01:41Z,2023-08-18T13:01:05Z,39.668285,40.0,31.5975,31.5975,4.8825,3.042475,8.57502,7.8034,3.2524,NaN,744
,M. Perley,9656151,Ryan Stanley,"Eastern Shore Water, St Anns Bank",PER2023767,"ScotiaFundy-6 ",,CTD_PER2023767_767A033_1_DN,NaN,downward,45.881,-59.5407,2023-08-18T12:58:00Z,2023-08-18T12:58:00Z,2023-08-18T13:01:41Z,2023-08-18T13:01:11Z,41.6515,42.0,31.5171,31.5171,4.5442,3.007711,8.57249,7.8686,3.4964,NaN,766
,M. Perley,9656151,Ryan Stanley,"Eastern Shore Water, St Anns Bank",PER2023767,"ScotiaFundy-6 ",,CTD_PER2023767_767A033_1_DN,NaN,downward,45.881,-59.5407,2023-08-18T12:58:00Z,2023-08-18T12:58:00Z,2023-08-18T13:01:41Z,2023-08-18T13:01:16Z,43.634693,44.0,31.5872,31.5872,4.2033,2.98573,8.56872,7.9314,3.3811,NaN,786
,M. Perley,9656151,Ryan Stanley,"Eastern Shore Water, St Anns Bank",PER2023767,"ScotiaFundy-6 ",,CTD_PER2023767_767A033_1_DN,NaN,downward,45.881,-59.5407,2023-08-18T12:58:00Z,2023-08-18T12:58:00Z,2023-08-18T13:01:41Z,2023-08-18T13:01:21Z,45.617867,46.0,31.6889,31.6889,4.1996,2.994228,8.56224,7.9171,3.6576,NaN,807
,M. Perley,9656151,Ryan Stanley,"Eastern Shore Water, St Anns Bank",PER2023767,"ScotiaFundy-6 ",,CTD_PER2023767_767A033_1_DN,NaN,downward,45.881,-59.5407,2023-08-18T12:58:00Z,2023-08-18T12:58:00Z,2023-08-18T13:01:41Z,2023-08-18T13:01:41Z,47.60102,48.0,31.5307,31.5307,3.8058,2.948426,8.91311,7.9903,2.876,NaN,887
,M. Perley,9656151,Ryan Stanley,"Eastern Shore Water, St Anns Bank",PER2023767,"ScotiaFundy-6 ",,CTD_PER2023767_767A033_1_UP,NaN,upward,45.881,-59.5407,2023-08-18T12:58:00Z,2023-08-18T12:58:00Z,2023-08-18T13:06:29Z,2023-08-18T13:02:51Z,45.617867,46.0,31.5591,31.5591,3.7725,2.948105,8.84598,8.009,3.1925,NaN,1168
,M. Perley,9656151,Ryan Stanley,"Eastern Shore Water, St Anns Bank",PER2023767,"ScotiaFundy-6 ",,CTD_PER2023767_767A033_1_UP,NaN,upward,45.881,-59.5407,2023-08-18T12:58:00Z,2023-08-18T12:58:00Z,2023-08-18T13:06:29Z,2023-08-18T13:04:29Z,43.634693,44.0,31.5686,31.5686,3.6904,2.942104,8.86935,8.019,3.1647,NaN,1560
,M. Perley,9656151,Ryan Stanley,"Eastern Shore Water, St Anns Bank",PER2023767,"ScotiaFundy-6 ",,CTD_PER2023767_767A033_1_UP,NaN,upward,45.881,-59.5407,2023-08-18T12:58:00Z,2023-08-18T12:58:00Z,2023-08-18T13:06:29Z,2023-08-18T13:04:45Z,41.6515,42.0,31.5441,31.5441,3.7939,2.948411,8.87034,8.0268,3.2533,NaN,1625
,M. Perley,9656151,Ryan Stanley,"Eastern Shore Water, St Anns Bank",PER2023767,"ScotiaFundy-6 ",,CTD_PER2023767_767A033_1_UP,NaN,upward,45.881,-59.5407,2023-08-18T12:58:00Z,2023-08-18T12:58:00Z,2023-08-18T13:06:29Z,2023-08-18T13:04:50Z,39.668285,40.0,31.5002,31.5002,3.9539,2.957691,8.87188,8.0229,3.3749,NaN,1643
,M. Perley,9656151,Ryan Stanley,"Eastern Shore Water, St Anns Bank",PER2023767,"ScotiaFundy-6 ",,CTD_PER2023767_767A033_1_UP,NaN,upward,45.881,-59.5407,2023-08-18T12:58:00Z,2023-08-18T12:58:00Z,2023-08-18T13:06:29Z,2023-08-18T13:04:55Z,37.685055,38.0,31.4405,31.4405,4.1031,2.964729,8.87423,8.0059,3.1114,NaN,1664
,M. Perley,9656151,Ryan Stanley,"Eastern Shore Water, St Anns Bank",PER2023767,"ScotiaFundy-6 ",,CTD_PER2023767_767A033_1_UP,NaN,upward,45.881,-59.5407,2023-08-18T12:58:00Z,2023-08-18T12:58:00Z,2023-08-18T13:06:29Z,2023-08-18T13:05:02Z,35.701805,36.0,31.4223,31.4223,4.2074,2.971625,8.81309,8.0665,3.8572,NaN,1690
,M. Perley,9656151,Ryan Stanley,"Eastern Shore Water, St Anns Bank",PER2023767,"ScotiaFundy-6 ",,CTD_PER2023767_767A033_1_UP,NaN,upward,45.881,-59.5407,2023-08-18T12:58:00Z,2023-08-18T12:58:00Z,2023-08-18T13:06:29Z,2023-08-18T13:05:08Z,33.718536,34.0,31.1377,31.1377,5.03,3.014201,8.83051,8.0184,4.5864,NaN,1715
,M. Perley,9656151,Ryan Stanley,"Eastern Shore Water, St Anns Bank",PER2023767,"ScotiaFundy-6 ",,CTD_PER2023767_767A033_1_UP,NaN,upward,45.881,-59.5407,2023-08-18T12:58:00Z,2023-08-18T12:58:00Z,2023-08-18T13:06:29Z,2023-08-18T13:05:14Z,31.735245,32.0,31.0289,31.0289,5.5624,3.04813,8.83562,8.1316,5.0049,NaN,1740
,M. Perley,9656151,Ryan Stanley,"Eastern Shore Water, St Anns Bank",PER2023767,"ScotiaFundy-6 ",,CTD_PER2023767_767A033_1_UP,NaN,upward,45.881,-59.5407,2023-08-18T12:58:00Z,2023-08-18T12:58:00Z,2023-08-18T13:06:29Z,2023-08-18T13:05:19Z,29.751938,30.0,30.8406,30.8406,6.6775,3.122693,8.84233,7.8478,6.568,NaN,1761
,M. Perley,9656151,Ryan Stanley,"Eastern Shore Water, St Anns Bank",PER2023767,"ScotiaFundy-6 ",,CTD_PER2023767_767A033_1_UP,NaN,upward,45.881,-59.5407,2023-08-18T12:58:00Z,2023-08-18T12:58:00Z,2023-08-18T13:06:29Z,2023-08-18T13:05:24Z,27.76861,28.0,30.4381,30.4381,7.7677,3.17499,8.66734,7.6738,6.8762,NaN,1780
,M. Perley,9656151,Ryan Stanley,"Eastern Shore Water, St Anns Bank",PER2023767,"ScotiaFundy-6 ",,CTD_PER2023767_767A033_1_UP,NaN,upward,45.881,-59.5407,2023-08-18T12:58:00Z,2023-08-18T12:58:00Z,2023-08-18T13:06:29Z,2023-08-18T13:05:29Z,25.785263,26.0,30.3021,30.3021,8.0732,3.187181,8.1579,7.6002,6.7185,NaN,1800
,M. Perley,9656151,Ryan Stanley,"Eastern Shore Water, St Anns Bank",PER2023767,"ScotiaFundy-6 ",,CTD_PER2023767_767A033_1_UP,NaN,upward,45.881,-59.5407,2023-08-18T12:58:00Z,2023-08-18T12:58:00Z,2023-08-18T13:06:29Z,2023-08-18T13:05:44Z,21.81851,22.0,30.0014,30.0014,9.609,3.284286,8.17477,7.4378,7.1778,NaN,1858
,M. Perley,9656151,Ryan Stanley,"Eastern Shore Water, St Anns Bank",PER2023767,"ScotiaFundy-6 ",,CTD_PER2023767_767A033_1_UP,NaN,upward,45.881,-59.5407,2023-08-18T12:58:00Z,2023-08-18T12:58:00Z,2023-08-18T13:06:29Z,2023-08-18T13:05:47Z,19.835106,20.0,29.8992,29.8992,10.1225,3.316463,8.17762,7.4011,7.6722,NaN,1872
,M. Perley,9656151,Ryan Stanley,"Eastern Shore Water, St Anns Bank",PER2023767,"ScotiaFundy-6 ",,CTD_PER2023767_767A033_1_UP,NaN,upward,45.881,-59.5407,2023-08-18T12:58:00Z,2023-08-18T12:58:00Z,2023-08-18T13:06:29Z,2023-08-18T13:05:52Z,17.851683,18.0,29.8319,29.8319,10.7295,3.359805,8.18252,7.4431,9.0923,NaN,1890
,M. Perley,9656151,Ryan Stanley,"Eastern Shore Water, St Anns Bank",PER2023767,"ScotiaFundy-6 ",,CTD_PER2023767_767A033_1_UP,NaN,upward,45.881,-59.5407,2023-08-18T12:58:00Z,2023-08-18T12:58:00Z,2023-08-18T13:06:29Z,2023-08-18T13:05:57Z,15.868239,16.0,29.7232,29.7232,11.7125,3.430193,8.12806,7.4676,9.9612,NaN,1912
,M. Perley,9656151,Ryan Stanley,"Eastern Shore Water, St Anns Bank",PER2023767,"ScotiaFundy-6 ",,CTD_PER2023767_767A033_1_UP,NaN,upward,45.881,-59.5407,2023-08-18T12:58:00Z,2023-08-18T12:58:00Z,2023-08-18T13:06:29Z,2023-08-18T13:06:03Z,13.884776,14.0,29.3422,29.3422,13.8598,3.568724,8.00669,7.1301,8.5615,NaN,1934
,M. Perley,9656151,Ryan Stanley,"Eastern Shore Water, St Anns Bank",PER2023767,"ScotiaFundy-6 ",,CTD_PER2023767_767A033_1_UP,NaN,upward,45.881,-59.5407,2023-08-18T12:58:00Z,2023-08-18T12:58:00Z,2023-08-18T13:06:29Z,2023-08-18T13:06:09Z,11.901295,12.0,29.0634,29.0634,15.2754,3.655998,8.03564,6.9199,7.34,NaN,1957
,M. Perley,9656151,Ryan Stanley,"Eastern Shore Water, St Anns Bank",PER2023767,"ScotiaFundy-6 ",,CTD_PER2023767_767A033_1_UP,NaN,upward,45.881,-59.5407,2023-08-18T12:58:00Z,2023-08-18T12:58:00Z,2023-08-18T13:06:29Z,2023-08-18T13:06:14Z,9.917794,10.0,29.0755,29.0755,16.03,3.720526,8.02435,6.7793,7.0768,NaN,1979
,M. Perley,9656151,Ryan Stanley,"Eastern Shore Water, St Anns Bank",PER2023767,"ScotiaFundy-6 ",,CTD_PER2023767_767A033_1_UP,NaN,upward,45.881,-59.5407,2023-08-18T12:58:00Z,2023-08-18T12:58:00Z,2023-08-18T13:06:29Z,2023-08-18T13:06:19Z,7.9342737,8.0,28.5331,28.5331,18.0546,3.826434,8.0469,6.5403,7.0008,NaN,1999
,M. Perley,9656151,Ryan Stanley,"Eastern Shore Water, St Anns Bank",PER2023767,"ScotiaFundy-6 ",,CTD_PER2023767_767A033_1_UP,NaN,upward,45.881,-59.5407,2023-08-18T12:58:00Z,2023-08-18T12:58:00Z,2023-08-18T13:06:29Z,2023-08-18T13:06:24Z,5.950734,6.0,28.5284,28.5284,18.8197,3.890676,8.04234,6.4357,7.0562,NaN,2021
,M. Perley,9656151,Ryan Stanley,"Eastern Shore Water, St Anns Bank",PER2023767,"ScotiaFundy-6 ",,CTD_PER2023767_767A033_1_UP,NaN,upward,45.881,-59.5407,2023-08-18T12:58:00Z,2023-08-18T12:58:00Z,2023-08-18T13:06:29Z,2023-08-18T13:06:29Z,3.9671752,4.0,28.5532,28.5532,18.9866,3.907729,6.54899,6.4131,6.6708,NaN,2040
,M. Perley,9656151,Ryan Stanley,"Eastern Shore Water, St Anns Bank",PER2023767,"ScotiaFundy-6 ",,CTD_PER2023767_767A034_1_DN,NaN,downward,45.9047,-59.5218,2023-08-18T14:34:46Z,2023-08-18T14:34:46Z,2023-08-18T14:39:49Z,2023-08-18T14:36:48Z,1.983593,2.0,28.5673,28.5673,19.427,3.946692,6.83691,5.9118,6.6698,NaN,489
,M. Perley,9656151,Ryan Stanley,"Eastern Shore Water, St Anns Bank",PER2023767,"ScotiaFundy-6 ",,CTD_PER2023767_767A034_1_DN,NaN,downward,45.9047,-59.5218,2023-08-18T14:34:46Z,2023-08-18T14:34:46Z,2023-08-18T14:39:49Z,2023-08-18T14:36:56Z,3.9671667,4.0,28.5673,28.5673,19.4268,3.94675,6.83733,6.1121,7.0506,NaN,521
,M. Perley,9656151,Ryan Stanley,"Eastern Shore Water, St Anns Bank",PER2023767,"ScotiaFundy-6 ",,CTD_PER2023767_767A034_1_DN,NaN,downward,45.9047,-59.5218,2023-08-18T14:34:46Z,2023-08-18T14:34:46Z,2023-08-18T14:39:49Z,2023-08-18T14:37:01Z,5.9507213,6.0,28.5661,28.5661,19.4298,3.946936,6.83789,6.2154,7.2548,NaN,543
,M. Perley,9656151,Ryan Stanley,"Eastern Shore Water, St Anns Bank",PER2023767,"ScotiaFundy-6 ",,CTD_PER2023767_767A034_1_DN,NaN,downward,45.9047,-59.5218,2023-08-18T14:34:46Z,2023-08-18T14:34:46Z,2023-08-18T14:39:49Z,2023-08-18T14:37:07Z,7.934256,8.0,28.5703,28.5703,19.4156,3.946323,6.83813,6.2282,7.7392,NaN,566
,M. Perley,9656151,Ryan Stanley,"Eastern Shore Water, St Anns Bank",PER2023767,"ScotiaFundy-6 ",,CTD_PER2023767_767A034_1_DN,NaN,downward,45.9047,-59.5218,2023-08-18T14:34:46Z,2023-08-18T14:34:46Z,2023-08-18T14:39:49Z,2023-08-18T14:37:12Z,9.917772,10.0,28.5727,28.5727,19.3843,3.944044,6.84674,6.2347,7.6126,NaN,587
,M. Perley,9656151,Ryan Stanley,"Eastern Shore Water, St Anns Bank",PER2023767,"ScotiaFundy-6 ",,CTD_PER2023767_767A034_1_DN,NaN,downward,45.9047,-59.5218,2023-08-18T14:34:46Z,2023-08-18T14:34:46Z,2023-08-18T14:39:49Z,2023-08-18T14:37:17Z,11.901269,12.0,28.5852,28.5852,19.3211,3.940306,6.84893,6.2562,8.0609,NaN,607
,M. Perley,9656151,Ryan Stanley,"Eastern Shore Water, St Anns Bank",PER2023767,"ScotiaFundy-6 ",,CTD_PER2023767_767A034_1_DN,NaN,downward,45.9047,-59.5218,2023-08-18T14:34:46Z,2023-08-18T14:34:46Z,2023-08-18T14:39:49Z,2023-08-18T14:37:22Z,13.884747,14.0,28.614,28.614,19.0468,3.920698,6.8489,6.2634,8.4628,NaN,629
,M. Perley,9656151,Ryan Stanley,"Eastern Shore Water, St Anns Bank",PER2023767,"ScotiaFundy-6 ",,CTD_PER2023767_767A034_1_DN,NaN,downward,45.9047,-59.5218,2023-08-18T14:34:46Z,2023-08-18T14:34:46Z,2023-08-18T14:39:49Z,2023-08-18T14:37:29Z,15.868204,16.0,28.8092,28.8092,18.1229,3.86617,6.84153,6.3739,8.6125,NaN,654
,M. Perley,9656151,Ryan Stanley,"Eastern Shore Water, St Anns Bank",PER2023767,"ScotiaFundy-6 ",,CTD_PER2023767_767A034_1_DN,NaN,downward,45.9047,-59.5218,2023-08-18T14:34:46Z,2023-08-18T14:34:46Z,2023-08-18T14:39:49Z,2023-08-18T14:37:34Z,17.851643,18.0,29.0087,29.0087,16.9634,3.792065,6.83097,6.5499,8.4846,NaN,674
,M. Perley,9656151,Ryan Stanley,"Eastern Shore Water, St Anns Bank",PER2023767,"ScotiaFundy-6 ",,CTD_PER2023767_767A034_1_DN,NaN,downward,45.9047,-59.5218,2023-08-18T14:34:46Z,2023-08-18T14:34:46Z,2023-08-18T14:39:49Z,2023-08-18T14:37:40Z,19.835062,20.0,29.6271,29.6271,14.5364,3.657185,6.8137,6.9467,11.255,NaN,697
,M. Perley,9656151,Ryan Stanley,"Eastern Shore Water, St Anns Bank",PER2023767,"ScotiaFundy-6 ",,CTD_PER2023767_767A034_1_DN,NaN,downward,45.9047,-59.5218,2023-08-18T14:34:46Z,2023-08-18T14:34:46Z,2023-08-18T14:39:49Z,2023-08-18T14:37:48Z,21.818462,22.0,29.9342,29.9342,12.6137,3.528194,8.15345,7.0605,13.6939,NaN,730
,M. Perley,9656151,Ryan Stanley,"Eastern Shore Water, St Anns Bank",PER2023767,"ScotiaFundy-6 ",,CTD_PER2023767_767A034_1_DN,NaN,downward,45.9047,-59.5218,2023-08-18T14:34:46Z,2023-08-18T14:34:46Z,2023-08-18T14:39:49Z,2023-08-18T14:37:54Z,23.801844,24.0,30.1612,30.1612,11.5089,3.458819,7.79978,7.2589,16.2391,NaN,754
,M. Perley,9656151,Ryan Stanley,"Eastern Shore Water, St Anns Bank",PER2023767,"ScotiaFundy-6 ",,CTD_PER2023767_767A034_1_DN,NaN,downward,45.9047,-59.5218,2023-08-18T14:34:46Z,2023-08-18T14:34:46Z,2023-08-18T14:39:49Z,2023-08-18T14:38:04Z,25.785206,26.0,30.2977,30.2977,7.6336,3.149854,7.79794,7.5752,11.6289,NaN,794
,M. Perley,9656151,Ryan Stanley,"Eastern Shore Water, St Anns Bank",PER2023767,"ScotiaFundy-6 ",,CTD_PER2023767_767A034_1_DN,NaN,downward,45.9047,-59.5218,2023-08-18T14:34:46Z,2023-08-18T14:34:46Z,2023-08-18T14:39:49Z,2023-08-18T14:38:09Z,27.768549,28.0,30.2231,30.2231,7.4298,3.127078,7.80844,7.5553,11.7295,NaN,816
,M. Perley,9656151,Ryan Stanley,"Eastern Shore Water, St Anns Bank",PER2023767,"ScotiaFundy-6 ",,CTD_PER2023767_767A034_1_DN,NaN,downward,45.9047,-59.5218,2023-08-18T14:34:46Z,2023-08-18T14:34:46Z,2023-08-18T14:39:49Z,2023-08-18T14:38:24Z,31.735176,32.0,30.9715,30.9715,5.3882,3.028824,8.95266,8.131,6.2073,NaN,875
,M. Perley,9656151,Ryan Stanley,"Eastern Shore Water, St Anns Bank",PER2023767,"ScotiaFundy-6 ",,CTD_PER2023767_767A034_1_DN,NaN,downward,45.9047,-59.5218,2023-08-18T14:34:46Z,2023-08-18T14:34:46Z,2023-08-18T14:39:49Z,2023-08-18T14:38:30Z,33.71846,34.0,31.1017,31.1017,5.254,3.029385,8.93931,8.0967,6.5789,NaN,897
,M. Perley,9656151,Ryan Stanley,"Eastern Shore Water, St Anns Bank",PER2023767,"ScotiaFundy-6 ",,CTD_PER2023767_767A034_1_DN,NaN,downward,45.9047,-59.5218,2023-08-18T14:34:46Z,2023-08-18T14:34:46Z,2023-08-18T14:39:49Z,2023-08-18T14:38:39Z,35.701725,36.0,31.1415,31.1415,5.005,3.012573,8.96914,8.1577,6.7249,NaN,934
,M. Perley,9656151,Ryan Stanley,"Eastern Shore Water, St Anns Bank",PER2023767,"ScotiaFundy-6 ",,CTD_PER2023767_767A034_1_DN,NaN,downward,45.9047,-59.5218,2023-08-18T14:34:46Z,2023-08-18T14:34:46Z,2023-08-18T14:39:49Z,2023-08-18T14:38:46Z,37.684975,38.0,31.2188,31.2188,4.9061,3.011319,9.10262,8.0915,8.4301,NaN,962
,M. Perley,9656151,Ryan Stanley,"Eastern Shore Water, St Anns Bank",PER2023767,"ScotiaFundy-6 ",,CTD_PER2023767_767A034_1_DN,NaN,downward,45.9047,-59.5218,2023-08-18T14:34:46Z,2023-08-18T14:34:46Z,2023-08-18T14:39:49Z,2023-08-18T14:38:52Z,39.6682,40.0,31.2666,31.2666,4.5677,2.98786,9.11015,7.9376,6.5163,NaN,987
,M. Perley,9656151,Ryan Stanley,"Eastern Shore Water, St Anns Bank",PER2023767,"ScotiaFundy-6 ",,CTD_PER2023767_767A034_1_DN,NaN,downward,45.9047,-59.5218,2023-08-18T14:34:46Z,2023-08-18T14:34:46Z,2023-08-18T14:39:49Z,2023-08-18T14:38:56Z,41.65141,42.0,31.1583,31.1583,4.4024,2.965112,9.1146,7.8205,3.6214,NaN,1004
,M. Perley,9656151,Ryan Stanley,"Eastern Shore Water, St Anns Bank",PER2023767,"ScotiaFundy-6 ",,CTD_PER2023767_767A034_1_DN,NaN,downward,45.9047,-59.5218,2023-08-18T14:34:46Z,2023-08-18T14:34:46Z,2023-08-18T14:39:49Z,2023-08-18T14:39:16Z,45.617767,46.0,31.7147,31.7147,3.1685,2.91182,8.92913,7.92,2.165,NaN,1084
,M. Perley,9656151,Ryan Stanley,"Eastern Shore Water, St Anns Bank",PER2023767,"ScotiaFundy-6 ",,CTD_PER2023767_767A034_1_DN,NaN,downward,45.9047,-59.5218,2023-08-18T14:34:46Z,2023-08-18T14:34:46Z,2023-08-18T14:39:49Z,2023-08-18T14:39:18Z,47.600918,48.0,31.3301,31.3301,3.2962,2.890283,8.96658,7.8839,2.2719,NaN,1093
,M. Perley,9656151,Ryan Stanley,"Eastern Shore Water, St Anns Bank",PER2023767,"ScotiaFundy-6 ",,CTD_PER2023767_767A034_1_DN,NaN,downward,45.9047,-59.5218,2023-08-18T14:34:46Z,2023-08-18T14:34:46Z,2023-08-18T14:39:49Z,2023-08-18T14:39:49Z,49.584045,50.0,31.7834,31.7834,2.6373,2.874354,8.92802,7.9972,1.871,NaN,1217
,M. Perley,9656151,Ryan Stanley,"Eastern Shore Water, St Anns Bank",PER2023767,"ScotiaFundy-6 ",,CTD_PER2023767_767A034_1_UP,NaN,upward,45.9047,-59.5218,2023-08-18T14:34:46Z,2023-08-18T14:34:46Z,2023-08-18T14:45:30Z,2023-08-18T14:39:42Z,47.600918,48.0,31.8383,31.8383,2.7243,2.885837,8.91935,7.9757,1.7401,NaN,1188
,M. Perley,9656151,Ryan Stanley,"Eastern Shore Water, St Anns Bank",PER2023767,"ScotiaFundy-6 ",,CTD_PER2023767_767A034_1_UP,NaN,upward,45.9047,-59.5218,2023-08-18T14:34:46Z,2023-08-18T14:34:46Z,2023-08-18T14:45:30Z,2023-08-18T14:42:05Z,45.617767,46.0,31.6482,31.6482,2.9587,2.889172,8.89072,8.0419,2.2265,NaN,1757
,M. Perley,9656151,Ryan Stanley,"Eastern Shore Water, St Anns Bank",PER2023767,"ScotiaFundy-6 ",,CTD_PER2023767_767A034_1_UP,NaN,upward,45.9047,-59.5218,2023-08-18T14:34:46Z,2023-08-18T14:34:46Z,2023-08-18T14:45:30Z,2023-08-18T14:42:40Z,43.634598,44.0,31.5856,31.5856,3.1243,2.897368,8.89146,8.1781,2.6786,NaN,1899
,M. Perley,9656151,Ryan Stanley,"Eastern Shore Water, St Anns Bank",PER2023767,"ScotiaFundy-6 ",,CTD_PER2023767_767A034_1_UP,NaN,upward,45.9047,-59.5218,2023-08-18T14:34:46Z,2023-08-18T14:34:46Z,2023-08-18T14:45:30Z,2023-08-18T14:42:47Z,41.65141,42.0,31.5318,31.5318,3.2202,2.900599,8.9211,8.377,4.45,NaN,1929
,M. Perley,9656151,Ryan Stanley,"Eastern Shore Water, St Anns Bank",PER2023767,"ScotiaFundy-6 ",,CTD_PER2023767_767A034_1_UP,NaN,upward,45.9047,-59.5218,2023-08-18T14:34:46Z,2023-08-18T14:34:46Z,2023-08-18T14:45:30Z,2023-08-18T14:43:00Z,37.684975,38.0,31.2972,31.2972,4.179,2.95865,8.91858,8.3649,5.4168,NaN,1980
,M. Perley,9656151,Ryan Stanley,"Eastern Shore Water, St Anns Bank",PER2023767,"ScotiaFundy-6 ",,CTD_PER2023767_767A034_1_UP,NaN,upward,45.9047,-59.5218,2023-08-18T14:34:46Z,2023-08-18T14:34:46Z,2023-08-18T14:45:30Z,2023-08-18T14:43:05Z,35.701725,36.0,31.1004,31.1004,4.4475,2.963513,8.92947,8.2157,5.4273,NaN,1999
,M. Perley,9656151,Ryan Stanley,"Eastern Shore Water, St Anns Bank",PER2023767,"ScotiaFundy-6 ",,CTD_PER2023767_767A034_1_UP,NaN,upward,45.9047,-59.5218,2023-08-18T14:34:46Z,2023-08-18T14:34:46Z,2023-08-18T14:45:30Z,2023-08-18T14:43:11Z,33.71846,34.0,30.9187,30.9187,4.66,2.964951,8.948,8.0822,5.7926,NaN,2023
,M. Perley,9656151,Ryan Stanley,"Eastern Shore Water, St Anns Bank",PER2023767,"ScotiaFundy-6 ",,CTD_PER2023767_767A034_1_UP,NaN,upward,45.9047,-59.5218,2023-08-18T14:34:46Z,2023-08-18T14:34:46Z,2023-08-18T14:45:30Z,2023-08-18T14:43:18Z,31.735176,32.0,30.6118,30.6118,4.7253,2.943509,8.98833,8.0665,6.2082,NaN,2050
,M. Perley,9656151,Ryan Stanley,"Eastern Shore Water, St Anns Bank",PER2023767,"ScotiaFundy-6 ",,CTD_PER2023767_767A034_1_UP,NaN,upward,45.9047,-59.5218,2023-08-18T14:34:46Z,2023-08-18T14:34:46Z,2023-08-18T14:45:30Z,2023-08-18T14:44:18Z,17.851643,18.0,29.1541,29.1541,16.2565,3.749134,7.19995,6.7317,8.2148,NaN,2291
,M. Perley,9656151,Ryan Stanley,"Eastern Shore Water, St Anns Bank",PER2023767,"ScotiaFundy-6 ",,CTD_PER2023767_767A034_1_UP,NaN,upward,45.9047,-59.5218,2023-08-18T14:34:46Z,2023-08-18T14:34:46Z,2023-08-18T14:45:30Z,2023-08-18T14:44:26Z,15.868204,16.0,28.9635,28.9635,16.8084,3.773406,7.20204,6.6978,8.1572,NaN,2323
,M. Perley,9656151,Ryan Stanley,"Eastern Shore Water, St Anns Bank",PER2023767,"ScotiaFundy-6 ",,CTD_PER2023767_767A034_1_UP,NaN,upward,45.9047,-59.5218,2023-08-18T14:34:46Z,2023-08-18T14:34:46Z,2023-08-18T14:45:30Z,2023-08-18T14:44:33Z,13.884747,14.0,28.8077,28.8077,17.4687,3.810761,7.20731,6.6155,8.1386,NaN,2349
,M. Perley,9656151,Ryan Stanley,"Eastern Shore Water, St Anns Bank",PER2023767,"ScotiaFundy-6 ",,CTD_PER2023767_767A034_1_UP,NaN,upward,45.9047,-59.5218,2023-08-18T14:34:46Z,2023-08-18T14:34:46Z,2023-08-18T14:45:30Z,2023-08-18T14:44:39Z,11.901269,12.0,28.5752,28.5752,18.4172,3.862696,7.05942,6.4929,7.8297,NaN,2375
,M. Perley,9656151,Ryan Stanley,"Eastern Shore Water, St Anns Bank",PER2023767,"ScotiaFundy-6 ",,CTD_PER2023767_767A034_1_UP,NaN,upward,45.9047,-59.5218,2023-08-18T14:34:46Z,2023-08-18T14:34:46Z,2023-08-18T14:45:30Z,2023-08-18T14:44:46Z,9.917772,10.0,28.5291,28.5291,18.8602,3.894341,6.76331,6.4547,7.3776,NaN,2401
,M. Perley,9656151,Ryan Stanley,"Eastern Shore Water, St Anns Bank",PER2023767,"ScotiaFundy-6 ",,CTD_PER2023767_767A034_1_UP,NaN,upward,45.9047,-59.5218,2023-08-18T14:34:46Z,2023-08-18T14:34:46Z,2023-08-18T14:45:30Z,2023-08-18T14:44:51Z,7.934256,8.0,28.5219,28.5219,19.2099,3.922893,6.78696,6.4166,7.2701,NaN,2423
,M. Perley,9656151,Ryan Stanley,"Eastern Shore Water, St Anns Bank",PER2023767,"ScotiaFundy-6 ",,CTD_PER2023767_767A034_1_UP,NaN,upward,45.9047,-59.5218,2023-08-18T14:34:46Z,2023-08-18T14:34:46Z,2023-08-18T14:45:30Z,2023-08-18T14:45:02Z,3.9671667,4.0,28.5491,28.5491,19.1342,3.919725,6.78337,6.4103,7.0438,NaN,2468
,M. Perley,9656151,Ryan Stanley,"Eastern Shore Water, St Anns Bank",PER2023767,"ScotiaFundy-6 ",,CTD_PER2023767_767A034_1_UP,NaN,upward,45.9047,-59.5218,2023-08-18T14:34:46Z,2023-08-18T14:34:46Z,2023-08-18T14:45:30Z,2023-08-18T14:45:30Z,1.983593,2.0,28.3309,28.3309,19.2691,3.903991,6.79872,6.2448,6.7835,NaN,2578
,M. Perley,9656151,Ryan Stanley,"Eastern Shore Water, St Anns Bank",PER2023767,"ScotiaFundy-5 ",,CTD_PER2023767_767A035_1_DN,NaN,downward,45.0375,-59.3413,2023-08-18T15:05:10Z,2023-08-18T15:05:10Z,2023-08-18T15:11:27Z,2023-08-18T15:07:11Z,1.9837518,2.0,28.5128,28.5128,19.3934,3.937085,6.7135,5.7899,7.424,NaN,486
,M. Perley,9656151,Ryan Stanley,"Eastern Shore Water, St Anns Bank",PER2023767,"ScotiaFundy-5 ",,CTD_PER2023767_767A035_1_DN,NaN,downward,45.0375,-59.3413,2023-08-18T15:05:10Z,2023-08-18T15:05:10Z,2023-08-18T15:11:27Z,2023-08-18T15:08:06Z,3.9674842,4.0,28.5485,28.5485,19.4322,3.944869,6.85992,6.0668,7.1673,NaN,705
,M. Perley,9656151,Ryan Stanley,"Eastern Shore Water, St Anns Bank",PER2023767,"ScotiaFundy-5 ",,CTD_PER2023767_767A035_1_DN,NaN,downward,45.0375,-59.3413,2023-08-18T15:05:10Z,2023-08-18T15:05:10Z,2023-08-18T15:11:27Z,2023-08-18T15:08:24Z,5.951197,6.0,28.5583,28.5583,19.444,3.947171,6.89837,6.2029,7.4299,NaN,781
,M. Perley,9656151,Ryan Stanley,"Eastern Shore Water, St Anns Bank",PER2023767,"ScotiaFundy-5 ",,CTD_PER2023767_767A035_1_DN,NaN,downward,45.0375,-59.3413,2023-08-18T15:05:10Z,2023-08-18T15:05:10Z,2023-08-18T15:11:27Z,2023-08-18T15:08:31Z,7.934891,8.0,28.5585,28.5585,19.4481,3.947615,6.8988,6.2086,8.0648,NaN,805
,M. Perley,9656151,Ryan Stanley,"Eastern Shore Water, St Anns Bank",PER2023767,"ScotiaFundy-5 ",,CTD_PER2023767_767A035_1_DN,NaN,downward,45.0375,-59.3413,2023-08-18T15:05:10Z,2023-08-18T15:05:10Z,2023-08-18T15:11:27Z,2023-08-18T15:08:36Z,9.918566,10.0,28.5562,28.5562,19.4461,3.947243,6.89932,6.1825,8.2408,NaN,826
,M. Perley,9656151,Ryan Stanley,"Eastern Shore Water, St Anns Bank",PER2023767,"ScotiaFundy-5 ",,CTD_PER2023767_767A035_1_DN,NaN,downward,45.0375,-59.3413,2023-08-18T15:05:10Z,2023-08-18T15:05:10Z,2023-08-18T15:11:27Z,2023-08-18T15:08:41Z,11.902222,12.0,28.6409,28.6409,19.1872,3.935846,7.0363,6.2589,8.5498,NaN,847
,M. Perley,9656151,Ryan Stanley,"Eastern Shore Water, St Anns Bank",PER2023767,"ScotiaFundy-5 ",,CTD_PER2023767_767A035_1_DN,NaN,downward,45.0375,-59.3413,2023-08-18T15:05:10Z,2023-08-18T15:05:10Z,2023-08-18T15:11:27Z,2023-08-18T15:08:47Z,13.885858,14.0,28.8006,28.8006,18.5451,3.900928,7.05665,6.373,8.2665,NaN,870
,M. Perley,9656151,Ryan Stanley,"Eastern Shore Water, St Anns Bank",PER2023767,"ScotiaFundy-5 ",,CTD_PER2023767_767A035_1_DN,NaN,downward,45.0375,-59.3413,2023-08-18T15:05:10Z,2023-08-18T15:05:10Z,2023-08-18T15:11:27Z,2023-08-18T15:08:53Z,15.869474,16.0,29.2774,29.2774,16.3974,3.775104,7.04011,6.6514,8.8542,NaN,896
,M. Perley,9656151,Ryan Stanley,"Eastern Shore Water, St Anns Bank",PER2023767,"ScotiaFundy-5 ",,CTD_PER2023767_767A035_1_DN,NaN,downward,45.0375,-59.3413,2023-08-18T15:05:10Z,2023-08-18T15:05:10Z,2023-08-18T15:11:27Z,2023-08-18T15:09:14Z,21.82021,22.0,30.2213,30.2213,9.1999,3.272138,8.2708,7.4869,11.2796,NaN,980
,M. Perley,9656151,Ryan Stanley,"Eastern Shore Water, St Anns Bank",PER2023767,"ScotiaFundy-5 ",,CTD_PER2023767_767A035_1_DN,NaN,downward,45.0375,-59.3413,2023-08-18T15:05:10Z,2023-08-18T15:05:10Z,2023-08-18T15:11:27Z,2023-08-18T15:09:18Z,23.80375,24.0,30.6132,30.6132,8.5051,3.252304,8.23395,7.4389,10.3198,NaN,996
,M. Perley,9656151,Ryan Stanley,"Eastern Shore Water, St Anns Bank",PER2023767,"ScotiaFundy-5 ",,CTD_PER2023767_767A035_1_DN,NaN,downward,45.0375,-59.3413,2023-08-18T15:05:10Z,2023-08-18T15:05:10Z,2023-08-18T15:11:27Z,2023-08-18T15:09:25Z,25.78727,26.0,31.2734,31.2734,7.1062,3.197595,8.19701,7.5102,8.2664,NaN,1024
,M. Perley,9656151,Ryan Stanley,"Eastern Shore Water, St Anns Bank",PER2023767,"ScotiaFundy-5 ",,CTD_PER2023767_767A035_1_DN,NaN,downward,45.0375,-59.3413,2023-08-18T15:05:10Z,2023-08-18T15:05:10Z,2023-08-18T15:11:27Z,2023-08-18T15:09:34Z,27.770771,28.0,31.1586,31.1586,5.4498,3.050881,8.84042,7.9412,7.1347,NaN,1060
,M. Perley,9656151,Ryan Stanley,"Eastern Shore Water, St Anns Bank",PER2023767,"ScotiaFundy-5 ",,CTD_PER2023767_767A035_1_DN,NaN,downward,45.0375,-59.3413,2023-08-18T15:05:10Z,2023-08-18T15:05:10Z,2023-08-18T15:11:27Z,2023-08-18T15:09:44Z,29.754253,30.0,31.1349,31.1349,5.1141,3.020691,9.13374,8.0704,5.8839,NaN,1100
,M. Perley,9656151,Ryan Stanley,"Eastern Shore Water, St Anns Bank",PER2023767,"ScotiaFundy-5 ",,CTD_PER2023767_767A035_1_DN,NaN,downward,45.0375,-59.3413,2023-08-18T15:05:10Z,2023-08-18T15:05:10Z,2023-08-18T15:11:27Z,2023-08-18T15:09:53Z,31.737717,32.0,31.1825,31.1825,5.0241,3.017563,9.13295,8.0624,5.9013,NaN,1134
,M. Perley,9656151,Ryan Stanley,"Eastern Shore Water, St Anns Bank",PER2023767,"ScotiaFundy-5 ",,CTD_PER2023767_767A035_1_DN,NaN,downward,45.0375,-59.3413,2023-08-18T15:05:10Z,2023-08-18T15:05:10Z,2023-08-18T15:11:27Z,2023-08-18T15:09:58Z,33.72116,34.0,31.0322,31.0322,5.1403,3.013979,9.1412,8.0373,5.877,NaN,1155
,M. Perley,9656151,Ryan Stanley,"Eastern Shore Water, St Anns Bank",PER2023767,"ScotiaFundy-5 ",,CTD_PER2023767_767A035_1_DN,NaN,downward,45.0375,-59.3413,2023-08-18T15:05:10Z,2023-08-18T15:05:10Z,2023-08-18T15:11:27Z,2023-08-18T15:10:04Z,35.704582,36.0,31.1859,31.1859,4.5991,2.983285,9.13603,8.1492,5.0952,NaN,1179
,M. Perley,9656151,Ryan Stanley,"Eastern Shore Water, St Anns Bank",PER2023767,"ScotiaFundy-5 ",,CTD_PER2023767_767A035_1_DN,NaN,downward,45.0375,-59.3413,2023-08-18T15:05:10Z,2023-08-18T15:05:10Z,2023-08-18T15:11:27Z,2023-08-18T15:10:10Z,37.68799,38.0,31.3114,31.3114,4.4474,2.981809,9.16754,8.0785,5.6157,NaN,1204
,M. Perley,9656151,Ryan Stanley,"Eastern Shore Water, St Anns Bank",PER2023767,"ScotiaFundy-5 ",,CTD_PER2023767_767A035_1_DN,NaN,downward,45.0375,-59.3413,2023-08-18T15:05:10Z,2023-08-18T15:05:10Z,2023-08-18T15:11:27Z,2023-08-18T15:10:16Z,39.671375,40.0,31.3535,31.3535,4.237,2.968313,9.16576,7.9302,4.8407,NaN,1227
,M. Perley,9656151,Ryan Stanley,"Eastern Shore Water, St Anns Bank",PER2023767,"ScotiaFundy-5 ",,CTD_PER2023767_767A035_1_DN,NaN,downward,45.0375,-59.3413,2023-08-18T15:05:10Z,2023-08-18T15:05:10Z,2023-08-18T15:11:27Z,2023-08-18T15:10:21Z,41.654743,42.0,31.3639,31.3639,3.9003,2.941799,9.17101,7.8988,4.0484,NaN,1248
,M. Perley,9656151,Ryan Stanley,"Eastern Shore Water, St Anns Bank",PER2023767,"ScotiaFundy-5 ",,CTD_PER2023767_767A035_1_DN,NaN,downward,45.0375,-59.3413,2023-08-18T15:05:10Z,2023-08-18T15:05:10Z,2023-08-18T15:11:27Z,2023-08-18T15:10:27Z,43.63809,44.0,31.5764,31.5764,3.5026,2.927384,9.15479,7.9093,2.8056,NaN,1269
,M. Perley,9656151,Ryan Stanley,"Eastern Shore Water, St Anns Bank",PER2023767,"ScotiaFundy-5 ",,CTD_PER2023767_767A035_1_DN,NaN,downward,45.0375,-59.3413,2023-08-18T15:05:10Z,2023-08-18T15:05:10Z,2023-08-18T15:11:27Z,2023-08-18T15:10:34Z,45.621418,46.0,31.7048,31.7048,3.1589,2.910176,9.05792,7.9233,2.2811,NaN,1299
,M. Perley,9656151,Ryan Stanley,"Eastern Shore Water, St Anns Bank",PER2023767,"ScotiaFundy-5 ",,CTD_PER2023767_767A035_1_DN,NaN,downward,45.0375,-59.3413,2023-08-18T15:05:10Z,2023-08-18T15:05:10Z,2023-08-18T15:11:27Z,2023-08-18T15:10:41Z,47.604725,48.0,31.7393,31.7393,2.9275,2.89423,8.93282,7.9572,2.0872,NaN,1327
,M. Perley,9656151,Ryan Stanley,"Eastern Shore Water, St Anns Bank",PER2023767,"ScotiaFundy-5 ",,CTD_PER2023767_767A035_1_DN,NaN,downward,45.0375,-59.3413,2023-08-18T15:05:10Z,2023-08-18T15:05:10Z,2023-08-18T15:11:27Z,2023-08-18T15:10:46Z,49.588017,50.0,31.8053,31.8053,2.7628,2.88635,8.92575,7.9938,2.0802,NaN,1346
,M. Perley,9656151,Ryan Stanley,"Eastern Shore Water, St Anns Bank",PER2023767,"ScotiaFundy-5 ",,CTD_PER2023767_767A035_1_DN,NaN,downward,45.0375,-59.3413,2023-08-18T15:05:10Z,2023-08-18T15:05:10Z,2023-08-18T15:11:27Z,2023-08-18T15:10:51Z,51.571285,52.0,31.8414,31.8414,2.7265,2.88644,8.92508,7.981,2.7145,NaN,1368
,M. Perley,9656151,Ryan Stanley,"Eastern Shore Water, St Anns Bank",PER2023767,"ScotiaFundy-5 ",,CTD_PER2023767_767A035_1_DN,NaN,downward,45.0375,-59.3413,2023-08-18T15:05:10Z,2023-08-18T15:05:10Z,2023-08-18T15:11:27Z,2023-08-18T15:10:57Z,53.55454,54.0,31.895,31.895,2.6509,2.884752,8.92175,7.9672,2.1231,NaN,1390
,M. Perley,9656151,Ryan Stanley,"Eastern Shore Water, St Anns Bank",PER2023767,"ScotiaFundy-5 ",,CTD_PER2023767_767A035_1_DN,NaN,downward,45.0375,-59.3413,2023-08-18T15:05:10Z,2023-08-18T15:05:10Z,2023-08-18T15:11:27Z,2023-08-18T15:11:02Z,55.53777,56.0,31.9029,31.9029,2.6199,2.882955,8.92282,7.9625,2.0904,NaN,1411
,M. Perley,9656151,Ryan Stanley,"Eastern Shore Water, St Anns Bank",PER2023767,"ScotiaFundy-5 ",,CTD_PER2023767_767A035_1_DN,NaN,downward,45.0375,-59.3413,2023-08-18T15:05:10Z,2023-08-18T15:05:10Z,2023-08-18T15:11:27Z,2023-08-18T15:11:07Z,57.52098,58.0,31.8806,31.8806,2.6144,2.880767,8.92527,7.9583,2.1924,NaN,1430
,M. Perley,9656151,Ryan Stanley,"Eastern Shore Water, St Anns Bank",PER2023767,"ScotiaFundy-5 ",,CTD_PER2023767_767A035_1_DN,NaN,downward,45.0375,-59.3413,2023-08-18T15:05:10Z,2023-08-18T15:05:10Z,2023-08-18T15:11:27Z,2023-08-18T15:11:12Z,59.504173,60.0,31.8652,31.8652,2.6489,2.882408,8.88073,7.933,2.1037,NaN,1451
,M. Perley,9656151,Ryan Stanley,"Eastern Shore Water, St Anns Bank",PER2023767,"ScotiaFundy-5 ",,CTD_PER2023767_767A035_1_DN,NaN,downward,45.0375,-59.3413,2023-08-18T15:05:10Z,2023-08-18T15:05:10Z,2023-08-18T15:11:27Z,2023-08-18T15:11:27Z,61.48735,62.0,31.9339,31.9339,2.4782,2.874196,8.87903,7.9703,1.872,NaN,1512
,M. Perley,9656151,Ryan Stanley,"Eastern Shore Water, St Anns Bank",PER2023767,"ScotiaFundy-5 ",,CTD_PER2023767_767A035_1_UP,NaN,upward,45.0375,-59.3413,2023-08-18T15:05:10Z,2023-08-18T15:05:10Z,2023-08-18T15:17:13Z,2023-08-18T15:11:32Z,59.504173,60.0,31.9089,31.9089,2.5385,2.876982,8.86695,7.9613,1.9065,NaN,1530
,M. Perley,9656151,Ryan Stanley,"Eastern Shore Water, St Anns Bank",PER2023767,"ScotiaFundy-5 ",,CTD_PER2023767_767A035_1_UP,NaN,upward,45.0375,-59.3413,2023-08-18T15:05:10Z,2023-08-18T15:05:10Z,2023-08-18T15:17:13Z,2023-08-18T15:12:16Z,57.52098,58.0,31.8962,31.8962,2.5301,2.875168,8.82716,7.9778,1.9878,NaN,1707
,M. Perley,9656151,Ryan Stanley,"Eastern Shore Water, St Anns Bank",PER2023767,"ScotiaFundy-5 ",,CTD_PER2023767_767A035_1_UP,NaN,upward,45.0375,-59.3413,2023-08-18T15:05:10Z,2023-08-18T15:05:10Z,2023-08-18T15:17:13Z,2023-08-18T15:13:44Z,55.53777,56.0,31.8832,31.8832,2.5313,2.874118,8.82602,7.998,2.0096,NaN,2058
,M. Perley,9656151,Ryan Stanley,"Eastern Shore Water, St Anns Bank",PER2023767,"ScotiaFundy-5 ",,CTD_PER2023767_767A035_1_UP,NaN,upward,45.0375,-59.3413,2023-08-18T15:05:10Z,2023-08-18T15:05:10Z,2023-08-18T15:17:13Z,2023-08-18T15:14:24Z,53.55454,54.0,31.8711,31.8711,2.5328,2.873163,8.83185,8.0176,2.0118,NaN,2218
,M. Perley,9656151,Ryan Stanley,"Eastern Shore Water, St Anns Bank",PER2023767,"ScotiaFundy-5 ",,CTD_PER2023767_767A035_1_UP,NaN,upward,45.0375,-59.3413,2023-08-18T15:05:10Z,2023-08-18T15:05:10Z,2023-08-18T15:17:13Z,2023-08-18T15:14:45Z,51.571285,52.0,31.8554,31.8554,2.5475,2.872991,8.83452,8.0357,2.0131,NaN,2304
,M. Perley,9656151,Ryan Stanley,"Eastern Shore Water, St Anns Bank",PER2023767,"ScotiaFundy-5 ",,CTD_PER2023767_767A035_1_UP,NaN,upward,45.0375,-59.3413,2023-08-18T15:05:10Z,2023-08-18T15:05:10Z,2023-08-18T15:17:13Z,2023-08-18T15:14:52Z,49.588017,50.0,31.8255,31.8255,2.59,2.87392,8.83579,8.0416,2.1982,NaN,2332
,M. Perley,9656151,Ryan Stanley,"Eastern Shore Water, St Anns Bank",PER2023767,"ScotiaFundy-5 ",,CTD_PER2023767_767A035_1_UP,NaN,upward,45.0375,-59.3413,2023-08-18T15:05:10Z,2023-08-18T15:05:10Z,2023-08-18T15:17:13Z,2023-08-18T15:14:58Z,47.604725,48.0,31.7965,31.7965,2.6404,2.875558,8.83686,8.0394,2.1194,NaN,2355
,M. Perley,9656151,Ryan Stanley,"Eastern Shore Water, St Anns Bank",PER2023767,"ScotiaFundy-5 ",,CTD_PER2023767_767A035_1_UP,NaN,upward,45.0375,-59.3413,2023-08-18T15:05:10Z,2023-08-18T15:05:10Z,2023-08-18T15:17:13Z,2023-08-18T15:15:02Z,45.621418,46.0,31.7773,31.7773,2.6827,2.877343,8.83734,8.0558,2.1436,NaN,2373
,M. Perley,9656151,Ryan Stanley,"Eastern Shore Water, St Anns Bank",PER2023767,"ScotiaFundy-5 ",,CTD_PER2023767_767A035_1_UP,NaN,upward,45.0375,-59.3413,2023-08-18T15:05:10Z,2023-08-18T15:05:10Z,2023-08-18T15:17:13Z,2023-08-18T15:15:07Z,43.63809,44.0,31.6819,31.6819,2.8956,2.88673,8.82192,8.0886,2.2719,NaN,2391
,M. Perley,9656151,Ryan Stanley,"Eastern Shore Water, St Anns Bank",PER2023767,"ScotiaFundy-5 ",,CTD_PER2023767_767A035_1_UP,NaN,upward,45.0375,-59.3413,2023-08-18T15:05:10Z,2023-08-18T15:05:10Z,2023-08-18T15:17:13Z,2023-08-18T15:15:11Z,41.654743,42.0,31.6225,31.6225,3.0791,2.896659,8.82005,8.1646,2.6803,NaN,2407
,M. Perley,9656151,Ryan Stanley,"Eastern Shore Water, St Anns Bank",PER2023767,"ScotiaFundy-5 ",,CTD_PER2023767_767A035_1_UP,NaN,upward,45.0375,-59.3413,2023-08-18T15:05:10Z,2023-08-18T15:05:10Z,2023-08-18T15:17:13Z,2023-08-18T15:15:15Z,39.671375,40.0,31.524,31.524,3.3041,2.906676,8.82566,8.2804,3.4871,NaN,2424
,M. Perley,9656151,Ryan Stanley,"Eastern Shore Water, St Anns Bank",PER2023767,"ScotiaFundy-5 ",,CTD_PER2023767_767A035_1_UP,NaN,upward,45.0375,-59.3413,2023-08-18T15:05:10Z,2023-08-18T15:05:10Z,2023-08-18T15:17:13Z,2023-08-18T15:15:21Z,37.68799,38.0,31.3763,31.3763,3.7356,2.929293,8.83293,8.3331,4.1411,NaN,2446
,M. Perley,9656151,Ryan Stanley,"Eastern Shore Water, St Anns Bank",PER2023767,"ScotiaFundy-5 ",,CTD_PER2023767_767A035_1_UP,NaN,upward,45.0375,-59.3413,2023-08-18T15:05:10Z,2023-08-18T15:05:10Z,2023-08-18T15:17:13Z,2023-08-18T15:15:27Z,35.704582,36.0,31.2121,31.2121,4.1328,2.947545,8.84329,8.2805,4.6507,NaN,2472
,M. Perley,9656151,Ryan Stanley,"Eastern Shore Water, St Anns Bank",PER2023767,"ScotiaFundy-5 ",,CTD_PER2023767_767A035_1_UP,NaN,upward,45.0375,-59.3413,2023-08-18T15:05:10Z,2023-08-18T15:05:10Z,2023-08-18T15:17:13Z,2023-08-18T15:15:48Z,29.754253,30.0,31.0423,31.0423,4.6555,2.975162,9.11165,8.2305,5.1421,NaN,2555
,M. Perley,9656151,Ryan Stanley,"Eastern Shore Water, St Anns Bank",PER2023767,"ScotiaFundy-5 ",,CTD_PER2023767_767A035_1_UP,NaN,upward,45.0375,-59.3413,2023-08-18T15:05:10Z,2023-08-18T15:05:10Z,2023-08-18T15:17:13Z,2023-08-18T15:15:53Z,27.770771,28.0,30.9947,30.9947,4.73,2.977008,9.1143,8.0672,5.3953,NaN,2575
,M. Perley,9656151,Ryan Stanley,"Eastern Shore Water, St Anns Bank",PER2023767,"ScotiaFundy-5 ",,CTD_PER2023767_767A035_1_UP,NaN,upward,45.0375,-59.3413,2023-08-18T15:05:10Z,2023-08-18T15:05:10Z,2023-08-18T15:17:13Z,2023-08-18T15:16:06Z,23.80375,24.0,30.6301,30.6301,4.7982,2.950589,9.13381,8.2676,7.983,NaN,2625
,M. Perley,9656151,Ryan Stanley,"Eastern Shore Water, St Anns Bank",PER2023767,"ScotiaFundy-5 ",,CTD_PER2023767_767A035_1_UP,NaN,upward,45.0375,-59.3413,2023-08-18T15:05:10Z,2023-08-18T15:05:10Z,2023-08-18T15:17:13Z,2023-08-18T15:16:11Z,21.82021,22.0,30.2819,30.2819,6.149,3.028394,8.84561,8.3046,10.9076,NaN,2645
,M. Perley,9656151,Ryan Stanley,"Eastern Shore Water, St Anns Bank",PER2023767,"ScotiaFundy-5 ",,CTD_PER2023767_767A035_1_UP,NaN,upward,45.0375,-59.3413,2023-08-18T15:05:10Z,2023-08-18T15:05:10Z,2023-08-18T15:17:13Z,2023-08-18T15:16:16Z,19.83665,20.0,30.4757,30.4757,8.0426,3.201493,8.7966,7.9709,11.3077,NaN,2666
,M. Perley,9656151,Ryan Stanley,"Eastern Shore Water, St Anns Bank",PER2023767,"ScotiaFundy-5 ",,CTD_PER2023767_767A035_1_UP,NaN,upward,45.0375,-59.3413,2023-08-18T15:05:10Z,2023-08-18T15:05:10Z,2023-08-18T15:17:13Z,2023-08-18T15:16:22Z,17.853071,18.0,29.8626,29.8626,10.3351,3.330119,8.82639,7.6366,9.8495,NaN,2692
,M. Perley,9656151,Ryan Stanley,"Eastern Shore Water, St Anns Bank",PER2023767,"ScotiaFundy-5 ",,CTD_PER2023767_767A035_1_UP,NaN,upward,45.0375,-59.3413,2023-08-18T15:05:10Z,2023-08-18T15:05:10Z,2023-08-18T15:17:13Z,2023-08-18T15:16:29Z,15.869474,16.0,29.4839,29.4839,12.5044,3.470792,8.84596,7.3417,8.5833,NaN,2719
,M. Perley,9656151,Ryan Stanley,"Eastern Shore Water, St Anns Bank",PER2023767,"ScotiaFundy-5 ",,CTD_PER2023767_767A035_1_UP,NaN,upward,45.0375,-59.3413,2023-08-18T15:05:10Z,2023-08-18T15:05:10Z,2023-08-18T15:17:13Z,2023-08-18T15:16:47Z,9.918566,10.0,29.0572,29.0572,15.9856,3.714799,7.02548,6.7793,7.9573,NaN,2789
,M. Perley,9656151,Ryan Stanley,"Eastern Shore Water, St Anns Bank",PER2023767,"ScotiaFundy-5 ",,CTD_PER2023767_767A035_1_UP,NaN,upward,45.0375,-59.3413,2023-08-18T15:05:10Z,2023-08-18T15:05:10Z,2023-08-18T15:17:13Z,2023-08-18T15:16:55Z,7.934891,8.0,28.0437,28.0437,18.1396,3.775002,7.07551,6.5401,7.9454,NaN,2823
,M. Perley,9656151,Ryan Stanley,"Eastern Shore Water, St Anns Bank",PER2023767,"ScotiaFundy-5 ",,CTD_PER2023767_767A035_1_UP,NaN,upward,45.0375,-59.3413,2023-08-18T15:05:10Z,2023-08-18T15:05:10Z,2023-08-18T15:17:13Z,2023-08-18T15:17:00Z,5.951197,6.0,28.5327,28.5327,18.4405,3.859179,7.05064,6.4869,7.4911,NaN,2845
,M. Perley,9656151,Ryan Stanley,"Eastern Shore Water, St Anns Bank",PER2023767,"ScotiaFundy-5 ",,CTD_PER2023767_767A035_1_UP,NaN,upward,45.0375,-59.3413,2023-08-18T15:05:10Z,2023-08-18T15:05:10Z,2023-08-18T15:17:13Z,2023-08-18T15:17:06Z,3.9674842,4.0,28.3197,28.3197,18.6741,3.852771,6.93504,6.4706,7.3699,NaN,2867
,M. Perley,9656151,Ryan Stanley,"Eastern Shore Water, St Anns Bank",PER2023767,"ScotiaFundy-5 ",,CTD_PER2023767_767A035_1_UP,NaN,upward,45.0375,-59.3413,2023-08-18T15:05:10Z,2023-08-18T15:05:10Z,2023-08-18T15:17:13Z,2023-08-18T15:17:13Z,1.9837518,2.0,28.4296,28.4296,18.8878,3.88414,6.82299,6.3183,6.9035,NaN,2895
,M. Perley,9656151,Ryan Stanley,"Eastern Shore Water, St Anns Bank",PER2023767,"ScotiaFundy-5 ",,CTD_PER2023767_767A036_1_DN,NaN,downward,45.0431,-59.3539,2023-08-18T16:02:08Z,2023-08-18T16:02:08Z,2023-08-18T16:07:09Z,2023-08-18T16:03:44Z,1.9837507,2.0,28.3535,28.3535,19.3078,3.910091,6.76677,6.1032,7.1073,NaN,386
,M. Perley,9656151,Ryan Stanley,"Eastern Shore Water, St Anns Bank",PER2023767,"ScotiaFundy-5 ",,CTD_PER2023767_767A036_1_DN,NaN,downward,45.0431,-59.3539,2023-08-18T16:02:08Z,2023-08-18T16:02:08Z,2023-08-18T16:07:09Z,2023-08-18T16:04:19Z,3.967482,4.0,28.5595,28.5595,19.3453,3.938871,6.82879,6.2749,7.7048,NaN,527
,M. Perley,9656151,Ryan Stanley,"Eastern Shore Water, St Anns Bank",PER2023767,"ScotiaFundy-5 ",,CTD_PER2023767_767A036_1_DN,NaN,downward,45.0431,-59.3539,2023-08-18T16:02:08Z,2023-08-18T16:02:08Z,2023-08-18T16:07:09Z,2023-08-18T16:04:26Z,5.9511943,6.0,28.5734,28.5734,19.346,3.940732,6.83356,6.2832,8.2451,NaN,557
,M. Perley,9656151,Ryan Stanley,"Eastern Shore Water, St Anns Bank",PER2023767,"ScotiaFundy-5 ",,CTD_PER2023767_767A036_1_DN,NaN,downward,45.0431,-59.3539,2023-08-18T16:02:08Z,2023-08-18T16:02:08Z,2023-08-18T16:07:09Z,2023-08-18T16:04:33Z,7.9348874,8.0,28.5736,28.5736,19.3466,3.940879,6.83398,6.2933,8.6962,NaN,581
,M. Perley,9656151,Ryan Stanley,"Eastern Shore Water, St Anns Bank",PER2023767,"ScotiaFundy-5 ",,CTD_PER2023767_767A036_1_DN,NaN,downward,45.0431,-59.3539,2023-08-18T16:02:08Z,2023-08-18T16:02:08Z,2023-08-18T16:07:09Z,2023-08-18T16:04:45Z,11.902215,12.0,28.6173,28.6173,19.1477,3.929561,6.8327,6.3836,9.5021,NaN,630
,M. Perley,9656151,Ryan Stanley,"Eastern Shore Water, St Anns Bank",PER2023767,"ScotiaFundy-5 ",,CTD_PER2023767_767A036_1_DN,NaN,downward,45.0431,-59.3539,2023-08-18T16:02:08Z,2023-08-18T16:02:08Z,2023-08-18T16:07:09Z,2023-08-18T16:04:53Z,13.88585,14.0,28.92,28.92,18.0992,3.877344,7.0103,6.4959,9.9806,NaN,664
,M. Perley,9656151,Ryan Stanley,"Eastern Shore Water, St Anns Bank",PER2023767,"ScotiaFundy-5 ",,CTD_PER2023767_767A036_1_DN,NaN,downward,45.0431,-59.3539,2023-08-18T16:02:08Z,2023-08-18T16:02:08Z,2023-08-18T16:07:09Z,2023-08-18T16:05:52Z,27.770758,28.0,30.5145,30.5145,4.5738,2.922713,8.71984,8.1815,6.8397,NaN,901
,M. Perley,9656151,Ryan Stanley,"Eastern Shore Water, St Anns Bank",PER2023767,"ScotiaFundy-5 ",,CTD_PER2023767_767A036_1_DN,NaN,downward,45.0431,-59.3539,2023-08-18T16:02:08Z,2023-08-18T16:02:08Z,2023-08-18T16:07:09Z,2023-08-18T16:05:55Z,29.754238,30.0,30.8721,30.8721,4.7048,2.964386,9.03833,8.1696,6.6793,NaN,912
,M. Perley,9656151,Ryan Stanley,"Eastern Shore Water, St Anns Bank",PER2023767,"ScotiaFundy-5 ",,CTD_PER2023767_767A036_1_DN,NaN,downward,45.0431,-59.3539,2023-08-18T16:02:08Z,2023-08-18T16:02:08Z,2023-08-18T16:07:09Z,2023-08-18T16:06:01Z,31.7377,32.0,31.0536,31.0536,4.8808,2.994577,9.05313,8.0197,5.2521,NaN,933
,M. Perley,9656151,Ryan Stanley,"Eastern Shore Water, St Anns Bank",PER2023767,"ScotiaFundy-5 ",,CTD_PER2023767_767A036_1_DN,NaN,downward,45.0431,-59.3539,2023-08-18T16:02:08Z,2023-08-18T16:02:08Z,2023-08-18T16:07:09Z,2023-08-18T16:06:04Z,33.72114,34.0,31.09,31.09,4.6623,2.980027,9.04677,8.0808,5.3312,NaN,948
,M. Perley,9656151,Ryan Stanley,"Eastern Shore Water, St Anns Bank",PER2023767,"ScotiaFundy-5 ",,CTD_PER2023767_767A036_1_DN,NaN,downward,45.0431,-59.3539,2023-08-18T16:02:08Z,2023-08-18T16:02:08Z,2023-08-18T16:07:09Z,2023-08-18T16:06:08Z,35.704567,36.0,31.1423,31.1423,4.438,2.966371,9.04383,8.0631,5.2299,NaN,962
,M. Perley,9656151,Ryan Stanley,"Eastern Shore Water, St Anns Bank",PER2023767,"ScotiaFundy-5 ",,CTD_PER2023767_767A036_1_DN,NaN,downward,45.0431,-59.3539,2023-08-18T16:02:08Z,2023-08-18T16:02:08Z,2023-08-18T16:07:09Z,2023-08-18T16:06:10Z,37.68797,38.0,31.1377,31.1377,4.4179,2.96443,9.0463,7.9141,4.8727,NaN,973
,M. Perley,9656151,Ryan Stanley,"Eastern Shore Water, St Anns Bank",PER2023767,"ScotiaFundy-5 ",,CTD_PER2023767_767A036_1_DN,NaN,downward,45.0431,-59.3539,2023-08-18T16:02:08Z,2023-08-18T16:02:08Z,2023-08-18T16:07:09Z,2023-08-18T16:06:13Z,39.671356,40.0,31.1366,31.1366,4.2718,2.952545,9.04677,7.8302,4.5054,NaN,983
,M. Perley,9656151,Ryan Stanley,"Eastern Shore Water, St Anns Bank",PER2023767,"ScotiaFundy-5 ",,CTD_PER2023767_767A036_1_DN,NaN,downward,45.0431,-59.3539,2023-08-18T16:02:08Z,2023-08-18T16:02:08Z,2023-08-18T16:07:09Z,2023-08-18T16:06:16Z,41.65472,42.0,31.4168,31.4168,3.7065,2.93045,9.03041,7.8726,3.1581,NaN,997
,M. Perley,9656151,Ryan Stanley,"Eastern Shore Water, St Anns Bank",PER2023767,"ScotiaFundy-5 ",,CTD_PER2023767_767A036_1_DN,NaN,downward,45.0431,-59.3539,2023-08-18T16:02:08Z,2023-08-18T16:02:08Z,2023-08-18T16:07:09Z,2023-08-18T16:06:19Z,43.638065,44.0,31.4691,31.4691,3.481,2.916647,9.02894,7.8634,2.3605,NaN,1008
,M. Perley,9656151,Ryan Stanley,"Eastern Shore Water, St Anns Bank",PER2023767,"ScotiaFundy-5 ",,CTD_PER2023767_767A036_1_DN,NaN,downward,45.0431,-59.3539,2023-08-18T16:02:08Z,2023-08-18T16:02:08Z,2023-08-18T16:07:09Z,2023-08-18T16:06:22Z,45.621395,46.0,31.6485,31.6485,3.1236,2.902618,9.01711,7.9009,2.0342,NaN,1020
,M. Perley,9656151,Ryan Stanley,"Eastern Shore Water, St Anns Bank",PER2023767,"ScotiaFundy-5 ",,CTD_PER2023767_767A036_1_DN,NaN,downward,45.0431,-59.3539,2023-08-18T16:02:08Z,2023-08-18T16:02:08Z,2023-08-18T16:07:09Z,2023-08-18T16:06:25Z,47.604702,48.0,31.7058,31.7058,2.945,2.89289,8.94257,7.9442,1.9396,NaN,1032
,M. Perley,9656151,Ryan Stanley,"Eastern Shore Water, St Anns Bank",PER2023767,"ScotiaFundy-5 ",,CTD_PER2023767_767A036_1_DN,NaN,downward,45.0431,-59.3539,2023-08-18T16:02:08Z,2023-08-18T16:02:08Z,2023-08-18T16:07:09Z,2023-08-18T16:06:28Z,49.58799,50.0,31.8197,31.8197,2.7798,2.888926,8.91982,7.9635,1.9903,NaN,1043
,M. Perley,9656151,Ryan Stanley,"Eastern Shore Water, St Anns Bank",PER2023767,"ScotiaFundy-5 ",,CTD_PER2023767_767A036_1_DN,NaN,downward,45.0431,-59.3539,2023-08-18T16:02:08Z,2023-08-18T16:02:08Z,2023-08-18T16:07:09Z,2023-08-18T16:06:32Z,51.57126,52.0,31.8774,31.8774,2.832,2.898011,8.92214,7.9406,2.0636,NaN,1058
,M. Perley,9656151,Ryan Stanley,"Eastern Shore Water, St Anns Bank",PER2023767,"ScotiaFundy-5 ",,CTD_PER2023767_767A036_1_DN,NaN,downward,45.0431,-59.3539,2023-08-18T16:02:08Z,2023-08-18T16:02:08Z,2023-08-18T16:07:09Z,2023-08-18T16:06:35Z,53.55451,54.0,31.8374,31.8374,2.8483,2.896138,8.92386,7.933,2.1174,NaN,1069
,M. Perley,9656151,Ryan Stanley,"Eastern Shore Water, St Anns Bank",PER2023767,"ScotiaFundy-5 ",,CTD_PER2023767_767A036_1_DN,NaN,downward,45.0431,-59.3539,2023-08-18T16:02:08Z,2023-08-18T16:02:08Z,2023-08-18T16:07:09Z,2023-08-18T16:06:39Z,55.53774,56.0,31.9138,31.9138,2.6585,2.886995,8.92042,7.965,2.0713,NaN,1088
,M. Perley,9656151,Ryan Stanley,"Eastern Shore Water, St Anns Bank",PER2023767,"ScotiaFundy-5 ",,CTD_PER2023767_767A036_1_DN,NaN,downward,45.0431,-59.3539,2023-08-18T16:02:08Z,2023-08-18T16:02:08Z,2023-08-18T16:07:09Z,2023-08-18T16:06:42Z,57.52095,58.0,31.8235,31.8235,2.7126,2.884099,8.93003,7.9589,2.2321,NaN,1100
,M. Perley,9656151,Ryan Stanley,"Eastern Shore Water, St Anns Bank",PER2023767,"ScotiaFundy-5 ",,CTD_PER2023767_767A036_1_DN,NaN,downward,45.0431,-59.3539,2023-08-18T16:02:08Z,2023-08-18T16:02:08Z,2023-08-18T16:07:09Z,2023-08-18T16:06:46Z,59.504143,60.0,31.9162,31.9162,2.6726,2.888526,8.92212,7.9624,2.0723,NaN,1117
,M. Perley,9656151,Ryan Stanley,"Eastern Shore Water, St Anns Bank",PER2023767,"ScotiaFundy-5 ",,CTD_PER2023767_767A036_1_DN,NaN,downward,45.0431,-59.3539,2023-08-18T16:02:08Z,2023-08-18T16:02:08Z,2023-08-18T16:07:09Z,2023-08-18T16:06:50Z,61.487316,62.0,31.8636,31.8636,2.7045,2.886899,8.92725,7.9554,2.0787,NaN,1132
,M. Perley,9656151,Ryan Stanley,"Eastern Shore Water, St Anns Bank",PER2023767,"ScotiaFundy-5 ",,CTD_PER2023767_767A036_1_DN,NaN,downward,45.0431,-59.3539,2023-08-18T16:02:08Z,2023-08-18T16:02:08Z,2023-08-18T16:07:09Z,2023-08-18T16:06:54Z,63.47047,64.0,31.8563,31.8563,2.6746,2.883947,8.90537,7.9442,2.1834,NaN,1147
,M. Perley,9656151,Ryan Stanley,"Eastern Shore Water, St Anns Bank",PER2023767,"ScotiaFundy-5 ",,CTD_PER2023767_767A036_1_DN,NaN,downward,45.0431,-59.3539,2023-08-18T16:02:08Z,2023-08-18T16:02:08Z,2023-08-18T16:07:09Z,2023-08-18T16:07:09Z,65.453606,66.0,31.8872,31.8872,2.6051,2.880895,8.86283,7.9612,2.0088,NaN,1206
,M. Perley,9656151,Ryan Stanley,"Eastern Shore Water, St Anns Bank",PER2023767,"ScotiaFundy-5 ",,CTD_PER2023767_767A036_1_UP,NaN,upward,45.0431,-59.3539,2023-08-18T16:02:08Z,2023-08-18T16:02:08Z,2023-08-18T16:12:55Z,2023-08-18T16:08:07Z,59.504143,60.0,31.8609,31.8609,2.5712,2.87571,8.84919,7.9908,1.9957,NaN,1438
,M. Perley,9656151,Ryan Stanley,"Eastern Shore Water, St Anns Bank",PER2023767,"ScotiaFundy-5 ",,CTD_PER2023767_767A036_1_UP,NaN,upward,45.0431,-59.3539,2023-08-18T16:02:08Z,2023-08-18T16:02:08Z,2023-08-18T16:12:55Z,2023-08-18T16:08:20Z,57.52095,58.0,31.8598,31.8598,2.5635,2.874912,8.84848,8.0192,1.9902,NaN,1491
,M. Perley,9656151,Ryan Stanley,"Eastern Shore Water, St Anns Bank",PER2023767,"ScotiaFundy-5 ",,CTD_PER2023767_767A036_1_UP,NaN,upward,45.0431,-59.3539,2023-08-18T16:02:08Z,2023-08-18T16:02:08Z,2023-08-18T16:12:55Z,2023-08-18T16:08:51Z,55.53774,56.0,31.8522,31.8522,2.567,2.87449,8.85751,8.0098,1.984,NaN,1613
,M. Perley,9656151,Ryan Stanley,"Eastern Shore Water, St Anns Bank",PER2023767,"ScotiaFundy-5 ",,CTD_PER2023767_767A036_1_UP,NaN,upward,45.0431,-59.3539,2023-08-18T16:02:08Z,2023-08-18T16:02:08Z,2023-08-18T16:12:55Z,2023-08-18T16:09:39Z,53.55451,54.0,31.8266,31.8266,2.5968,2.874742,8.86211,8.0132,1.9908,NaN,1807
,M. Perley,9656151,Ryan Stanley,"Eastern Shore Water, St Anns Bank",PER2023767,"ScotiaFundy-5 ",,CTD_PER2023767_767A036_1_UP,NaN,upward,45.0431,-59.3539,2023-08-18T16:02:08Z,2023-08-18T16:02:08Z,2023-08-18T16:12:55Z,2023-08-18T16:10:09Z,51.57126,52.0,31.812,31.812,2.6192,2.87528,8.86385,8.0298,2.058,NaN,1926
,M. Perley,9656151,Ryan Stanley,"Eastern Shore Water, St Anns Bank",PER2023767,"ScotiaFundy-5 ",,CTD_PER2023767_767A036_1_UP,NaN,upward,45.0431,-59.3539,2023-08-18T16:02:08Z,2023-08-18T16:02:08Z,2023-08-18T16:12:55Z,2023-08-18T16:10:18Z,49.58799,50.0,31.7997,31.7997,2.6419,2.876034,8.86426,8.0392,2.0442,NaN,1964
,M. Perley,9656151,Ryan Stanley,"Eastern Shore Water, St Anns Bank",PER2023767,"ScotiaFundy-5 ",,CTD_PER2023767_767A036_1_UP,NaN,upward,45.0431,-59.3539,2023-08-18T16:02:08Z,2023-08-18T16:02:08Z,2023-08-18T16:12:55Z,2023-08-18T16:10:22Z,47.604702,48.0,31.7845,31.7845,2.6664,2.876695,8.8643,8.0419,2.1308,NaN,1980
,M. Perley,9656151,Ryan Stanley,"Eastern Shore Water, St Anns Bank",PER2023767,"ScotiaFundy-5 ",,CTD_PER2023767_767A036_1_UP,NaN,upward,45.0431,-59.3539,2023-08-18T16:02:08Z,2023-08-18T16:02:08Z,2023-08-18T16:12:55Z,2023-08-18T16:10:27Z,45.621395,46.0,31.7726,31.7726,2.7104,2.879215,8.8491,8.142,2.3094,NaN,2000
,M. Perley,9656151,Ryan Stanley,"Eastern Shore Water, St Anns Bank",PER2023767,"ScotiaFundy-5 ",,CTD_PER2023767_767A036_1_UP,NaN,upward,45.0431,-59.3539,2023-08-18T16:02:08Z,2023-08-18T16:02:08Z,2023-08-18T16:12:55Z,2023-08-18T16:10:32Z,43.638065,44.0,31.6641,31.6641,2.9432,2.889132,8.8539,8.1788,2.5829,NaN,2017
,M. Perley,9656151,Ryan Stanley,"Eastern Shore Water, St Anns Bank",PER2023767,"ScotiaFundy-5 ",,CTD_PER2023767_767A036_1_UP,NaN,upward,45.0431,-59.3539,2023-08-18T16:02:08Z,2023-08-18T16:02:08Z,2023-08-18T16:12:55Z,2023-08-18T16:10:36Z,41.65472,42.0,31.5282,31.5282,3.1988,2.898562,8.86058,8.2988,3.3996,NaN,2036
,M. Perley,9656151,Ryan Stanley,"Eastern Shore Water, St Anns Bank",PER2023767,"ScotiaFundy-5 ",,CTD_PER2023767_767A036_1_UP,NaN,upward,45.0431,-59.3539,2023-08-18T16:02:08Z,2023-08-18T16:02:08Z,2023-08-18T16:12:55Z,2023-08-18T16:10:41Z,39.671356,40.0,31.3779,31.3779,3.4812,2.90886,8.87066,8.4068,4.0389,NaN,2055
,M. Perley,9656151,Ryan Stanley,"Eastern Shore Water, St Anns Bank",PER2023767,"ScotiaFundy-5 ",,CTD_PER2023767_767A036_1_UP,NaN,upward,45.0431,-59.3539,2023-08-18T16:02:08Z,2023-08-18T16:02:08Z,2023-08-18T16:12:55Z,2023-08-18T16:10:46Z,37.68797,38.0,31.1989,31.1989,3.8364,2.92248,8.88007,8.2853,4.6409,NaN,2076
,M. Perley,9656151,Ryan Stanley,"Eastern Shore Water, St Anns Bank",PER2023767,"ScotiaFundy-5 ",,CTD_PER2023767_767A036_1_UP,NaN,upward,45.0431,-59.3539,2023-08-18T16:02:08Z,2023-08-18T16:02:08Z,2023-08-18T16:12:55Z,2023-08-18T16:10:51Z,35.704567,36.0,31.1742,31.1742,3.8679,2.922812,8.87981,8.3398,4.9333,NaN,2095
,M. Perley,9656151,Ryan Stanley,"Eastern Shore Water, St Anns Bank",PER2023767,"ScotiaFundy-5 ",,CTD_PER2023767_767A036_1_UP,NaN,upward,45.0431,-59.3539,2023-08-18T16:02:08Z,2023-08-18T16:02:08Z,2023-08-18T16:12:55Z,2023-08-18T16:11:22Z,33.72114,34.0,31.0455,31.0455,4.4603,2.959745,8.94601,8.2264,5.1117,NaN,2221
,M. Perley,9656151,Ryan Stanley,"Eastern Shore Water, St Anns Bank",PER2023767,"ScotiaFundy-5 ",,CTD_PER2023767_767A036_1_UP,NaN,upward,45.0431,-59.3539,2023-08-18T16:02:08Z,2023-08-18T16:02:08Z,2023-08-18T16:12:55Z,2023-08-18T16:11:42Z,31.7377,32.0,30.9842,30.9842,4.7601,2.978708,8.97792,8.081,5.3177,NaN,2297
,M. Perley,9656151,Ryan Stanley,"Eastern Shore Water, St Anns Bank",PER2023767,"ScotiaFundy-5 ",,CTD_PER2023767_767A036_1_UP,NaN,upward,45.0431,-59.3539,2023-08-18T16:02:08Z,2023-08-18T16:02:08Z,2023-08-18T16:12:55Z,2023-08-18T16:11:46Z,29.754238,30.0,30.8927,30.8927,4.8419,2.9773,8.98335,8.0254,6.4641,NaN,2314
,M. Perley,9656151,Ryan Stanley,"Eastern Shore Water, St Anns Bank",PER2023767,"ScotiaFundy-5 ",,CTD_PER2023767_767A036_1_UP,NaN,upward,45.0431,-59.3539,2023-08-18T16:02:08Z,2023-08-18T16:02:08Z,2023-08-18T16:12:55Z,2023-08-18T16:11:52Z,27.770758,28.0,30.697,30.697,4.7458,2.952384,8.99499,7.9964,6.0789,NaN,2338
,M. Perley,9656151,Ryan Stanley,"Eastern Shore Water, St Anns Bank",PER2023767,"ScotiaFundy-5 ",,CTD_PER2023767_767A036_1_UP,NaN,upward,45.0431,-59.3539,2023-08-18T16:02:08Z,2023-08-18T16:02:08Z,2023-08-18T16:12:55Z,2023-08-18T16:11:57Z,25.787256,26.0,30.6186,30.6186,4.5116,2.926677,8.98029,8.0871,5.9139,NaN,2358
,M. Perley,9656151,Ryan Stanley,"Eastern Shore Water, St Anns Bank",PER2023767,"ScotiaFundy-5 ",,CTD_PER2023767_767A036_1_UP,NaN,upward,45.0431,-59.3539,2023-08-18T16:02:08Z,2023-08-18T16:02:08Z,2023-08-18T16:12:55Z,2023-08-18T16:12:01Z,23.803738,24.0,30.6462,30.6462,4.3366,2.914906,8.95993,8.1501,6.5396,NaN,2374
,M. Perley,9656151,Ryan Stanley,"Eastern Shore Water, St Anns Bank",PER2023767,"ScotiaFundy-5 ",,CTD_PER2023767_767A036_1_UP,NaN,upward,45.0431,-59.3539,2023-08-18T16:02:08Z,2023-08-18T16:02:08Z,2023-08-18T16:12:55Z,2023-08-18T16:12:07Z,21.820198,22.0,30.5939,30.5939,4.6009,2.931501,8.97075,8.2969,7.8123,NaN,2397
,M. Perley,9656151,Ryan Stanley,"Eastern Shore Water, St Anns Bank",PER2023767,"ScotiaFundy-5 ",,CTD_PER2023767_767A036_1_UP,NaN,upward,45.0431,-59.3539,2023-08-18T16:02:08Z,2023-08-18T16:02:08Z,2023-08-18T16:12:55Z,2023-08-18T16:12:12Z,19.83664,20.0,30.2548,30.2548,6.2327,3.032649,8.98908,8.4122,9.7782,NaN,2419
,M. Perley,9656151,Ryan Stanley,"Eastern Shore Water, St Anns Bank",PER2023767,"ScotiaFundy-5 ",,CTD_PER2023767_767A036_1_UP,NaN,upward,45.0431,-59.3539,2023-08-18T16:02:08Z,2023-08-18T16:02:08Z,2023-08-18T16:12:55Z,2023-08-18T16:12:17Z,17.853064,18.0,30.4255,30.4255,7.1647,3.123907,8.97414,8.2787,12.7191,NaN,2438
,M. Perley,9656151,Ryan Stanley,"Eastern Shore Water, St Anns Bank",PER2023767,"ScotiaFundy-5 ",,CTD_PER2023767_767A036_1_UP,NaN,upward,45.0431,-59.3539,2023-08-18T16:02:08Z,2023-08-18T16:02:08Z,2023-08-18T16:12:55Z,2023-08-18T16:12:21Z,15.869466,16.0,30.3214,30.3214,9.1921,3.280889,8.9695,7.8974,10.8589,NaN,2456
,M. Perley,9656151,Ryan Stanley,"Eastern Shore Water, St Anns Bank",PER2023767,"ScotiaFundy-5 ",,CTD_PER2023767_767A036_1_UP,NaN,upward,45.0431,-59.3539,2023-08-18T16:02:08Z,2023-08-18T16:02:08Z,2023-08-18T16:12:55Z,2023-08-18T16:12:27Z,13.88585,14.0,29.5904,29.5904,12.5158,3.483006,7.3178,7.4195,8.5098,NaN,2478
,M. Perley,9656151,Ryan Stanley,"Eastern Shore Water, St Anns Bank",PER2023767,"ScotiaFundy-5 ",,CTD_PER2023767_767A036_1_UP,NaN,upward,45.0431,-59.3539,2023-08-18T16:02:08Z,2023-08-18T16:02:08Z,2023-08-18T16:12:55Z,2023-08-18T16:12:32Z,11.902215,12.0,29.3105,29.3105,14.9607,3.657065,7.46651,6.9447,8.4321,NaN,2500
,M. Perley,9656151,Ryan Stanley,"Eastern Shore Water, St Anns Bank",PER2023767,"ScotiaFundy-5 ",,CTD_PER2023767_767A036_1_UP,NaN,upward,45.0431,-59.3539,2023-08-18T16:02:08Z,2023-08-18T16:02:08Z,2023-08-18T16:12:55Z,2023-08-18T16:12:37Z,9.918561,10.0,28.3815,28.3815,16.5005,3.678821,7.50519,6.7525,8.6023,NaN,2521
,M. Perley,9656151,Ryan Stanley,"Eastern Shore Water, St Anns Bank",PER2023767,"ScotiaFundy-5 ",,CTD_PER2023767_767A036_1_UP,NaN,upward,45.0431,-59.3539,2023-08-18T16:02:08Z,2023-08-18T16:02:08Z,2023-08-18T16:12:55Z,2023-08-18T16:12:42Z,7.9348874,8.0,28.2832,28.2832,17.5847,3.75793,7.50108,6.6108,8.3019,NaN,2540
,M. Perley,9656151,Ryan Stanley,"Eastern Shore Water, St Anns Bank",PER2023767,"ScotiaFundy-5 ",,CTD_PER2023767_767A036_1_UP,NaN,upward,45.0431,-59.3539,2023-08-18T16:02:08Z,2023-08-18T16:02:08Z,2023-08-18T16:12:55Z,2023-08-18T16:12:46Z,5.9511943,6.0,28.6693,28.6693,18.052,3.842963,7.48393,6.5325,7.9559,NaN,2556
,M. Perley,9656151,Ryan Stanley,"Eastern Shore Water, St Anns Bank",PER2023767,"ScotiaFundy-5 ",,CTD_PER2023767_767A036_1_UP,NaN,upward,45.0431,-59.3539,2023-08-18T16:02:08Z,2023-08-18T16:02:08Z,2023-08-18T16:12:55Z,2023-08-18T16:12:51Z,3.967482,4.0,28.3338,28.3338,18.4789,3.838117,7.49928,6.4883,7.8842,NaN,2576
,M. Perley,9656151,Ryan Stanley,"Eastern Shore Water, St Anns Bank",PER2023767,"ScotiaFundy-5 ",,CTD_PER2023767_767A036_1_UP,NaN,upward,45.0431,-59.3539,2023-08-18T16:02:08Z,2023-08-18T16:02:08Z,2023-08-18T16:12:55Z,2023-08-18T16:12:55Z,1.9837507,2.0,28.3638,28.3638,18.481,3.84193,7.50068,6.4735,7.8199,NaN,2590
,M. Perley,9656151,Ryan Stanley,"Eastern Shore Water, St Anns Bank",PER2023767,"ScotiaFundy-6 ",,CTD_PER2023767_767A037_1_DN,NaN,downward,45.8432,-60.0737,2023-08-20T18:10:53Z,2023-08-20T18:10:53Z,2023-08-20T18:18:18Z,2023-08-20T18:12:56Z,7.9343014,8.0,28.3,28.3,19.686,3.935707,7.00212,6.1547,12.0389,NaN,495
,M. Perley,9656151,Ryan Stanley,"Eastern Shore Water, St Anns Bank",PER2023767,"ScotiaFundy-6 ",,CTD_PER2023767_767A037_1_DN,NaN,downward,45.8432,-60.0737,2023-08-20T18:10:53Z,2023-08-20T18:10:53Z,2023-08-20T18:18:18Z,2023-08-20T18:12:59Z,9.917829,10.0,28.6562,28.6562,17.0082,3.753934,6.99235,6.4547,13.2049,NaN,508
,M. Perley,9656151,Ryan Stanley,"Eastern Shore Water, St Anns Bank",PER2023767,"ScotiaFundy-6 ",,CTD_PER2023767_767A037_1_DN,NaN,downward,45.8432,-60.0737,2023-08-20T18:10:53Z,2023-08-20T18:10:53Z,2023-08-20T18:18:18Z,2023-08-20T18:13:11Z,13.884825,14.0,29.0416,29.0416,15.2404,3.650537,6.9864,6.5002,6.9807,NaN,556
,M. Perley,9656151,Ryan Stanley,"Eastern Shore Water, St Anns Bank",PER2023767,"ScotiaFundy-6 ",,CTD_PER2023767_767A037_1_DN,NaN,downward,45.8432,-60.0737,2023-08-20T18:10:53Z,2023-08-20T18:10:53Z,2023-08-20T18:18:18Z,2023-08-20T18:13:17Z,15.868295,16.0,29.8914,29.8914,12.9543,3.551478,6.95041,6.8424,5.0277,NaN,578
,M. Perley,9656151,Ryan Stanley,"Eastern Shore Water, St Anns Bank",PER2023767,"ScotiaFundy-6 ",,CTD_PER2023767_767A037_1_DN,NaN,downward,45.8432,-60.0737,2023-08-20T18:10:53Z,2023-08-20T18:10:53Z,2023-08-20T18:18:18Z,2023-08-20T18:13:22Z,17.851744,18.0,30.3403,30.3403,11.6998,3.493206,7.49153,6.8471,4.0648,NaN,601
,M. Perley,9656151,Ryan Stanley,"Eastern Shore Water, St Anns Bank",PER2023767,"ScotiaFundy-6 ",,CTD_PER2023767_767A037_1_DN,NaN,downward,45.8432,-60.0737,2023-08-20T18:10:53Z,2023-08-20T18:10:53Z,2023-08-20T18:18:18Z,2023-08-20T18:13:27Z,19.835175,20.0,30.7316,30.7316,8.1972,3.236957,7.71534,7.266,5.4559,NaN,617
,M. Perley,9656151,Ryan Stanley,"Eastern Shore Water, St Anns Bank",PER2023767,"ScotiaFundy-6 ",,CTD_PER2023767_767A037_1_DN,NaN,downward,45.8432,-60.0737,2023-08-20T18:10:53Z,2023-08-20T18:10:53Z,2023-08-20T18:18:18Z,2023-08-20T18:13:32Z,21.818586,22.0,31.0998,31.0998,8.403,3.290554,7.68848,7.2089,3.2991,NaN,638
,M. Perley,9656151,Ryan Stanley,"Eastern Shore Water, St Anns Bank",PER2023767,"ScotiaFundy-6 ",,CTD_PER2023767_767A037_1_DN,NaN,downward,45.8432,-60.0737,2023-08-20T18:10:53Z,2023-08-20T18:10:53Z,2023-08-20T18:18:18Z,2023-08-20T18:13:37Z,23.80198,24.0,31.1857,31.1857,7.9489,3.260475,7.68632,7.251,3.2102,NaN,657
,M. Perley,9656151,Ryan Stanley,"Eastern Shore Water, St Anns Bank",PER2023767,"ScotiaFundy-6 ",,CTD_PER2023767_767A037_1_DN,NaN,downward,45.8432,-60.0737,2023-08-20T18:10:53Z,2023-08-20T18:10:53Z,2023-08-20T18:18:18Z,2023-08-20T18:13:40Z,25.785353,26.0,31.4291,31.4291,6.7474,3.182195,7.67792,7.4541,3.0072,NaN,672
,M. Perley,9656151,Ryan Stanley,"Eastern Shore Water, St Anns Bank",PER2023767,"ScotiaFundy-6 ",,CTD_PER2023767_767A037_1_DN,NaN,downward,45.8432,-60.0737,2023-08-20T18:10:53Z,2023-08-20T18:10:53Z,2023-08-20T18:18:18Z,2023-08-20T18:13:45Z,27.768705,28.0,31.4942,31.4942,7.1295,3.220482,7.67251,7.3438,2.808,NaN,692
,M. Perley,9656151,Ryan Stanley,"Eastern Shore Water, St Anns Bank",PER2023767,"ScotiaFundy-6 ",,CTD_PER2023767_767A037_1_DN,NaN,downward,45.8432,-60.0737,2023-08-20T18:10:53Z,2023-08-20T18:10:53Z,2023-08-20T18:18:18Z,2023-08-20T18:13:50Z,29.75204,30.0,31.488,31.488,6.4427,3.162149,8.03941,7.4599,2.7273,NaN,710
,M. Perley,9656151,Ryan Stanley,"Eastern Shore Water, St Anns Bank",PER2023767,"ScotiaFundy-6 ",,CTD_PER2023767_767A037_1_DN,NaN,downward,45.8432,-60.0737,2023-08-20T18:10:53Z,2023-08-20T18:10:53Z,2023-08-20T18:18:18Z,2023-08-20T18:13:55Z,31.735355,32.0,31.252,31.252,6.4595,3.14229,8.86131,7.4546,2.8384,NaN,732
,M. Perley,9656151,Ryan Stanley,"Eastern Shore Water, St Anns Bank",PER2023767,"ScotiaFundy-6 ",,CTD_PER2023767_767A037_1_DN,NaN,downward,45.8432,-60.0737,2023-08-20T18:10:53Z,2023-08-20T18:10:53Z,2023-08-20T18:18:18Z,2023-08-20T18:14:03Z,33.71865,34.0,31.4864,31.4864,5.6475,3.095924,8.58082,7.5031,2.4217,NaN,764
,M. Perley,9656151,Ryan Stanley,"Eastern Shore Water, St Anns Bank",PER2023767,"ScotiaFundy-6 ",,CTD_PER2023767_767A037_1_DN,NaN,downward,45.8432,-60.0737,2023-08-20T18:10:53Z,2023-08-20T18:10:53Z,2023-08-20T18:18:18Z,2023-08-20T18:18:18Z,35.70193,36.0,31.4757,31.4757,4.5637,3.005335,8.39021,7.7802,2.319,NaN,1785
,M. Perley,9656151,Ryan Stanley,"Eastern Shore Water, St Anns Bank",PER2023767,"ScotiaFundy-6 ",,CTD_PER2023767_767A037_1_UP,NaN,upward,45.8432,-60.0737,2023-08-20T18:10:53Z,2023-08-20T18:10:53Z,2023-08-20T18:18:58Z,2023-08-20T18:17:50Z,27.768705,28.0,31.3344,31.3344,5.3239,3.055371,8.39306,7.8516,2.954,NaN,1670
,M. Perley,9656151,Ryan Stanley,"Eastern Shore Water, St Anns Bank",PER2023767,"ScotiaFundy-6 ",,CTD_PER2023767_767A037_1_UP,NaN,upward,45.8432,-60.0737,2023-08-20T18:10:53Z,2023-08-20T18:10:53Z,2023-08-20T18:18:58Z,2023-08-20T18:17:53Z,25.785353,26.0,31.3349,31.3349,5.6015,3.078306,8.38306,7.7879,3.1625,NaN,1683
,M. Perley,9656151,Ryan Stanley,"Eastern Shore Water, St Anns Bank",PER2023767,"ScotiaFundy-6 ",,CTD_PER2023767_767A037_1_UP,NaN,upward,45.8432,-60.0737,2023-08-20T18:10:53Z,2023-08-20T18:10:53Z,2023-08-20T18:18:58Z,2023-08-20T18:17:57Z,23.80198,24.0,30.9559,30.9559,5.9612,3.074078,8.40688,7.7506,3.5543,NaN,1699
,M. Perley,9656151,Ryan Stanley,"Eastern Shore Water, St Anns Bank",PER2023767,"ScotiaFundy-6 ",,CTD_PER2023767_767A037_1_UP,NaN,upward,45.8432,-60.0737,2023-08-20T18:10:53Z,2023-08-20T18:10:53Z,2023-08-20T18:18:58Z,2023-08-20T18:18:02Z,21.818586,22.0,31.1631,31.1631,5.9562,3.092115,8.38761,7.7668,3.4622,NaN,1718
,M. Perley,9656151,Ryan Stanley,"Eastern Shore Water, St Anns Bank",PER2023767,"ScotiaFundy-6 ",,CTD_PER2023767_767A037_1_UP,NaN,upward,45.8432,-60.0737,2023-08-20T18:10:53Z,2023-08-20T18:10:53Z,2023-08-20T18:18:58Z,2023-08-20T18:18:06Z,19.835175,20.0,31.1442,31.1442,6.0277,3.096248,8.39045,7.6748,3.3093,NaN,1734
,M. Perley,9656151,Ryan Stanley,"Eastern Shore Water, St Anns Bank",PER2023767,"ScotiaFundy-6 ",,CTD_PER2023767_767A037_1_UP,NaN,upward,45.8432,-60.0737,2023-08-20T18:10:53Z,2023-08-20T18:10:53Z,2023-08-20T18:18:58Z,2023-08-20T18:18:11Z,17.851744,18.0,31.1016,31.1016,6.4368,3.126146,8.38841,7.8687,3.8767,NaN,1756
,M. Perley,9656151,Ryan Stanley,"Eastern Shore Water, St Anns Bank",PER2023767,"ScotiaFundy-6 ",,CTD_PER2023767_767A037_1_UP,NaN,upward,45.8432,-60.0737,2023-08-20T18:10:53Z,2023-08-20T18:10:53Z,2023-08-20T18:18:58Z,2023-08-20T18:18:28Z,11.901337,12.0,31.0119,31.0119,8.3443,3.276642,7.70244,7.957,12.8168,NaN,1821
,M. Perley,9656151,Ryan Stanley,"Eastern Shore Water, St Anns Bank",PER2023767,"ScotiaFundy-6 ",,CTD_PER2023767_767A037_1_UP,NaN,upward,45.8432,-60.0737,2023-08-20T18:10:53Z,2023-08-20T18:10:53Z,2023-08-20T18:18:58Z,2023-08-20T18:18:35Z,7.9343014,8.0,29.867,29.867,10.4918,3.343306,7.76081,7.8215,11.1744,NaN,1850
,M. Perley,9656151,Ryan Stanley,"Eastern Shore Water, St Anns Bank",PER2023767,"ScotiaFundy-6 ",,CTD_PER2023767_767A037_1_UP,NaN,upward,45.8432,-60.0737,2023-08-20T18:10:53Z,2023-08-20T18:10:53Z,2023-08-20T18:18:58Z,2023-08-20T18:18:58Z,1.9836042,2.0,27.8141,27.8141,17.878,3.725221,6.82822,5.9658,6.3897,NaN,1942
,M. Perley,9656151,Ryan Stanley,"Eastern Shore Water, St Anns Bank",PER2023767,"ScotiaFundy-1 ",,CTD_PER2023767_767A038_1_DN,NaN,downward,46.0957,-59.6351,2023-08-21T11:43:06Z,2023-08-21T11:43:06Z,2023-08-21T11:47:58Z,2023-08-21T11:44:00Z,1.983558,2.0,27.6286,27.6286,18.0533,3.71686,6.66715,5.8101,6.77,NaN,220
,M. Perley,9656151,Ryan Stanley,"Eastern Shore Water, St Anns Bank",PER2023767,"ScotiaFundy-1 ",,CTD_PER2023767_767A038_1_DN,NaN,downward,46.0957,-59.6351,2023-08-21T11:43:06Z,2023-08-21T11:43:06Z,2023-08-21T11:47:58Z,2023-08-21T11:45:02Z,3.9670968,4.0,28.3755,28.3755,17.9966,3.802838,6.95104,6.0848,7.6499,NaN,466
,M. Perley,9656151,Ryan Stanley,"Eastern Shore Water, St Anns Bank",PER2023767,"ScotiaFundy-1 ",,CTD_PER2023767_767A038_1_DN,NaN,downward,46.0957,-59.6351,2023-08-21T11:43:06Z,2023-08-21T11:43:06Z,2023-08-21T11:47:58Z,2023-08-21T11:45:11Z,5.9506164,6.0,28.4479,28.4479,17.9777,3.810105,6.97338,6.2235,7.7435,NaN,503
,M. Perley,9656151,Ryan Stanley,"Eastern Shore Water, St Anns Bank",PER2023767,"ScotiaFundy-1 ",,CTD_PER2023767_767A038_1_DN,NaN,downward,46.0957,-59.6351,2023-08-21T11:43:06Z,2023-08-21T11:43:06Z,2023-08-21T11:47:58Z,2023-08-21T11:45:17Z,7.9341164,8.0,28.4739,28.4739,17.9504,3.811028,6.97278,6.2372,7.9108,NaN,529
,M. Perley,9656151,Ryan Stanley,"Eastern Shore Water, St Anns Bank",PER2023767,"ScotiaFundy-1 ",,CTD_PER2023767_767A038_1_DN,NaN,downward,46.0957,-59.6351,2023-08-21T11:43:06Z,2023-08-21T11:43:06Z,2023-08-21T11:47:58Z,2023-08-21T11:45:24Z,9.917598,10.0,28.4988,28.4988,17.907,3.810476,6.97226,6.2098,8.3538,NaN,554
,M. Perley,9656151,Ryan Stanley,"Eastern Shore Water, St Anns Bank",PER2023767,"ScotiaFundy-1 ",,CTD_PER2023767_767A038_1_DN,NaN,downward,46.0957,-59.6351,2023-08-21T11:43:06Z,2023-08-21T11:43:06Z,2023-08-21T11:47:58Z,2023-08-21T11:45:29Z,11.901059,12.0,28.6772,28.6772,16.7013,3.730663,6.97029,6.2956,12.1918,NaN,575
,M. Perley,9656151,Ryan Stanley,"Eastern Shore Water, St Anns Bank",PER2023767,"ScotiaFundy-1 ",,CTD_PER2023767_767A038_1_DN,NaN,downward,46.0957,-59.6351,2023-08-21T11:43:06Z,2023-08-21T11:43:06Z,2023-08-21T11:47:58Z,2023-08-21T11:45:34Z,13.884501,14.0,29.7757,29.7757,15.0563,3.716825,7.45324,6.491,9.3962,NaN,595
,M. Perley,9656151,Ryan Stanley,"Eastern Shore Water, St Anns Bank",PER2023767,"ScotiaFundy-1 ",,CTD_PER2023767_767A038_1_DN,NaN,downward,46.0957,-59.6351,2023-08-21T11:43:06Z,2023-08-21T11:43:06Z,2023-08-21T11:47:58Z,2023-08-21T11:45:39Z,15.867925,16.0,29.8807,29.8807,12.4342,3.507524,7.54838,6.8322,6.271,NaN,616
,M. Perley,9656151,Ryan Stanley,"Eastern Shore Water, St Anns Bank",PER2023767,"ScotiaFundy-1 ",,CTD_PER2023767_767A038_1_DN,NaN,downward,46.0957,-59.6351,2023-08-21T11:43:06Z,2023-08-21T11:43:06Z,2023-08-21T11:47:58Z,2023-08-21T11:45:44Z,17.851328,18.0,32.5374,32.5374,7.4378,3.35482,7.36259,7.3358,5.4078,NaN,635
,M. Perley,9656151,Ryan Stanley,"Eastern Shore Water, St Anns Bank",PER2023767,"ScotiaFundy-1 ",,CTD_PER2023767_767A038_1_DN,NaN,downward,46.0957,-59.6351,2023-08-21T11:43:06Z,2023-08-21T11:43:06Z,2023-08-21T11:47:58Z,2023-08-21T11:45:50Z,19.834713,20.0,31.3807,31.3807,9.5047,3.411204,7.46993,7.0497,4.899,NaN,658
,M. Perley,9656151,Ryan Stanley,"Eastern Shore Water, St Anns Bank",PER2023767,"ScotiaFundy-1 ",,CTD_PER2023767_767A038_1_DN,NaN,downward,46.0957,-59.6351,2023-08-21T11:43:06Z,2023-08-21T11:43:06Z,2023-08-21T11:47:58Z,2023-08-21T11:47:58Z,21.818079,22.0,30.6316,30.6316,7.586,3.178181,8.01702,7.4262,3.4121,NaN,1171
,M. Perley,9656151,Ryan Stanley,"Eastern Shore Water, St Anns Bank",PER2023767,"ScotiaFundy-1 ",,CTD_PER2023767_767A038_1_UP,NaN,upward,46.0957,-59.6351,2023-08-21T11:43:06Z,2023-08-21T11:43:06Z,2023-08-21T11:49:59Z,2023-08-21T11:49:03Z,19.834713,20.0,30.5912,30.5912,7.1444,3.137852,8.26214,7.5996,3.989,NaN,1430
,M. Perley,9656151,Ryan Stanley,"Eastern Shore Water, St Anns Bank",PER2023767,"ScotiaFundy-1 ",,CTD_PER2023767_767A038_1_UP,NaN,upward,46.0957,-59.6351,2023-08-21T11:43:06Z,2023-08-21T11:43:06Z,2023-08-21T11:49:59Z,2023-08-21T11:49:18Z,17.851328,18.0,30.4488,30.4488,7.2001,3.129043,8.31527,7.5757,5.0412,NaN,1490
,M. Perley,9656151,Ryan Stanley,"Eastern Shore Water, St Anns Bank",PER2023767,"ScotiaFundy-1 ",,CTD_PER2023767_767A038_1_UP,NaN,upward,46.0957,-59.6351,2023-08-21T11:43:06Z,2023-08-21T11:43:06Z,2023-08-21T11:49:59Z,2023-08-21T11:49:23Z,15.867925,16.0,30.473,30.473,7.412,3.148531,8.31085,7.7356,5.8553,NaN,1512
,M. Perley,9656151,Ryan Stanley,"Eastern Shore Water, St Anns Bank",PER2023767,"ScotiaFundy-1 ",,CTD_PER2023767_767A038_1_UP,NaN,upward,46.0957,-59.6351,2023-08-21T11:43:06Z,2023-08-21T11:43:06Z,2023-08-21T11:49:59Z,2023-08-21T11:49:28Z,13.884501,14.0,30.2498,30.2498,8.1288,3.186243,8.32237,7.6344,8.9958,NaN,1531
,M. Perley,9656151,Ryan Stanley,"Eastern Shore Water, St Anns Bank",PER2023767,"ScotiaFundy-1 ",,CTD_PER2023767_767A038_1_UP,NaN,upward,46.0957,-59.6351,2023-08-21T11:43:06Z,2023-08-21T11:43:06Z,2023-08-21T11:49:59Z,2023-08-21T11:49:33Z,11.901059,12.0,29.9932,29.9932,8.4703,3.189633,7.95087,7.7917,12.9705,NaN,1550
,M. Perley,9656151,Ryan Stanley,"Eastern Shore Water, St Anns Bank",PER2023767,"ScotiaFundy-1 ",,CTD_PER2023767_767A038_1_UP,NaN,upward,46.0957,-59.6351,2023-08-21T11:43:06Z,2023-08-21T11:43:06Z,2023-08-21T11:49:59Z,2023-08-21T11:49:38Z,9.917598,10.0,30.3775,30.3775,9.4312,3.305722,7.18182,7.5645,10.6226,NaN,1572
,M. Perley,9656151,Ryan Stanley,"Eastern Shore Water, St Anns Bank",PER2023767,"ScotiaFundy-1 ",,CTD_PER2023767_767A038_1_UP,NaN,upward,46.0957,-59.6351,2023-08-21T11:43:06Z,2023-08-21T11:43:06Z,2023-08-21T11:49:59Z,2023-08-21T11:49:44Z,7.9341164,8.0,30.0718,30.0718,11.3408,3.433945,7.35716,7.2305,8.3699,NaN,1593
,M. Perley,9656151,Ryan Stanley,"Eastern Shore Water, St Anns Bank",PER2023767,"ScotiaFundy-1 ",,CTD_PER2023767_767A038_1_UP,NaN,upward,46.0957,-59.6351,2023-08-21T11:43:06Z,2023-08-21T11:43:06Z,2023-08-21T11:49:59Z,2023-08-21T11:49:49Z,5.9506164,6.0,28.8568,28.8568,14.3016,3.549765,7.41033,6.8162,7.9876,NaN,1614
,M. Perley,9656151,Ryan Stanley,"Eastern Shore Water, St Anns Bank",PER2023767,"ScotiaFundy-1 ",,CTD_PER2023767_767A038_1_UP,NaN,upward,46.0957,-59.6351,2023-08-21T11:43:06Z,2023-08-21T11:43:06Z,2023-08-21T11:49:59Z,2023-08-21T11:49:53Z,3.9670968,4.0,28.0514,28.0514,15.1079,3.527102,7.4484,6.7263,7.3388,NaN,1632
,M. Perley,9656151,Ryan Stanley,"Eastern Shore Water, St Anns Bank",PER2023767,"ScotiaFundy-1 ",,CTD_PER2023767_767A038_1_UP,NaN,upward,46.0957,-59.6351,2023-08-21T11:43:06Z,2023-08-21T11:43:06Z,2023-08-21T11:49:59Z,2023-08-21T11:49:59Z,1.983558,2.0,29.1089,29.1089,14.9774,3.635916,7.39346,6.6309,6.6756,NaN,1654
,M. Perley,9656151,Ryan Stanley,"Eastern Shore Water, St Anns Bank",PER2023767,"ScotiaFundy-1 ",,CTD_PER2023767_767A039_1_DN,NaN,downward,46.1269,-59.6317,2023-08-21T13:01:10Z,2023-08-21T13:01:10Z,2023-08-21T13:06:40Z,2023-08-21T13:02:51Z,5.950599,6.0,28.4477,28.4477,18.1433,3.824042,6.95367,6.3106,8.2625,NaN,408
,M. Perley,9656151,Ryan Stanley,"Eastern Shore Water, St Anns Bank",PER2023767,"ScotiaFundy-1 ",,CTD_PER2023767_767A039_1_DN,NaN,downward,46.1269,-59.6317,2023-08-21T13:01:10Z,2023-08-21T13:01:10Z,2023-08-21T13:06:40Z,2023-08-21T13:02:56Z,7.9340935,8.0,28.7512,28.7512,16.8993,3.755787,6.94234,6.4336,10.0588,NaN,428
,M. Perley,9656151,Ryan Stanley,"Eastern Shore Water, St Anns Bank",PER2023767,"ScotiaFundy-1 ",,CTD_PER2023767_767A039_1_DN,NaN,downward,46.1269,-59.6317,2023-08-21T13:01:10Z,2023-08-21T13:01:10Z,2023-08-21T13:06:40Z,2023-08-21T13:03:00Z,9.917569,10.0,28.9133,28.9133,15.7146,3.675546,6.94059,6.5876,12.2148,NaN,444
,M. Perley,9656151,Ryan Stanley,"Eastern Shore Water, St Anns Bank",PER2023767,"ScotiaFundy-1 ",,CTD_PER2023767_767A039_1_DN,NaN,downward,46.1269,-59.6317,2023-08-21T13:01:10Z,2023-08-21T13:01:10Z,2023-08-21T13:06:40Z,2023-08-21T13:03:06Z,11.901025,12.0,29.1771,29.1771,15.5829,3.694614,7.30542,6.4359,10.2058,NaN,467
,M. Perley,9656151,Ryan Stanley,"Eastern Shore Water, St Anns Bank",PER2023767,"ScotiaFundy-1 ",,CTD_PER2023767_767A039_1_DN,NaN,downward,46.1269,-59.6317,2023-08-21T13:01:10Z,2023-08-21T13:01:10Z,2023-08-21T13:06:40Z,2023-08-21T13:03:11Z,13.884461,14.0,29.2551,29.2551,14.6536,3.625528,7.37879,6.6069,9.6328,NaN,489
,M. Perley,9656151,Ryan Stanley,"Eastern Shore Water, St Anns Bank",PER2023767,"ScotiaFundy-1 ",,CTD_PER2023767_767A039_1_DN,NaN,downward,46.1269,-59.6317,2023-08-21T13:01:10Z,2023-08-21T13:01:10Z,2023-08-21T13:06:40Z,2023-08-21T13:03:16Z,15.867879,16.0,29.2421,29.2421,13.0106,3.486995,7.40189,6.8789,4.9023,NaN,505
,M. Perley,9656151,Ryan Stanley,"Eastern Shore Water, St Anns Bank",PER2023767,"ScotiaFundy-1 ",,CTD_PER2023767_767A039_1_DN,NaN,downward,46.1269,-59.6317,2023-08-21T13:01:10Z,2023-08-21T13:01:10Z,2023-08-21T13:06:40Z,2023-08-21T13:03:21Z,17.851276,18.0,30.2496,30.2496,10.3609,3.371929,7.34561,7.1902,5.8043,NaN,528
,M. Perley,9656151,Ryan Stanley,"Eastern Shore Water, St Anns Bank",PER2023767,"ScotiaFundy-1 ",,CTD_PER2023767_767A039_1_DN,NaN,downward,46.1269,-59.6317,2023-08-21T13:01:10Z,2023-08-21T13:01:10Z,2023-08-21T13:06:40Z,2023-08-21T13:03:27Z,19.834656,20.0,30.2815,30.2815,8.7076,3.237166,7.35013,7.3778,5.024,NaN,550
,M. Perley,9656151,Ryan Stanley,"Eastern Shore Water, St Anns Bank",PER2023767,"ScotiaFundy-1 ",,CTD_PER2023767_767A039_1_DN,NaN,downward,46.1269,-59.6317,2023-08-21T13:01:10Z,2023-08-21T13:01:10Z,2023-08-21T13:06:40Z,2023-08-21T13:03:32Z,21.818016,22.0,30.6732,30.6732,8.009,3.216712,7.33027,7.4782,5.2204,NaN,571
,M. Perley,9656151,Ryan Stanley,"Eastern Shore Water, St Anns Bank",PER2023767,"ScotiaFundy-1 ",,CTD_PER2023767_767A039_1_DN,NaN,downward,46.1269,-59.6317,2023-08-21T13:01:10Z,2023-08-21T13:01:10Z,2023-08-21T13:06:40Z,2023-08-21T13:03:38Z,23.801357,24.0,30.8103,30.8103,6.8521,3.134314,8.00763,7.6346,4.9866,NaN,595
,M. Perley,9656151,Ryan Stanley,"Eastern Shore Water, St Anns Bank",PER2023767,"ScotiaFundy-1 ",,CTD_PER2023767_767A039_1_DN,NaN,downward,46.1269,-59.6317,2023-08-21T13:01:10Z,2023-08-21T13:01:10Z,2023-08-21T13:06:40Z,2023-08-21T13:03:44Z,25.784678,26.0,30.8428,30.8428,5.3198,3.011194,9.01583,7.8602,3.8168,NaN,619
,M. Perley,9656151,Ryan Stanley,"Eastern Shore Water, St Anns Bank",PER2023767,"ScotiaFundy-1 ",,CTD_PER2023767_767A039_1_DN,NaN,downward,46.1269,-59.6317,2023-08-21T13:01:10Z,2023-08-21T13:01:10Z,2023-08-21T13:06:40Z,2023-08-21T13:03:51Z,27.767979,28.0,30.9117,30.9117,6.1037,3.081883,8.68067,7.5943,2.595,NaN,645
,M. Perley,9656151,Ryan Stanley,"Eastern Shore Water, St Anns Bank",PER2023767,"ScotiaFundy-1 ",,CTD_PER2023767_767A039_1_DN,NaN,downward,46.1269,-59.6317,2023-08-21T13:01:10Z,2023-08-21T13:01:10Z,2023-08-21T13:06:40Z,2023-08-21T13:03:57Z,29.751263,30.0,31.1688,31.1688,5.5392,3.058597,8.66173,7.6595,2.1556,NaN,669
,M. Perley,9656151,Ryan Stanley,"Eastern Shore Water, St Anns Bank",PER2023767,"ScotiaFundy-1 ",,CTD_PER2023767_767A039_1_DN,NaN,downward,46.1269,-59.6317,2023-08-21T13:01:10Z,2023-08-21T13:01:10Z,2023-08-21T13:06:40Z,2023-08-21T13:06:40Z,31.734526,32.0,31.1042,31.1042,5.1568,3.021598,8.58564,7.7593,2.2674,NaN,1322
,M. Perley,9656151,Ryan Stanley,"Eastern Shore Water, St Anns Bank",PER2023767,"ScotiaFundy-1 ",,CTD_PER2023767_767A039_1_UP,NaN,upward,46.1269,-59.6317,2023-08-21T13:01:10Z,2023-08-21T13:01:10Z,2023-08-21T13:08:43Z,2023-08-21T13:07:23Z,29.751263,30.0,31.0935,31.0935,5.0662,3.013121,8.56784,7.8155,2.268,NaN,1494
,M. Perley,9656151,Ryan Stanley,"Eastern Shore Water, St Anns Bank",PER2023767,"ScotiaFundy-1 ",,CTD_PER2023767_767A039_1_UP,NaN,upward,46.1269,-59.6317,2023-08-21T13:01:10Z,2023-08-21T13:01:10Z,2023-08-21T13:08:43Z,2023-08-21T13:07:28Z,27.767979,28.0,31.0688,31.0688,5.1866,3.020715,8.56867,7.9038,3.1065,NaN,1516
,M. Perley,9656151,Ryan Stanley,"Eastern Shore Water, St Anns Bank",PER2023767,"ScotiaFundy-1 ",,CTD_PER2023767_767A039_1_UP,NaN,upward,46.1269,-59.6317,2023-08-21T13:01:10Z,2023-08-21T13:01:10Z,2023-08-21T13:08:43Z,2023-08-21T13:07:34Z,25.784678,26.0,30.8579,30.8579,5.3617,3.016297,8.58019,7.921,4.1025,NaN,1538
,M. Perley,9656151,Ryan Stanley,"Eastern Shore Water, St Anns Bank",PER2023767,"ScotiaFundy-1 ",,CTD_PER2023767_767A039_1_UP,NaN,upward,46.1269,-59.6317,2023-08-21T13:01:10Z,2023-08-21T13:01:10Z,2023-08-21T13:08:43Z,2023-08-21T13:07:40Z,23.801357,24.0,30.5402,30.5402,5.3444,2.986726,8.66739,7.9521,4.8453,NaN,1561
,M. Perley,9656151,Ryan Stanley,"Eastern Shore Water, St Anns Bank",PER2023767,"ScotiaFundy-1 ",,CTD_PER2023767_767A039_1_UP,NaN,upward,46.1269,-59.6317,2023-08-21T13:01:10Z,2023-08-21T13:01:10Z,2023-08-21T13:08:43Z,2023-08-21T13:07:44Z,21.818016,22.0,30.6973,30.6973,5.277,2.995108,8.68487,8.0726,4.3368,NaN,1579
,M. Perley,9656151,Ryan Stanley,"Eastern Shore Water, St Anns Bank",PER2023767,"ScotiaFundy-1 ",,CTD_PER2023767_767A039_1_UP,NaN,upward,46.1269,-59.6317,2023-08-21T13:01:10Z,2023-08-21T13:01:10Z,2023-08-21T13:08:43Z,2023-08-21T13:07:51Z,19.834656,20.0,30.3383,30.3383,6.5432,3.065331,8.70989,7.8105,5.0502,NaN,1606
,M. Perley,9656151,Ryan Stanley,"Eastern Shore Water, St Anns Bank",PER2023767,"ScotiaFundy-1 ",,CTD_PER2023767_767A039_1_UP,NaN,upward,46.1269,-59.6317,2023-08-21T13:01:10Z,2023-08-21T13:01:10Z,2023-08-21T13:08:43Z,2023-08-21T13:07:56Z,17.851276,18.0,30.1884,30.1884,6.9558,3.084939,8.71489,7.7833,6.3179,NaN,1628
,M. Perley,9656151,Ryan Stanley,"Eastern Shore Water, St Anns Bank",PER2023767,"ScotiaFundy-1 ",,CTD_PER2023767_767A039_1_UP,NaN,upward,46.1269,-59.6317,2023-08-21T13:01:10Z,2023-08-21T13:01:10Z,2023-08-21T13:08:43Z,2023-08-21T13:08:03Z,15.867879,16.0,30.0398,30.0398,8.0056,3.156271,8.71834,7.6239,6.9066,NaN,1653
,M. Perley,9656151,Ryan Stanley,"Eastern Shore Water, St Anns Bank",PER2023767,"ScotiaFundy-1 ",,CTD_PER2023767_767A039_1_UP,NaN,upward,46.1269,-59.6317,2023-08-21T13:01:10Z,2023-08-21T13:01:10Z,2023-08-21T13:08:43Z,2023-08-21T13:08:08Z,13.884461,14.0,29.7913,29.7913,9.3477,3.241993,8.16283,7.486,8.0531,NaN,1675
,M. Perley,9656151,Ryan Stanley,"Eastern Shore Water, St Anns Bank",PER2023767,"ScotiaFundy-1 ",,CTD_PER2023767_767A039_1_UP,NaN,upward,46.1269,-59.6317,2023-08-21T13:01:10Z,2023-08-21T13:01:10Z,2023-08-21T13:08:43Z,2023-08-21T13:08:13Z,11.901025,12.0,29.4637,29.4637,11.5407,3.3889,7.79498,7.159,9.9104,NaN,1697
,M. Perley,9656151,Ryan Stanley,"Eastern Shore Water, St Anns Bank",PER2023767,"ScotiaFundy-1 ",,CTD_PER2023767_767A039_1_UP,NaN,upward,46.1269,-59.6317,2023-08-21T13:01:10Z,2023-08-21T13:01:10Z,2023-08-21T13:08:43Z,2023-08-21T13:08:18Z,9.917569,10.0,28.7835,28.7835,13.529,3.480626,7.83012,6.8501,12.4719,NaN,1714
,M. Perley,9656151,Ryan Stanley,"Eastern Shore Water, St Anns Bank",PER2023767,"ScotiaFundy-1 ",,CTD_PER2023767_767A039_1_UP,NaN,upward,46.1269,-59.6317,2023-08-21T13:01:10Z,2023-08-21T13:01:10Z,2023-08-21T13:08:43Z,2023-08-21T13:08:25Z,7.9340935,8.0,28.9045,28.9045,13.6633,3.504124,7.78352,7.1082,10.1999,NaN,1743
,M. Perley,9656151,Ryan Stanley,"Eastern Shore Water, St Anns Bank",PER2023767,"ScotiaFundy-1 ",,CTD_PER2023767_767A039_1_UP,NaN,upward,46.1269,-59.6317,2023-08-21T13:01:10Z,2023-08-21T13:01:10Z,2023-08-21T13:08:43Z,2023-08-21T13:08:32Z,5.950599,6.0,29.0073,29.0073,15.8829,3.699496,7.79556,6.7277,7.828,NaN,1771
,M. Perley,9656151,Ryan Stanley,"Eastern Shore Water, St Anns Bank",PER2023767,"ScotiaFundy-1 ",,CTD_PER2023767_767A039_1_UP,NaN,upward,46.1269,-59.6317,2023-08-21T13:01:10Z,2023-08-21T13:01:10Z,2023-08-21T13:08:43Z,2023-08-21T13:08:38Z,3.9670854,4.0,28.6622,28.6622,16.4178,3.704867,7.16371,6.7192,6.699,NaN,1795
,M. Perley,9656151,Ryan Stanley,"Eastern Shore Water, St Anns Bank",PER2023767,"ScotiaFundy-1 ",,CTD_PER2023767_767A039_1_UP,NaN,upward,46.1269,-59.6317,2023-08-21T13:01:10Z,2023-08-21T13:01:10Z,2023-08-21T13:08:43Z,2023-08-21T13:08:43Z,1.9835523,2.0,28.3408,28.3408,16.8115,3.700069,7.03914,6.6905,5.5106,NaN,1814
,M. Perley,9656151,Ryan Stanley,"Eastern Shore Water, St Anns Bank",PER2023767,"MLI-St-Lawrence-Gulf-Boxes-/-Bo\u00eetes-du-Golfe-du-Saint-Laurent-de-l'IML-07 ScotiaFundy-1 ",,CTD_PER2023767_767A040_1_DN,NaN,downward,46.1404,-59.5828,2023-08-21T14:03:34Z,2023-08-21T14:03:34Z,2023-08-21T14:06:57Z,2023-08-21T14:05:06Z,1.9835498,2.0,28.2861,28.2861,18.3466,3.821192,6.77742,5.7323,7.045,NaN,371
,M. Perley,9656151,Ryan Stanley,"Eastern Shore Water, St Anns Bank",PER2023767,"MLI-St-Lawrence-Gulf-Boxes-/-Bo\u00eetes-du-Golfe-du-Saint-Laurent-de-l'IML-07 ScotiaFundy-1 ",,CTD_PER2023767_767A040_1_DN,NaN,downward,46.1404,-59.5828,2023-08-21T14:03:34Z,2023-08-21T14:03:34Z,2023-08-21T14:06:57Z,2023-08-21T14:05:56Z,3.9670804,4.0,28.4698,28.4698,18.3076,3.840328,6.94305,5.9754,7.9685,NaN,569
,M. Perley,9656151,Ryan Stanley,"Eastern Shore Water, St Anns Bank",PER2023767,"MLI-St-Lawrence-Gulf-Boxes-/-Bo\u00eetes-du-Golfe-du-Saint-Laurent-de-l'IML-07 ScotiaFundy-1 ",,CTD_PER2023767_767A040_1_DN,NaN,downward,46.1404,-59.5828,2023-08-21T14:03:34Z,2023-08-21T14:03:34Z,2023-08-21T14:06:57Z,2023-08-21T14:06:08Z,5.9505916,6.0,28.5659,28.5659,18.0272,3.828436,6.94731,6.1625,9.8843,NaN,618
,M. Perley,9656151,Ryan Stanley,"Eastern Shore Water, St Anns Bank",PER2023767,"MLI-St-Lawrence-Gulf-Boxes-/-Bo\u00eetes-du-Golfe-du-Saint-Laurent-de-l'IML-07 ScotiaFundy-1 ",,CTD_PER2023767_767A040_1_DN,NaN,downward,46.1404,-59.5828,2023-08-21T14:03:34Z,2023-08-21T14:03:34Z,2023-08-21T14:06:57Z,2023-08-21T14:06:13Z,7.934084,8.0,28.7915,28.7915,17.1793,3.784155,6.94055,6.3026,12.2755,NaN,639
,M. Perley,9656151,Ryan Stanley,"Eastern Shore Water, St Anns Bank",PER2023767,"MLI-St-Lawrence-Gulf-Boxes-/-Bo\u00eetes-du-Golfe-du-Saint-Laurent-de-l'IML-07 ScotiaFundy-1 ",,CTD_PER2023767_767A040_1_DN,NaN,downward,46.1404,-59.5828,2023-08-21T14:03:34Z,2023-08-21T14:03:34Z,2023-08-21T14:06:57Z,2023-08-21T14:06:18Z,9.917557,10.0,28.857,28.857,16.7292,3.754097,6.94074,6.4547,12.649,NaN,661
,M. Perley,9656151,Ryan Stanley,"Eastern Shore Water, St Anns Bank",PER2023767,"MLI-St-Lawrence-Gulf-Boxes-/-Bo\u00eetes-du-Golfe-du-Saint-Laurent-de-l'IML-07 ScotiaFundy-1 ",,CTD_PER2023767_767A040_1_DN,NaN,downward,46.1404,-59.5828,2023-08-21T14:03:34Z,2023-08-21T14:03:34Z,2023-08-21T14:06:57Z,2023-08-21T14:06:24Z,11.9010105,12.0,29.1564,29.1564,16.5956,3.777913,6.92997,6.4297,13.5355,NaN,683
,M. Perley,9656151,Ryan Stanley,"Eastern Shore Water, St Anns Bank",PER2023767,"MLI-St-Lawrence-Gulf-Boxes-/-Bo\u00eetes-du-Golfe-du-Saint-Laurent-de-l'IML-07 ScotiaFundy-1 ",,CTD_PER2023767_767A040_1_DN,NaN,downward,46.1404,-59.5828,2023-08-21T14:03:34Z,2023-08-21T14:03:34Z,2023-08-21T14:06:57Z,2023-08-21T14:06:30Z,13.884444,14.0,29.6845,29.6845,16.74,3.851827,6.90787,6.1887,13.3458,NaN,707
,M. Perley,9656151,Ryan Stanley,"Eastern Shore Water, St Anns Bank",PER2023767,"MLI-St-Lawrence-Gulf-Boxes-/-Bo\u00eetes-du-Golfe-du-Saint-Laurent-de-l'IML-07 ScotiaFundy-1 ",,CTD_PER2023767_767A040_1_DN,NaN,downward,46.1404,-59.5828,2023-08-21T14:03:34Z,2023-08-21T14:03:34Z,2023-08-21T14:06:57Z,2023-08-21T14:06:36Z,15.867859,16.0,29.1687,29.1687,13.2034,3.495795,7.24489,6.8998,12.0441,NaN,731
,M. Perley,9656151,Ryan Stanley,"Eastern Shore Water, St Anns Bank",PER2023767,"MLI-St-Lawrence-Gulf-Boxes-/-Bo\u00eetes-du-Golfe-du-Saint-Laurent-de-l'IML-07 ScotiaFundy-1 ",,CTD_PER2023767_767A040_1_DN,NaN,downward,46.1404,-59.5828,2023-08-21T14:03:34Z,2023-08-21T14:03:34Z,2023-08-21T14:06:57Z,2023-08-21T14:06:43Z,17.851255,18.0,29.8188,29.8188,11.0849,3.387579,7.25551,7.0488,9.1517,NaN,757
,M. Perley,9656151,Ryan Stanley,"Eastern Shore Water, St Anns Bank",PER2023767,"MLI-St-Lawrence-Gulf-Boxes-/-Bo\u00eetes-du-Golfe-du-Saint-Laurent-de-l'IML-07 ScotiaFundy-1 ",,CTD_PER2023767_767A040_1_DN,NaN,downward,46.1404,-59.5828,2023-08-21T14:03:34Z,2023-08-21T14:03:34Z,2023-08-21T14:06:57Z,2023-08-21T14:06:50Z,19.834631,20.0,30.6561,30.6561,7.927,3.20823,7.21661,7.3754,6.4041,NaN,786
,M. Perley,9656151,Ryan Stanley,"Eastern Shore Water, St Anns Bank",PER2023767,"MLI-St-Lawrence-Gulf-Boxes-/-Bo\u00eetes-du-Golfe-du-Saint-Laurent-de-l'IML-07 ScotiaFundy-1 ",,CTD_PER2023767_767A040_1_DN,NaN,downward,46.1404,-59.5828,2023-08-21T14:03:34Z,2023-08-21T14:03:34Z,2023-08-21T14:06:57Z,2023-08-21T14:06:57Z,21.81799,22.0,30.6727,30.6727,6.1998,3.067993,7.22096,7.6798,6.1263,NaN,816
,M. Perley,9656151,Ryan Stanley,"Eastern Shore Water, St Anns Bank",PER2023767,"MLI-St-Lawrence-Gulf-Boxes-/-Bo\u00eetes-du-Golfe-du-Saint-Laurent-de-l'IML-07 ScotiaFundy-1 ",,CTD_PER2023767_767A040_1_UP,NaN,upward,46.1404,-59.5828,2023-08-21T14:03:34Z,2023-08-21T14:03:34Z,2023-08-21T14:11:20Z,2023-08-21T14:09:17Z,19.834631,20.0,30.1843,30.1843,6.4347,3.04253,8.42666,7.7794,5.65,NaN,1375
,M. Perley,9656151,Ryan Stanley,"Eastern Shore Water, St Anns Bank",PER2023767,"MLI-St-Lawrence-Gulf-Boxes-/-Bo\u00eetes-du-Golfe-du-Saint-Laurent-de-l'IML-07 ScotiaFundy-1 ",,CTD_PER2023767_767A040_1_UP,NaN,upward,46.1404,-59.5828,2023-08-21T14:03:34Z,2023-08-21T14:03:34Z,2023-08-21T14:11:20Z,2023-08-21T14:10:17Z,17.851255,18.0,30.1455,30.1455,6.6679,3.057776,8.49908,7.8992,6.6329,NaN,1617
,M. Perley,9656151,Ryan Stanley,"Eastern Shore Water, St Anns Bank",PER2023767,"MLI-St-Lawrence-Gulf-Boxes-/-Bo\u00eetes-du-Golfe-du-Saint-Laurent-de-l'IML-07 ScotiaFundy-1 ",,CTD_PER2023767_767A040_1_UP,NaN,upward,46.1404,-59.5828,2023-08-21T14:03:34Z,2023-08-21T14:03:34Z,2023-08-21T14:11:20Z,2023-08-21T14:10:18Z,15.867859,16.0,29.8256,29.8256,7.4406,3.090207,8.51997,7.8255,10.8573,NaN,1618
,M. Perley,9656151,Ryan Stanley,"Eastern Shore Water, St Anns Bank",PER2023767,"MLI-St-Lawrence-Gulf-Boxes-/-Bo\u00eetes-du-Golfe-du-Saint-Laurent-de-l'IML-07 ScotiaFundy-1 ",,CTD_PER2023767_767A040_1_UP,NaN,upward,46.1404,-59.5828,2023-08-21T14:03:34Z,2023-08-21T14:03:34Z,2023-08-21T14:11:20Z,2023-08-21T14:10:24Z,13.884444,14.0,30.1448,30.1448,7.2212,3.102252,8.50671,8.0642,13.0464,NaN,1642
,M. Perley,9656151,Ryan Stanley,"Eastern Shore Water, St Anns Bank",PER2023767,"MLI-St-Lawrence-Gulf-Boxes-/-Bo\u00eetes-du-Golfe-du-Saint-Laurent-de-l'IML-07 ScotiaFundy-1 ",,CTD_PER2023767_767A040_1_UP,NaN,upward,46.1404,-59.5828,2023-08-21T14:03:34Z,2023-08-21T14:03:34Z,2023-08-21T14:11:20Z,2023-08-21T14:10:29Z,11.9010105,12.0,30.5208,30.5208,8.9004,3.275733,8.18348,7.7009,12.367,NaN,1664
,M. Perley,9656151,Ryan Stanley,"Eastern Shore Water, St Anns Bank",PER2023767,"MLI-St-Lawrence-Gulf-Boxes-/-Bo\u00eetes-du-Golfe-du-Saint-Laurent-de-l'IML-07 ScotiaFundy-1 ",,CTD_PER2023767_767A040_1_UP,NaN,upward,46.1404,-59.5828,2023-08-21T14:03:34Z,2023-08-21T14:03:34Z,2023-08-21T14:11:20Z,2023-08-21T14:10:36Z,9.917557,10.0,29.1676,29.1676,13.2245,3.499249,6.76013,6.7822,9.4495,NaN,1691
,M. Perley,9656151,Ryan Stanley,"Eastern Shore Water, St Anns Bank",PER2023767,"MLI-St-Lawrence-Gulf-Boxes-/-Bo\u00eetes-du-Golfe-du-Saint-Laurent-de-l'IML-07 ScotiaFundy-1 ",,CTD_PER2023767_767A040_1_UP,NaN,upward,46.1404,-59.5828,2023-08-21T14:03:34Z,2023-08-21T14:03:34Z,2023-08-21T14:11:20Z,2023-08-21T14:10:49Z,7.934084,8.0,29.1514,29.1514,14.2183,3.576882,7.31025,6.7869,11.158,NaN,1744
,M. Perley,9656151,Ryan Stanley,"Eastern Shore Water, St Anns Bank",PER2023767,"MLI-St-Lawrence-Gulf-Boxes-/-Bo\u00eetes-du-Golfe-du-Saint-Laurent-de-l'IML-07 ScotiaFundy-1 ",,CTD_PER2023767_767A040_1_UP,NaN,upward,46.1404,-59.5828,2023-08-21T14:03:34Z,2023-08-21T14:03:34Z,2023-08-21T14:11:20Z,2023-08-21T14:10:58Z,5.9505916,6.0,27.9322,27.9322,15.489,3.545542,7.4985,6.6471,8.953,NaN,1777
,M. Perley,9656151,Ryan Stanley,"Eastern Shore Water, St Anns Bank",PER2023767,"MLI-St-Lawrence-Gulf-Boxes-/-Bo\u00eetes-du-Golfe-du-Saint-Laurent-de-l'IML-07 ScotiaFundy-1 ",,CTD_PER2023767_767A040_1_UP,NaN,upward,46.1404,-59.5828,2023-08-21T14:03:34Z,2023-08-21T14:03:34Z,2023-08-21T14:11:20Z,2023-08-21T14:11:08Z,3.9670804,4.0,28.89,28.89,15.7765,3.67781,7.09039,6.6356,10.4114,NaN,1818
,M. Perley,9656151,Ryan Stanley,"Eastern Shore Water, St Anns Bank",PER2023767,"MLI-St-Lawrence-Gulf-Boxes-/-Bo\u00eetes-du-Golfe-du-Saint-Laurent-de-l'IML-07 ScotiaFundy-1 ",,CTD_PER2023767_767A040_1_UP,NaN,upward,46.1404,-59.5828,2023-08-21T14:03:34Z,2023-08-21T14:03:34Z,2023-08-21T14:11:20Z,2023-08-21T14:11:20Z,1.9835498,2.0,28.6368,28.6368,16.8999,3.742255,7.07815,6.5104,7.7225,NaN,1867
,M. Perley,9656151,Ryan Stanley,"Eastern Shore Water, St Anns Bank",PER2023767,"ScotiaFundy-6 ",,CTD_PER2023767_767A041_1_DN,NaN,downward,45.992,-59.6092,2023-08-21T16:55:35Z,2023-08-21T16:55:35Z,2023-08-21T17:03:03Z,2023-08-21T16:56:19Z,1.983577,2.0,27.2999,27.2999,18.6583,3.726048,6.79903,5.6049,8.2431,NaN,177
,M. Perley,9656151,Ryan Stanley,"Eastern Shore Water, St Anns Bank",PER2023767,"ScotiaFundy-6 ",,CTD_PER2023767_767A041_1_DN,NaN,downward,45.992,-59.6092,2023-08-21T16:55:35Z,2023-08-21T16:55:35Z,2023-08-21T17:03:03Z,2023-08-21T16:57:34Z,3.9671347,4.0,28.6187,28.6187,18.6755,3.889655,6.97991,6.6465,8.5563,NaN,479
,M. Perley,9656151,Ryan Stanley,"Eastern Shore Water, St Anns Bank",PER2023767,"ScotiaFundy-6 ",,CTD_PER2023767_767A041_1_DN,NaN,downward,45.992,-59.6092,2023-08-21T16:55:35Z,2023-08-21T16:55:35Z,2023-08-21T17:03:03Z,2023-08-21T16:57:39Z,11.901173,12.0,28.363,28.363,18.5496,3.847925,6.96882,6.4117,9.4331,NaN,499
,M. Perley,9656151,Ryan Stanley,"Eastern Shore Water, St Anns Bank",PER2023767,"ScotiaFundy-6 ",,CTD_PER2023767_767A041_1_DN,NaN,downward,45.992,-59.6092,2023-08-21T16:55:35Z,2023-08-21T16:55:35Z,2023-08-21T17:03:03Z,2023-08-21T16:58:01Z,15.868076,16.0,29.5855,29.5855,14.7909,3.674017,6.98372,6.7878,12.8072,NaN,588
,M. Perley,9656151,Ryan Stanley,"Eastern Shore Water, St Anns Bank",PER2023767,"ScotiaFundy-6 ",,CTD_PER2023767_767A041_1_DN,NaN,downward,45.992,-59.6092,2023-08-21T16:55:35Z,2023-08-21T16:55:35Z,2023-08-21T17:03:03Z,2023-08-21T16:58:08Z,17.8515,18.0,29.6512,29.6512,12.7947,3.51315,7.16769,7.2478,13.3162,NaN,616
,M. Perley,9656151,Ryan Stanley,"Eastern Shore Water, St Anns Bank",PER2023767,"ScotiaFundy-6 ",,CTD_PER2023767_767A041_1_DN,NaN,downward,45.992,-59.6092,2023-08-21T16:55:35Z,2023-08-21T16:55:35Z,2023-08-21T17:03:03Z,2023-08-21T16:58:18Z,19.834904,20.0,29.5973,29.5973,11.1138,3.367831,7.19614,7.3155,14.7977,NaN,656
,M. Perley,9656151,Ryan Stanley,"Eastern Shore Water, St Anns Bank",PER2023767,"ScotiaFundy-6 ",,CTD_PER2023767_767A041_1_DN,NaN,downward,45.992,-59.6092,2023-08-21T16:55:35Z,2023-08-21T16:55:35Z,2023-08-21T17:03:03Z,2023-08-21T16:58:37Z,23.801653,24.0,30.2513,30.2513,7.6214,3.14529,8.6058,7.6531,9.2076,NaN,730
,M. Perley,9656151,Ryan Stanley,"Eastern Shore Water, St Anns Bank",PER2023767,"ScotiaFundy-6 ",,CTD_PER2023767_767A041_1_DN,NaN,downward,45.992,-59.6092,2023-08-21T16:55:35Z,2023-08-21T16:55:35Z,2023-08-21T17:03:03Z,2023-08-21T16:58:43Z,25.784998,26.0,30.3279,30.3279,7.1216,3.111704,8.60219,7.7102,11.6176,NaN,754
,M. Perley,9656151,Ryan Stanley,"Eastern Shore Water, St Anns Bank",PER2023767,"ScotiaFundy-6 ",,CTD_PER2023767_767A041_1_DN,NaN,downward,45.992,-59.6092,2023-08-21T16:55:35Z,2023-08-21T16:55:35Z,2023-08-21T17:03:03Z,2023-08-21T16:58:48Z,27.768326,28.0,30.3649,30.3649,7.1145,3.114656,8.60316,7.5966,7.7851,NaN,773
,M. Perley,9656151,Ryan Stanley,"Eastern Shore Water, St Anns Bank",PER2023767,"ScotiaFundy-6 ",,CTD_PER2023767_767A041_1_DN,NaN,downward,45.992,-59.6092,2023-08-21T16:55:35Z,2023-08-21T16:55:35Z,2023-08-21T17:03:03Z,2023-08-21T16:58:51Z,29.751633,30.0,30.3733,30.3733,7.1175,3.115762,8.60336,7.541,5.56,NaN,787
,M. Perley,9656151,Ryan Stanley,"Eastern Shore Water, St Anns Bank",PER2023767,"ScotiaFundy-6 ",,CTD_PER2023767_767A041_1_DN,NaN,downward,45.992,-59.6092,2023-08-21T16:55:35Z,2023-08-21T16:55:35Z,2023-08-21T17:03:03Z,2023-08-21T16:58:54Z,31.73492,32.0,30.7175,30.7175,6.4174,3.08989,8.58608,7.6065,4.2463,NaN,801
,M. Perley,9656151,Ryan Stanley,"Eastern Shore Water, St Anns Bank",PER2023767,"ScotiaFundy-6 ",,CTD_PER2023767_767A041_1_DN,NaN,downward,45.992,-59.6092,2023-08-21T16:55:35Z,2023-08-21T16:55:35Z,2023-08-21T17:03:03Z,2023-08-21T16:58:58Z,33.71819,34.0,30.9184,30.9184,5.9182,3.067547,8.57609,7.6638,3.4708,NaN,813
,M. Perley,9656151,Ryan Stanley,"Eastern Shore Water, St Anns Bank",PER2023767,"ScotiaFundy-6 ",,CTD_PER2023767_767A041_1_DN,NaN,downward,45.992,-59.6092,2023-08-21T16:55:35Z,2023-08-21T16:55:35Z,2023-08-21T17:03:03Z,2023-08-21T16:59:00Z,35.70144,36.0,30.8396,30.8396,5.6222,3.036344,8.58128,7.6844,2.9761,NaN,824
,M. Perley,9656151,Ryan Stanley,"Eastern Shore Water, St Anns Bank",PER2023767,"ScotiaFundy-6 ",,CTD_PER2023767_767A041_1_DN,NaN,downward,45.992,-59.6092,2023-08-21T16:55:35Z,2023-08-21T16:55:35Z,2023-08-21T17:03:03Z,2023-08-21T16:59:04Z,37.68467,38.0,31.2542,31.2542,5.3,3.046786,8.74191,7.7125,2.8662,NaN,839
,M. Perley,9656151,Ryan Stanley,"Eastern Shore Water, St Anns Bank",PER2023767,"ScotiaFundy-6 ",,CTD_PER2023767_767A041_1_DN,NaN,downward,45.992,-59.6092,2023-08-21T16:55:35Z,2023-08-21T16:55:35Z,2023-08-21T17:03:03Z,2023-08-21T16:59:07Z,39.66788,40.0,31.1056,31.1056,5.1338,3.020141,8.74933,7.7424,2.4559,NaN,850
,M. Perley,9656151,Ryan Stanley,"Eastern Shore Water, St Anns Bank",PER2023767,"ScotiaFundy-6 ",,CTD_PER2023767_767A041_1_DN,NaN,downward,45.992,-59.6092,2023-08-21T16:55:35Z,2023-08-21T16:55:35Z,2023-08-21T17:03:03Z,2023-08-21T16:59:11Z,41.651073,42.0,31.5083,31.5083,4.8816,3.034689,8.72333,7.7742,2.4161,NaN,867
,M. Perley,9656151,Ryan Stanley,"Eastern Shore Water, St Anns Bank",PER2023767,"ScotiaFundy-6 ",,CTD_PER2023767_767A041_1_DN,NaN,downward,45.992,-59.6092,2023-08-21T16:55:35Z,2023-08-21T16:55:35Z,2023-08-21T17:03:03Z,2023-08-21T16:59:14Z,43.634247,44.0,31.3385,31.3385,5.0823,3.036553,8.73786,7.7317,2.3826,NaN,880
,M. Perley,9656151,Ryan Stanley,"Eastern Shore Water, St Anns Bank",PER2023767,"ScotiaFundy-6 ",,CTD_PER2023767_767A041_1_DN,NaN,downward,45.992,-59.6092,2023-08-21T16:55:35Z,2023-08-21T16:55:35Z,2023-08-21T17:03:03Z,2023-08-21T16:59:20Z,45.617397,46.0,31.4054,31.4054,4.5999,3.00277,8.73517,7.8221,2.326,NaN,903
,M. Perley,9656151,Ryan Stanley,"Eastern Shore Water, St Anns Bank",PER2023767,"ScotiaFundy-6 ",,CTD_PER2023767_767A041_1_DN,NaN,downward,45.992,-59.6092,2023-08-21T16:55:35Z,2023-08-21T16:55:35Z,2023-08-21T17:03:03Z,2023-08-21T16:59:26Z,47.600533,48.0,31.5038,31.5038,4.5671,3.008667,8.72864,7.8239,2.3136,NaN,925
,M. Perley,9656151,Ryan Stanley,"Eastern Shore Water, St Anns Bank",PER2023767,"ScotiaFundy-6 ",,CTD_PER2023767_767A041_1_DN,NaN,downward,45.992,-59.6092,2023-08-21T16:55:35Z,2023-08-21T16:55:35Z,2023-08-21T17:03:03Z,2023-08-21T16:59:31Z,49.58365,50.0,31.4184,31.4184,4.4905,2.995091,8.71942,7.8391,2.2517,NaN,949
,M. Perley,9656151,Ryan Stanley,"Eastern Shore Water, St Anns Bank",PER2023767,"ScotiaFundy-6 ",,CTD_PER2023767_767A041_1_DN,NaN,downward,45.992,-59.6092,2023-08-21T16:55:35Z,2023-08-21T16:55:35Z,2023-08-21T17:03:03Z,2023-08-21T17:01:53Z,51.566742,52.0,31.2958,31.2958,4.3855,2.975993,8.67105,7.8665,2.5685,NaN,1516
,M. Perley,9656151,Ryan Stanley,"Eastern Shore Water, St Anns Bank",PER2023767,"ScotiaFundy-6 ",,CTD_PER2023767_767A041_1_DN,NaN,downward,45.992,-59.6092,2023-08-21T16:55:35Z,2023-08-21T16:55:35Z,2023-08-21T17:03:03Z,2023-08-21T17:03:03Z,53.54982,54.0,31.3613,31.3613,4.2932,2.974179,8.66737,7.8838,2.1513,NaN,1793
,M. Perley,9656151,Ryan Stanley,"Eastern Shore Water, St Anns Bank",PER2023767,"ScotiaFundy-6 ",,CTD_PER2023767_767A041_1_UP,NaN,upward,45.992,-59.6092,2023-08-21T16:55:35Z,2023-08-21T16:55:35Z,2023-08-21T17:04:53Z,2023-08-21T17:02:51Z,51.566742,52.0,31.3586,31.3586,4.3141,2.97557,8.66955,7.8929,2.2933,NaN,1746
,M. Perley,9656151,Ryan Stanley,"Eastern Shore Water, St Anns Bank",PER2023767,"ScotiaFundy-6 ",,CTD_PER2023767_767A041_1_UP,NaN,upward,45.992,-59.6092,2023-08-21T16:55:35Z,2023-08-21T16:55:35Z,2023-08-21T17:04:53Z,2023-08-21T17:02:55Z,49.58365,50.0,31.3514,31.3514,4.331,2.97625,8.66941,7.8947,2.24,NaN,1763
,M. Perley,9656151,Ryan Stanley,"Eastern Shore Water, St Anns Bank",PER2023767,"ScotiaFundy-6 ",,CTD_PER2023767_767A041_1_UP,NaN,upward,45.992,-59.6092,2023-08-21T16:55:35Z,2023-08-21T16:55:35Z,2023-08-21T17:04:53Z,2023-08-21T17:03:00Z,47.600533,48.0,31.3278,31.3278,4.3851,2.978556,8.66985,7.889,2.3011,NaN,1782
,M. Perley,9656151,Ryan Stanley,"Eastern Shore Water, St Anns Bank",PER2023767,"ScotiaFundy-6 ",,CTD_PER2023767_767A041_1_UP,NaN,upward,45.992,-59.6092,2023-08-21T16:55:35Z,2023-08-21T16:55:35Z,2023-08-21T17:04:53Z,2023-08-21T17:03:03Z,45.617397,46.0,31.297,31.297,4.4214,2.978784,8.66728,7.8789,2.4279,NaN,1796
,M. Perley,9656151,Ryan Stanley,"Eastern Shore Water, St Anns Bank",PER2023767,"ScotiaFundy-6 ",,CTD_PER2023767_767A041_1_UP,NaN,upward,45.992,-59.6092,2023-08-21T16:55:35Z,2023-08-21T16:55:35Z,2023-08-21T17:04:53Z,2023-08-21T17:03:08Z,43.634247,44.0,31.3129,31.3129,4.408,2.978979,8.66671,7.8879,2.3111,NaN,1815
,M. Perley,9656151,Ryan Stanley,"Eastern Shore Water, St Anns Bank",PER2023767,"ScotiaFundy-6 ",,CTD_PER2023767_767A041_1_UP,NaN,upward,45.992,-59.6092,2023-08-21T16:55:35Z,2023-08-21T16:55:35Z,2023-08-21T17:04:53Z,2023-08-21T17:03:11Z,41.651073,42.0,31.3184,31.3184,4.4114,2.97964,8.66617,7.9124,2.3688,NaN,1827
,M. Perley,9656151,Ryan Stanley,"Eastern Shore Water, St Anns Bank",PER2023767,"ScotiaFundy-6 ",,CTD_PER2023767_767A041_1_UP,NaN,upward,45.992,-59.6092,2023-08-21T16:55:35Z,2023-08-21T16:55:35Z,2023-08-21T17:04:53Z,2023-08-21T17:03:16Z,39.66788,40.0,31.306,31.306,4.4262,2.979705,8.66611,7.9306,2.3978,NaN,1846
,M. Perley,9656151,Ryan Stanley,"Eastern Shore Water, St Anns Bank",PER2023767,"ScotiaFundy-6 ",,CTD_PER2023767_767A041_1_UP,NaN,upward,45.992,-59.6092,2023-08-21T16:55:35Z,2023-08-21T16:55:35Z,2023-08-21T17:04:53Z,2023-08-21T17:03:20Z,37.68467,38.0,31.2979,31.2979,4.4668,2.982233,8.66568,7.9372,2.435,NaN,1862
,M. Perley,9656151,Ryan Stanley,"Eastern Shore Water, St Anns Bank",PER2023767,"ScotiaFundy-6 ",,CTD_PER2023767_767A041_1_UP,NaN,upward,45.992,-59.6092,2023-08-21T16:55:35Z,2023-08-21T16:55:35Z,2023-08-21T17:04:53Z,2023-08-21T17:03:23Z,35.70144,36.0,31.2501,31.2501,4.5409,2.984077,8.66839,7.9338,2.584,NaN,1875
,M. Perley,9656151,Ryan Stanley,"Eastern Shore Water, St Anns Bank",PER2023767,"ScotiaFundy-6 ",,CTD_PER2023767_767A041_1_UP,NaN,upward,45.992,-59.6092,2023-08-21T16:55:35Z,2023-08-21T16:55:35Z,2023-08-21T17:04:53Z,2023-08-21T17:03:27Z,33.71819,34.0,31.186,31.186,4.7138,2.992568,8.67138,7.9496,2.5483,NaN,1893
,M. Perley,9656151,Ryan Stanley,"Eastern Shore Water, St Anns Bank",PER2023767,"ScotiaFundy-6 ",,CTD_PER2023767_767A041_1_UP,NaN,upward,45.992,-59.6092,2023-08-21T16:55:35Z,2023-08-21T16:55:35Z,2023-08-21T17:04:53Z,2023-08-21T17:03:31Z,31.73492,32.0,31.1772,31.1772,4.8445,3.002402,8.6459,8.0187,2.759,NaN,1907
,M. Perley,9656151,Ryan Stanley,"Eastern Shore Water, St Anns Bank",PER2023767,"ScotiaFundy-6 ",,CTD_PER2023767_767A041_1_UP,NaN,upward,45.992,-59.6092,2023-08-21T16:55:35Z,2023-08-21T16:55:35Z,2023-08-21T17:04:53Z,2023-08-21T17:03:35Z,29.751633,30.0,31.0888,31.0888,5.1814,3.022132,8.62596,8.0023,3.4066,NaN,1923
,M. Perley,9656151,Ryan Stanley,"Eastern Shore Water, St Anns Bank",PER2023767,"ScotiaFundy-6 ",,CTD_PER2023767_767A041_1_UP,NaN,upward,45.992,-59.6092,2023-08-21T16:55:35Z,2023-08-21T16:55:35Z,2023-08-21T17:04:53Z,2023-08-21T17:03:40Z,27.768326,28.0,30.6855,30.6855,6.0934,3.060757,8.65335,7.8638,4.2833,NaN,1942
,M. Perley,9656151,Ryan Stanley,"Eastern Shore Water, St Anns Bank",PER2023767,"ScotiaFundy-6 ",,CTD_PER2023767_767A041_1_UP,NaN,upward,45.992,-59.6092,2023-08-21T16:55:35Z,2023-08-21T16:55:35Z,2023-08-21T17:04:53Z,2023-08-21T17:03:56Z,23.801653,24.0,30.1573,30.1573,6.4047,3.037823,8.67788,7.9746,7.8014,NaN,2006
,M. Perley,9656151,Ryan Stanley,"Eastern Shore Water, St Anns Bank",PER2023767,"ScotiaFundy-6 ",,CTD_PER2023767_767A041_1_UP,NaN,upward,45.992,-59.6092,2023-08-21T16:55:35Z,2023-08-21T16:55:35Z,2023-08-21T17:04:53Z,2023-08-21T17:04:00Z,21.818287,22.0,30.1374,30.1374,6.8058,3.068339,8.58547,8.0031,9.6496,NaN,2025
,M. Perley,9656151,Ryan Stanley,"Eastern Shore Water, St Anns Bank",PER2023767,"ScotiaFundy-6 ",,CTD_PER2023767_767A041_1_UP,NaN,upward,45.992,-59.6092,2023-08-21T16:55:35Z,2023-08-21T16:55:35Z,2023-08-21T17:04:53Z,2023-08-21T17:04:05Z,19.834904,20.0,30.1055,30.1055,7.2988,3.10518,8.53463,7.9801,11.2622,NaN,2042
,M. Perley,9656151,Ryan Stanley,"Eastern Shore Water, St Anns Bank",PER2023767,"ScotiaFundy-6 ",,CTD_PER2023767_767A041_1_UP,NaN,upward,45.992,-59.6092,2023-08-21T16:55:35Z,2023-08-21T16:55:35Z,2023-08-21T17:04:53Z,2023-08-21T17:04:10Z,17.8515,18.0,29.5049,29.5049,9.8281,3.252866,8.56485,7.5901,10.9105,NaN,2064
,M. Perley,9656151,Ryan Stanley,"Eastern Shore Water, St Anns Bank",PER2023767,"ScotiaFundy-6 ",,CTD_PER2023767_767A041_1_UP,NaN,upward,45.992,-59.6092,2023-08-21T16:55:35Z,2023-08-21T16:55:35Z,2023-08-21T17:04:53Z,2023-08-21T17:04:44Z,7.934192,8.0,28.3805,28.3805,16.4292,3.673297,6.86762,6.7348,8.6207,NaN,2198
,M. Perley,9656151,Ryan Stanley,"Eastern Shore Water, St Anns Bank",PER2023767,"ScotiaFundy-6 ",,CTD_PER2023767_767A041_1_UP,NaN,upward,45.992,-59.6092,2023-08-21T16:55:35Z,2023-08-21T16:55:35Z,2023-08-21T17:04:53Z,2023-08-21T17:04:47Z,5.950673,6.0,28.4386,28.4386,16.9349,3.722135,6.86299,6.6702,8.4717,NaN,2213
,M. Perley,9656151,Ryan Stanley,"Eastern Shore Water, St Anns Bank",PER2023767,"ScotiaFundy-6 ",,CTD_PER2023767_767A041_1_UP,NaN,upward,45.992,-59.6092,2023-08-21T16:55:35Z,2023-08-21T16:55:35Z,2023-08-21T17:04:53Z,2023-08-21T17:04:53Z,3.9671347,4.0,28.2366,28.2366,17.7223,3.763318,6.88719,6.593,7.6765,NaN,2234
,M. Perley,9656151,Ryan Stanley,"Eastern Shore Water, St Anns Bank",PER2023767,"ScotiaFundy-6 ",,CTD_PER2023767_767A042_1_DN,NaN,downward,45.9882,-59.047,2023-08-23T13:58:32Z,2023-08-23T13:58:32Z,2023-08-23T14:07:53Z,2023-08-23T14:00:24Z,1.9835777,2.0,28.7114,28.7114,18.9979,3.928086,6.76198,6.2878,3.609,NaN,449
,M. Perley,9656151,Ryan Stanley,"Eastern Shore Water, St Anns Bank",PER2023767,"ScotiaFundy-6 ",,CTD_PER2023767_767A042_1_DN,NaN,downward,45.9882,-59.047,2023-08-23T13:58:32Z,2023-08-23T13:58:32Z,2023-08-23T14:07:53Z,2023-08-23T14:00:27Z,3.9671361,4.0,28.7124,28.7124,19.0018,3.928621,6.76258,6.3052,4.4467,NaN,463
,M. Perley,9656151,Ryan Stanley,"Eastern Shore Water, St Anns Bank",PER2023767,"ScotiaFundy-6 ",,CTD_PER2023767_767A042_1_DN,NaN,downward,45.9882,-59.047,2023-08-23T13:58:32Z,2023-08-23T13:58:32Z,2023-08-23T14:07:53Z,2023-08-23T14:00:40Z,7.934195,8.0,28.7127,28.7127,18.9981,3.928513,6.78373,6.3078,6.2525,NaN,516
,M. Perley,9656151,Ryan Stanley,"Eastern Shore Water, St Anns Bank",PER2023767,"ScotiaFundy-6 ",,CTD_PER2023767_767A042_1_DN,NaN,downward,45.9882,-59.047,2023-08-23T13:58:32Z,2023-08-23T13:58:32Z,2023-08-23T14:07:53Z,2023-08-23T14:00:44Z,9.917696,10.0,28.7125,28.7125,18.9913,3.927961,6.78406,6.3038,7.1345,NaN,530
,M. Perley,9656151,Ryan Stanley,"Eastern Shore Water, St Anns Bank",PER2023767,"ScotiaFundy-6 ",,CTD_PER2023767_767A042_1_DN,NaN,downward,45.9882,-59.047,2023-08-23T13:58:32Z,2023-08-23T13:58:32Z,2023-08-23T14:07:53Z,2023-08-23T14:00:47Z,11.901177,12.0,28.7146,28.7146,18.9786,3.927216,6.7845,6.1826,7.3137,NaN,543
,M. Perley,9656151,Ryan Stanley,"Eastern Shore Water, St Anns Bank",PER2023767,"ScotiaFundy-6 ",,CTD_PER2023767_767A042_1_DN,NaN,downward,45.9882,-59.047,2023-08-23T13:58:32Z,2023-08-23T13:58:32Z,2023-08-23T14:07:53Z,2023-08-23T14:00:52Z,13.884639,14.0,28.909,28.909,17.4843,3.823707,6.78056,6.493,10.7456,NaN,562
,M. Perley,9656151,Ryan Stanley,"Eastern Shore Water, St Anns Bank",PER2023767,"ScotiaFundy-6 ",,CTD_PER2023767_767A042_1_DN,NaN,downward,45.9882,-59.047,2023-08-23T13:58:32Z,2023-08-23T13:58:32Z,2023-08-23T14:07:53Z,2023-08-23T14:00:56Z,15.868082,16.0,29.3006,29.3006,15.1689,3.674041,6.77049,6.9147,13.3642,NaN,578
,M. Perley,9656151,Ryan Stanley,"Eastern Shore Water, St Anns Bank",PER2023767,"ScotiaFundy-6 ",,CTD_PER2023767_767A042_1_DN,NaN,downward,45.9882,-59.047,2023-08-23T13:58:32Z,2023-08-23T13:58:32Z,2023-08-23T14:07:53Z,2023-08-23T14:00:59Z,17.851505,18.0,29.8132,29.8132,11.2338,3.399194,7.57098,7.5787,14.752,NaN,592
,M. Perley,9656151,Ryan Stanley,"Eastern Shore Water, St Anns Bank",PER2023767,"ScotiaFundy-6 ",,CTD_PER2023767_767A042_1_DN,NaN,downward,45.9882,-59.047,2023-08-23T13:58:32Z,2023-08-23T13:58:32Z,2023-08-23T14:07:53Z,2023-08-23T14:01:04Z,19.83491,20.0,30.2053,30.2053,10.6453,3.390547,7.6743,7.6123,14.0907,NaN,610
,M. Perley,9656151,Ryan Stanley,"Eastern Shore Water, St Anns Bank",PER2023767,"ScotiaFundy-6 ",,CTD_PER2023767_767A042_1_DN,NaN,downward,45.9882,-59.047,2023-08-23T13:58:32Z,2023-08-23T13:58:32Z,2023-08-23T14:07:53Z,2023-08-23T14:01:07Z,21.818295,22.0,31.1878,31.1878,9.0452,3.354076,7.64846,7.7734,13.0302,NaN,622
,M. Perley,9656151,Ryan Stanley,"Eastern Shore Water, St Anns Bank",PER2023767,"ScotiaFundy-6 ",,CTD_PER2023767_767A042_1_DN,NaN,downward,45.9882,-59.047,2023-08-23T13:58:32Z,2023-08-23T13:58:32Z,2023-08-23T14:07:53Z,2023-08-23T14:01:12Z,23.80166,24.0,31.0804,31.0804,8.0196,3.256235,7.65982,7.7451,7.4735,NaN,641
,M. Perley,9656151,Ryan Stanley,"Eastern Shore Water, St Anns Bank",PER2023767,"ScotiaFundy-6 ",,CTD_PER2023767_767A042_1_DN,NaN,downward,45.9882,-59.047,2023-08-23T13:58:32Z,2023-08-23T13:58:32Z,2023-08-23T14:07:53Z,2023-08-23T14:01:16Z,25.785007,26.0,31.4871,31.4871,6.9703,3.20617,7.64467,7.7659,6.6334,NaN,657
,M. Perley,9656151,Ryan Stanley,"Eastern Shore Water, St Anns Bank",PER2023767,"ScotiaFundy-6 ",,CTD_PER2023767_767A042_1_DN,NaN,downward,45.9882,-59.047,2023-08-23T13:58:32Z,2023-08-23T13:58:32Z,2023-08-23T14:07:53Z,2023-08-23T14:01:19Z,27.768335,28.0,31.3702,31.3702,5.5029,3.073159,7.65038,7.9493,4.5372,NaN,672
,M. Perley,9656151,Ryan Stanley,"Eastern Shore Water, St Anns Bank",PER2023767,"ScotiaFundy-6 ",,CTD_PER2023767_767A042_1_DN,NaN,downward,45.9882,-59.047,2023-08-23T13:58:32Z,2023-08-23T13:58:32Z,2023-08-23T14:07:53Z,2023-08-23T14:01:24Z,29.751642,30.0,31.6707,31.6707,5.3876,3.090405,7.63962,7.9683,4.7353,NaN,690
,M. Perley,9656151,Ryan Stanley,"Eastern Shore Water, St Anns Bank",PER2023767,"ScotiaFundy-6 ",,CTD_PER2023767_767A042_1_DN,NaN,downward,45.9882,-59.047,2023-08-23T13:58:32Z,2023-08-23T13:58:32Z,2023-08-23T14:07:53Z,2023-08-23T14:01:27Z,31.734932,32.0,31.6574,31.6574,4.3205,3.000626,7.63859,8.1739,4.3863,NaN,704
,M. Perley,9656151,Ryan Stanley,"Eastern Shore Water, St Anns Bank",PER2023767,"ScotiaFundy-6 ",,CTD_PER2023767_767A042_1_DN,NaN,downward,45.9882,-59.047,2023-08-23T13:58:32Z,2023-08-23T13:58:32Z,2023-08-23T14:07:53Z,2023-08-23T14:01:32Z,33.7182,34.0,31.7292,31.7292,4.3016,3.005542,9.09129,8.1333,4.2379,NaN,722
,M. Perley,9656151,Ryan Stanley,"Eastern Shore Water, St Anns Bank",PER2023767,"ScotiaFundy-6 ",,CTD_PER2023767_767A042_1_DN,NaN,downward,45.9882,-59.047,2023-08-23T13:58:32Z,2023-08-23T13:58:32Z,2023-08-23T14:07:53Z,2023-08-23T14:01:41Z,37.68468,38.0,31.9343,31.9343,3.3647,2.945833,9.261,8.231,3.5863,NaN,759
,M. Perley,9656151,Ryan Stanley,"Eastern Shore Water, St Anns Bank",PER2023767,"ScotiaFundy-6 ",,CTD_PER2023767_767A042_1_DN,NaN,downward,45.9882,-59.047,2023-08-23T13:58:32Z,2023-08-23T13:58:32Z,2023-08-23T14:07:53Z,2023-08-23T14:01:46Z,39.667896,40.0,32.057,32.057,3.0188,2.927632,9.25783,8.2707,3.1462,NaN,778
,M. Perley,9656151,Ryan Stanley,"Eastern Shore Water, St Anns Bank",PER2023767,"ScotiaFundy-6 ",,CTD_PER2023767_767A042_1_DN,NaN,downward,45.9882,-59.047,2023-08-23T13:58:32Z,2023-08-23T13:58:32Z,2023-08-23T14:07:53Z,2023-08-23T14:01:50Z,41.65109,42.0,31.9727,31.9727,2.9348,2.913845,9.2603,8.2846,2.9828,NaN,797
,M. Perley,9656151,Ryan Stanley,"Eastern Shore Water, St Anns Bank",PER2023767,"ScotiaFundy-6 ",,CTD_PER2023767_767A042_1_DN,NaN,downward,45.9882,-59.047,2023-08-23T13:58:32Z,2023-08-23T13:58:32Z,2023-08-23T14:07:53Z,2023-08-23T14:01:59Z,45.617416,46.0,31.9804,31.9804,2.7141,2.896558,9.28359,8.2939,3.0123,NaN,831
,M. Perley,9656151,Ryan Stanley,"Eastern Shore Water, St Anns Bank",PER2023767,"ScotiaFundy-6 ",,CTD_PER2023767_767A042_1_DN,NaN,downward,45.9882,-59.047,2023-08-23T13:58:32Z,2023-08-23T13:58:32Z,2023-08-23T14:07:53Z,2023-08-23T14:02:04Z,47.600548,48.0,31.9261,31.9261,2.6351,2.88575,9.29643,8.2723,2.4639,NaN,853
,M. Perley,9656151,Ryan Stanley,"Eastern Shore Water, St Anns Bank",PER2023767,"ScotiaFundy-6 ",,CTD_PER2023767_767A042_1_DN,NaN,downward,45.9882,-59.047,2023-08-23T13:58:32Z,2023-08-23T13:58:32Z,2023-08-23T14:07:53Z,2023-08-23T14:02:08Z,49.583664,50.0,32.0391,32.0391,2.223,2.86139,9.28547,8.3556,2.6702,NaN,869
,M. Perley,9656151,Ryan Stanley,"Eastern Shore Water, St Anns Bank",PER2023767,"ScotiaFundy-6 ",,CTD_PER2023767_767A042_1_DN,NaN,downward,45.9882,-59.047,2023-08-23T13:58:32Z,2023-08-23T13:58:32Z,2023-08-23T14:07:53Z,2023-08-23T14:02:13Z,51.56676,52.0,32.0529,32.0529,2.2298,2.863142,9.28756,8.252,2.1962,NaN,888
,M. Perley,9656151,Ryan Stanley,"Eastern Shore Water, St Anns Bank",PER2023767,"ScotiaFundy-6 ",,CTD_PER2023767_767A042_1_DN,NaN,downward,45.9882,-59.047,2023-08-23T13:58:32Z,2023-08-23T13:58:32Z,2023-08-23T14:07:53Z,2023-08-23T14:02:21Z,55.532898,56.0,32.1306,32.1306,2.0403,2.854101,9.28497,8.2645,1.8939,NaN,918
,M. Perley,9656151,Ryan Stanley,"Eastern Shore Water, St Anns Bank",PER2023767,"ScotiaFundy-6 ",,CTD_PER2023767_767A042_1_DN,NaN,downward,45.9882,-59.047,2023-08-23T13:58:32Z,2023-08-23T13:58:32Z,2023-08-23T14:07:53Z,2023-08-23T14:02:26Z,57.515934,58.0,32.0953,32.0953,2.049,2.852068,9.27197,8.2601,1.7958,NaN,941
,M. Perley,9656151,Ryan Stanley,"Eastern Shore Water, St Anns Bank",PER2023767,"ScotiaFundy-6 ",,CTD_PER2023767_767A042_1_DN,NaN,downward,45.9882,-59.047,2023-08-23T13:58:32Z,2023-08-23T13:58:32Z,2023-08-23T14:07:53Z,2023-08-23T14:02:32Z,59.498955,60.0,32.1,32.1,2.0118,2.849507,9.21471,8.2213,1.7777,NaN,961
,M. Perley,9656151,Ryan Stanley,"Eastern Shore Water, St Anns Bank",PER2023767,"ScotiaFundy-6 ",,CTD_PER2023767_767A042_1_DN,NaN,downward,45.9882,-59.047,2023-08-23T13:58:32Z,2023-08-23T13:58:32Z,2023-08-23T14:07:53Z,2023-08-23T14:02:36Z,61.481956,62.0,32.1431,32.1431,1.8458,2.839513,9.18029,8.1999,1.5179,NaN,978
,M. Perley,9656151,Ryan Stanley,"Eastern Shore Water, St Anns Bank",PER2023767,"ScotiaFundy-6 ",,CTD_PER2023767_767A042_1_DN,NaN,downward,45.9882,-59.047,2023-08-23T13:58:32Z,2023-08-23T13:58:32Z,2023-08-23T14:07:53Z,2023-08-23T14:02:44Z,65.4479,66.0,32.236,32.236,1.7619,2.840248,9.17683,8.164,1.5501,NaN,1011
,M. Perley,9656151,Ryan Stanley,"Eastern Shore Water, St Anns Bank",PER2023767,"ScotiaFundy-6 ",,CTD_PER2023767_767A042_1_DN,NaN,downward,45.9882,-59.047,2023-08-23T13:58:32Z,2023-08-23T13:58:32Z,2023-08-23T14:07:53Z,2023-08-23T14:02:50Z,67.43084,68.0,32.226,32.226,1.7703,2.84025,9.17815,8.129,1.5811,NaN,1033
,M. Perley,9656151,Ryan Stanley,"Eastern Shore Water, St Anns Bank",PER2023767,"ScotiaFundy-6 ",,CTD_PER2023767_767A042_1_DN,NaN,downward,45.9882,-59.047,2023-08-23T13:58:32Z,2023-08-23T13:58:32Z,2023-08-23T14:07:53Z,2023-08-23T14:03:03Z,73.379555,74.0,32.3047,32.3047,1.7718,2.846907,8.98742,8.1458,1.4955,NaN,1089
,M. Perley,9656151,Ryan Stanley,"Eastern Shore Water, St Anns Bank",PER2023767,"ScotiaFundy-6 ",,CTD_PER2023767_767A042_1_DN,NaN,downward,45.9882,-59.047,2023-08-23T13:58:32Z,2023-08-23T13:58:32Z,2023-08-23T14:07:53Z,2023-08-23T14:03:11Z,75.36242,76.0,32.3465,32.3465,1.7404,2.847775,8.98562,8.1388,1.563,NaN,1117
,M. Perley,9656151,Ryan Stanley,"Eastern Shore Water, St Anns Bank",PER2023767,"ScotiaFundy-6 ",,CTD_PER2023767_767A042_1_DN,NaN,downward,45.9882,-59.047,2023-08-23T13:58:32Z,2023-08-23T13:58:32Z,2023-08-23T14:07:53Z,2023-08-23T14:03:16Z,77.34526,78.0,32.3685,32.3685,1.732,2.848927,8.98474,8.1062,1.4603,NaN,1139
,M. Perley,9656151,Ryan Stanley,"Eastern Shore Water, St Anns Bank",PER2023767,"ScotiaFundy-6 ",,CTD_PER2023767_767A042_1_DN,NaN,downward,45.9882,-59.047,2023-08-23T13:58:32Z,2023-08-23T13:58:32Z,2023-08-23T14:07:53Z,2023-08-23T14:03:21Z,79.328094,80.0,32.3834,32.3834,1.7418,2.851007,8.98431,8.0432,1.4327,NaN,1158
,M. Perley,9656151,Ryan Stanley,"Eastern Shore Water, St Anns Bank",PER2023767,"ScotiaFundy-6 ",,CTD_PER2023767_767A042_1_DN,NaN,downward,45.9882,-59.047,2023-08-23T13:58:32Z,2023-08-23T13:58:32Z,2023-08-23T14:07:53Z,2023-08-23T14:03:29Z,83.293686,84.0,32.4079,32.4079,1.753,2.854025,8.9147,7.9577,1.4935,NaN,1189
,M. Perley,9656151,Ryan Stanley,"Eastern Shore Water, St Anns Bank",PER2023767,"ScotiaFundy-6 ",,CTD_PER2023767_767A042_1_DN,NaN,downward,45.9882,-59.047,2023-08-23T13:58:32Z,2023-08-23T13:58:32Z,2023-08-23T14:07:53Z,2023-08-23T14:03:39Z,87.25921,88.0,32.4743,32.4743,1.8078,2.864018,8.87707,7.7217,1.395,NaN,1232
,M. Perley,9656151,Ryan Stanley,"Eastern Shore Water, St Anns Bank",PER2023767,"ScotiaFundy-6 ",,CTD_PER2023767_767A042_1_DN,NaN,downward,45.9882,-59.047,2023-08-23T13:58:32Z,2023-08-23T13:58:32Z,2023-08-23T14:07:53Z,2023-08-23T14:03:45Z,89.241936,90.0,32.5021,32.5021,1.8356,2.868639,8.87602,7.705,1.3987,NaN,1255
,M. Perley,9656151,Ryan Stanley,"Eastern Shore Water, St Anns Bank",PER2023767,"ScotiaFundy-6 ",,CTD_PER2023767_767A042_1_DN,NaN,downward,45.9882,-59.047,2023-08-23T13:58:32Z,2023-08-23T13:58:32Z,2023-08-23T14:07:53Z,2023-08-23T14:03:50Z,91.22465,92.0,32.5188,32.5188,1.8285,2.869473,8.8759,7.6765,1.5929,NaN,1276
,M. Perley,9656151,Ryan Stanley,"Eastern Shore Water, St Anns Bank",PER2023767,"ScotiaFundy-6 ",,CTD_PER2023767_767A042_1_DN,NaN,downward,45.9882,-59.047,2023-08-23T13:58:32Z,2023-08-23T13:58:32Z,2023-08-23T14:07:53Z,2023-08-23T14:04:08Z,97.17267,98.0,32.6017,32.6017,1.9208,2.884024,8.4369,7.4536,1.3466,NaN,1348
,M. Perley,9656151,Ryan Stanley,"Eastern Shore Water, St Anns Bank",PER2023767,"ScotiaFundy-6 ",,CTD_PER2023767_767A042_1_DN,NaN,downward,45.9882,-59.047,2023-08-23T13:58:32Z,2023-08-23T13:58:32Z,2023-08-23T14:07:53Z,2023-08-23T14:04:10Z,99.155304,100.0,32.6334,32.6334,1.9673,2.890477,8.43533,7.3912,1.4417,NaN,1356
,M. Perley,9656151,Ryan Stanley,"Eastern Shore Water, St Anns Bank",PER2023767,"ScotiaFundy-6 ",,CTD_PER2023767_767A042_1_DN,NaN,downward,45.9882,-59.047,2023-08-23T13:58:32Z,2023-08-23T13:58:32Z,2023-08-23T14:07:53Z,2023-08-23T14:04:16Z,101.137924,102.0,32.6428,32.6428,1.9954,2.893621,8.4353,7.3512,1.3765,NaN,1380
,M. Perley,9656151,Ryan Stanley,"Eastern Shore Water, St Anns Bank",PER2023767,"ScotiaFundy-6 ",,CTD_PER2023767_767A042_1_DN,NaN,downward,45.9882,-59.047,2023-08-23T13:58:32Z,2023-08-23T13:58:32Z,2023-08-23T14:07:53Z,2023-08-23T14:04:21Z,103.12052,104.0,32.6542,32.6542,2.0238,2.896986,8.43536,7.3406,1.3699,NaN,1400
,M. Perley,9656151,Ryan Stanley,"Eastern Shore Water, St Anns Bank",PER2023767,"ScotiaFundy-6 ",,CTD_PER2023767_767A042_1_DN,NaN,downward,45.9882,-59.047,2023-08-23T13:58:32Z,2023-08-23T13:58:32Z,2023-08-23T14:07:53Z,2023-08-23T14:04:26Z,105.103096,106.0,32.6637,32.6637,2.0411,2.899263,8.43557,7.3036,1.3842,NaN,1418
,M. Perley,9656151,Ryan Stanley,"Eastern Shore Water, St Anns Bank",PER2023767,"ScotiaFundy-6 ",,CTD_PER2023767_767A042_1_DN,NaN,downward,45.9882,-59.047,2023-08-23T13:58:32Z,2023-08-23T13:58:32Z,2023-08-23T14:07:53Z,2023-08-23T14:04:31Z,107.085655,108.0,32.6824,32.6824,2.0651,2.902843,7.93569,7.2238,1.3981,NaN,1437
,M. Perley,9656151,Ryan Stanley,"Eastern Shore Water, St Anns Bank",PER2023767,"ScotiaFundy-6 ",,CTD_PER2023767_767A042_1_DN,NaN,downward,45.9882,-59.047,2023-08-23T13:58:32Z,2023-08-23T13:58:32Z,2023-08-23T14:07:53Z,2023-08-23T14:04:35Z,109.06819,110.0,32.6713,32.6713,2.0773,2.903055,8.08631,7.2138,1.3766,NaN,1455
,M. Perley,9656151,Ryan Stanley,"Eastern Shore Water, St Anns Bank",PER2023767,"ScotiaFundy-6 ",,CTD_PER2023767_767A042_1_DN,NaN,downward,45.9882,-59.047,2023-08-23T13:58:32Z,2023-08-23T13:58:32Z,2023-08-23T14:07:53Z,2023-08-23T14:04:39Z,111.05071,112.0,32.7232,32.7232,2.1131,2.910289,8.0816,7.2519,1.4451,NaN,1471
,M. Perley,9656151,Ryan Stanley,"Eastern Shore Water, St Anns Bank",PER2023767,"ScotiaFundy-6 ",,CTD_PER2023767_767A042_1_DN,NaN,downward,45.9882,-59.047,2023-08-23T13:58:32Z,2023-08-23T13:58:32Z,2023-08-23T14:07:53Z,2023-08-23T14:04:44Z,113.03321,114.0,32.7024,32.7024,2.1006,2.907658,8.08554,7.2101,1.4149,NaN,1490
,M. Perley,9656151,Ryan Stanley,"Eastern Shore Water, St Anns Bank",PER2023767,"ScotiaFundy-6 ",,CTD_PER2023767_767A042_1_DN,NaN,downward,45.9882,-59.047,2023-08-23T13:58:32Z,2023-08-23T13:58:32Z,2023-08-23T14:07:53Z,2023-08-23T14:07:53Z,116.99816,118.0,32.8071,32.8071,2.3452,2.936619,7.69011,7.0328,1.4931,NaN,2246
,M. Perley,9656151,Ryan Stanley,"Eastern Shore Water, St Anns Bank",PER2023767,"ScotiaFundy-6 ",,CTD_PER2023767_767A042_1_UP,NaN,upward,45.9882,-59.047,2023-08-23T13:58:32Z,2023-08-23T13:58:32Z,2023-08-23T14:11:19Z,2023-08-23T14:07:54Z,115.01569,116.0,32.8043,32.8043,2.3384,2.935757,7.68972,7.0491,1.4569,NaN,2253
,M. Perley,9656151,Ryan Stanley,"Eastern Shore Water, St Anns Bank",PER2023767,"ScotiaFundy-6 ",,CTD_PER2023767_767A042_1_UP,NaN,upward,45.9882,-59.047,2023-08-23T13:58:32Z,2023-08-23T13:58:32Z,2023-08-23T14:11:19Z,2023-08-23T14:07:58Z,113.03321,114.0,32.7928,32.7928,2.2915,2.930833,7.7531,7.1549,1.4747,NaN,2268
,M. Perley,9656151,Ryan Stanley,"Eastern Shore Water, St Anns Bank",PER2023767,"ScotiaFundy-6 ",,CTD_PER2023767_767A042_1_UP,NaN,upward,45.9882,-59.047,2023-08-23T13:58:32Z,2023-08-23T13:58:32Z,2023-08-23T14:11:19Z,2023-08-23T14:08:02Z,111.05071,112.0,32.8131,32.8131,2.2382,2.92794,7.7647,7.1597,1.5744,NaN,2283
,M. Perley,9656151,Ryan Stanley,"Eastern Shore Water, St Anns Bank",PER2023767,"ScotiaFundy-6 ",,CTD_PER2023767_767A042_1_UP,NaN,upward,45.9882,-59.047,2023-08-23T13:58:32Z,2023-08-23T13:58:32Z,2023-08-23T14:11:19Z,2023-08-23T14:08:06Z,109.06819,110.0,32.7942,32.7942,2.2165,2.924518,7.76625,7.2012,1.486,NaN,2301
,M. Perley,9656151,Ryan Stanley,"Eastern Shore Water, St Anns Bank",PER2023767,"ScotiaFundy-6 ",,CTD_PER2023767_767A042_1_UP,NaN,upward,45.9882,-59.047,2023-08-23T13:58:32Z,2023-08-23T13:58:32Z,2023-08-23T14:11:19Z,2023-08-23T14:08:09Z,107.085655,108.0,32.7379,32.7379,2.231,2.921092,7.76761,7.2238,1.4164,NaN,2312
,M. Perley,9656151,Ryan Stanley,"Eastern Shore Water, St Anns Bank",PER2023767,"ScotiaFundy-6 ",,CTD_PER2023767_767A042_1_UP,NaN,upward,45.9882,-59.047,2023-08-23T13:58:32Z,2023-08-23T13:58:32Z,2023-08-23T14:11:19Z,2023-08-23T14:08:15Z,105.103096,106.0,32.7541,32.7541,2.156,2.916077,7.76729,7.2898,1.4937,NaN,2333
,M. Perley,9656151,Ryan Stanley,"Eastern Shore Water, St Anns Bank",PER2023767,"ScotiaFundy-6 ",,CTD_PER2023767_767A042_1_UP,NaN,upward,45.9882,-59.047,2023-08-23T13:58:32Z,2023-08-23T13:58:32Z,2023-08-23T14:11:19Z,2023-08-23T14:08:18Z,103.12052,104.0,32.7581,32.7581,2.1425,2.915187,7.76696,7.3011,1.6042,NaN,2347
,M. Perley,9656151,Ryan Stanley,"Eastern Shore Water, St Anns Bank",PER2023767,"ScotiaFundy-6 ",,CTD_PER2023767_767A042_1_UP,NaN,upward,45.9882,-59.047,2023-08-23T13:58:32Z,2023-08-23T13:58:32Z,2023-08-23T14:11:19Z,2023-08-23T14:08:22Z,101.137924,102.0,32.7711,32.7711,2.1191,2.914199,7.7652,7.3327,1.497,NaN,2364
,M. Perley,9656151,Ryan Stanley,"Eastern Shore Water, St Anns Bank",PER2023767,"ScotiaFundy-6 ",,CTD_PER2023767_767A042_1_UP,NaN,upward,45.9882,-59.047,2023-08-23T13:58:32Z,2023-08-23T13:58:32Z,2023-08-23T14:11:19Z,2023-08-23T14:08:26Z,99.155304,100.0,32.7336,32.7336,2.1124,2.910537,7.7671,7.384,1.6128,NaN,2380
,M. Perley,9656151,Ryan Stanley,"Eastern Shore Water, St Anns Bank",PER2023767,"ScotiaFundy-6 ",,CTD_PER2023767_767A042_1_UP,NaN,upward,45.9882,-59.047,2023-08-23T13:58:32Z,2023-08-23T13:58:32Z,2023-08-23T14:11:19Z,2023-08-23T14:08:30Z,97.17267,98.0,32.7309,32.7309,2.059,2.905801,8.02166,7.4657,1.5491,NaN,2396
,M. Perley,9656151,Ryan Stanley,"Eastern Shore Water, St Anns Bank",PER2023767,"ScotiaFundy-6 ",,CTD_PER2023767_767A042_1_UP,NaN,upward,45.9882,-59.047,2023-08-23T13:58:32Z,2023-08-23T13:58:32Z,2023-08-23T14:11:19Z,2023-08-23T14:08:34Z,95.19002,96.0,32.6924,32.6924,2.0553,2.902309,8.07354,7.489,1.5346,NaN,2409
,M. Perley,9656151,Ryan Stanley,"Eastern Shore Water, St Anns Bank",PER2023767,"ScotiaFundy-6 ",,CTD_PER2023767_767A042_1_UP,NaN,upward,45.9882,-59.047,2023-08-23T13:58:32Z,2023-08-23T13:58:32Z,2023-08-23T14:11:19Z,2023-08-23T14:08:38Z,93.207344,94.0,32.6441,32.6441,1.971,2.891364,8.07431,7.5867,1.5479,NaN,2425
,M. Perley,9656151,Ryan Stanley,"Eastern Shore Water, St Anns Bank",PER2023767,"ScotiaFundy-6 ",,CTD_PER2023767_767A042_1_UP,NaN,upward,45.9882,-59.047,2023-08-23T13:58:32Z,2023-08-23T13:58:32Z,2023-08-23T14:11:19Z,2023-08-23T14:08:41Z,91.22465,92.0,32.6383,32.6383,1.9076,2.885566,8.07352,7.6538,1.5492,NaN,2439
,M. Perley,9656151,Ryan Stanley,"Eastern Shore Water, St Anns Bank",PER2023767,"ScotiaFundy-6 ",,CTD_PER2023767_767A042_1_UP,NaN,upward,45.9882,-59.047,2023-08-23T13:58:32Z,2023-08-23T13:58:32Z,2023-08-23T14:11:19Z,2023-08-23T14:08:44Z,89.241936,90.0,32.6651,32.6651,1.8895,2.886126,8.07097,7.6666,1.5704,NaN,2453
,M. Perley,9656151,Ryan Stanley,"Eastern Shore Water, St Anns Bank",PER2023767,"ScotiaFundy-6 ",,CTD_PER2023767_767A042_1_UP,NaN,upward,45.9882,-59.047,2023-08-23T13:58:32Z,2023-08-23T13:58:32Z,2023-08-23T14:11:19Z,2023-08-23T14:08:49Z,87.25921,88.0,32.5933,32.5933,1.9001,2.88117,8.0753,7.743,1.5687,NaN,2470
,M. Perley,9656151,Ryan Stanley,"Eastern Shore Water, St Anns Bank",PER2023767,"ScotiaFundy-6 ",,CTD_PER2023767_767A042_1_UP,NaN,upward,45.9882,-59.047,2023-08-23T13:58:32Z,2023-08-23T13:58:32Z,2023-08-23T14:11:19Z,2023-08-23T14:08:52Z,85.27646,86.0,32.5734,32.5734,1.8938,2.878965,8.07532,7.7772,1.5913,NaN,2482
,M. Perley,9656151,Ryan Stanley,"Eastern Shore Water, St Anns Bank",PER2023767,"ScotiaFundy-6 ",,CTD_PER2023767_767A042_1_UP,NaN,upward,45.9882,-59.047,2023-08-23T13:58:32Z,2023-08-23T13:58:32Z,2023-08-23T14:11:19Z,2023-08-23T14:08:56Z,83.293686,84.0,32.5328,32.5328,1.8432,2.871455,8.07763,7.9574,1.6101,NaN,2499
,M. Perley,9656151,Ryan Stanley,"Eastern Shore Water, St Anns Bank",PER2023767,"ScotiaFundy-6 ",,CTD_PER2023767_767A042_1_UP,NaN,upward,45.9882,-59.047,2023-08-23T13:58:32Z,2023-08-23T13:58:32Z,2023-08-23T14:11:19Z,2023-08-23T14:08:59Z,81.3109,82.0,32.5131,32.5131,1.8016,2.866367,8.46194,7.9734,1.6962,NaN,2511
,M. Perley,9656151,Ryan Stanley,"Eastern Shore Water, St Anns Bank",PER2023767,"ScotiaFundy-6 ",,CTD_PER2023767_767A042_1_UP,NaN,upward,45.9882,-59.047,2023-08-23T13:58:32Z,2023-08-23T13:58:32Z,2023-08-23T14:11:19Z,2023-08-23T14:09:03Z,79.328094,80.0,32.4878,32.4878,1.784,2.862811,8.60707,8.0597,1.6127,NaN,2527
,M. Perley,9656151,Ryan Stanley,"Eastern Shore Water, St Anns Bank",PER2023767,"ScotiaFundy-6 ",,CTD_PER2023767_767A042_1_UP,NaN,upward,45.9882,-59.047,2023-08-23T13:58:32Z,2023-08-23T13:58:32Z,2023-08-23T14:11:19Z,2023-08-23T14:09:06Z,77.34526,78.0,32.4293,32.4293,1.7858,2.858201,8.63443,8.0761,1.6219,NaN,2538
,M. Perley,9656151,Ryan Stanley,"Eastern Shore Water, St Anns Bank",PER2023767,"ScotiaFundy-6 ",,CTD_PER2023767_767A042_1_UP,NaN,upward,45.9882,-59.047,2023-08-23T13:58:32Z,2023-08-23T13:58:32Z,2023-08-23T14:11:19Z,2023-08-23T14:09:10Z,75.36242,76.0,32.4103,32.4103,1.7462,2.853341,8.63508,8.1124,1.6357,NaN,2553
,M. Perley,9656151,Ryan Stanley,"Eastern Shore Water, St Anns Bank",PER2023767,"ScotiaFundy-6 ",,CTD_PER2023767_767A042_1_UP,NaN,upward,45.9882,-59.047,2023-08-23T13:58:32Z,2023-08-23T13:58:32Z,2023-08-23T14:11:19Z,2023-08-23T14:09:13Z,73.379555,74.0,32.3873,32.3873,1.7382,2.850764,8.63626,8.114,1.6915,NaN,2568
,M. Perley,9656151,Ryan Stanley,"Eastern Shore Water, St Anns Bank",PER2023767,"ScotiaFundy-6 ",,CTD_PER2023767_767A042_1_UP,NaN,upward,45.9882,-59.047,2023-08-23T13:58:32Z,2023-08-23T13:58:32Z,2023-08-23T14:11:19Z,2023-08-23T14:09:17Z,71.39667,72.0,32.3847,32.3847,1.7374,2.850397,8.63562,8.1066,1.6601,NaN,2583
,M. Perley,9656151,Ryan Stanley,"Eastern Shore Water, St Anns Bank",PER2023767,"ScotiaFundy-6 ",,CTD_PER2023767_767A042_1_UP,NaN,upward,45.9882,-59.047,2023-08-23T13:58:32Z,2023-08-23T13:58:32Z,2023-08-23T14:11:19Z,2023-08-23T14:09:21Z,69.413765,70.0,32.3734,32.3734,1.7405,2.849671,8.63547,8.1198,1.7172,NaN,2598
,M. Perley,9656151,Ryan Stanley,"Eastern Shore Water, St Anns Bank",PER2023767,"ScotiaFundy-6 ",,CTD_PER2023767_767A042_1_UP,NaN,upward,45.9882,-59.047,2023-08-23T13:58:32Z,2023-08-23T13:58:32Z,2023-08-23T14:11:19Z,2023-08-23T14:09:24Z,67.43084,68.0,32.3303,32.3303,1.7423,2.846288,8.6377,8.1528,1.8611,NaN,2613
,M. Perley,9656151,Ryan Stanley,"Eastern Shore Water, St Anns Bank",PER2023767,"ScotiaFundy-6 ",,CTD_PER2023767_767A042_1_UP,NaN,upward,45.9882,-59.047,2023-08-23T13:58:32Z,2023-08-23T13:58:32Z,2023-08-23T14:11:19Z,2023-08-23T14:09:28Z,65.4479,66.0,32.3152,32.3152,1.7313,2.844099,8.72562,8.1817,1.7551,NaN,2626
,M. Perley,9656151,Ryan Stanley,"Eastern Shore Water, St Anns Bank",PER2023767,"ScotiaFundy-6 ",,CTD_PER2023767_767A042_1_UP,NaN,upward,45.9882,-59.047,2023-08-23T13:58:32Z,2023-08-23T13:58:32Z,2023-08-23T14:11:19Z,2023-08-23T14:09:31Z,63.464935,64.0,32.2653,32.2653,1.7307,2.839978,8.93274,8.2501,1.8411,NaN,2639
,M. Perley,9656151,Ryan Stanley,"Eastern Shore Water, St Anns Bank",PER2023767,"ScotiaFundy-6 ",,CTD_PER2023767_767A042_1_UP,NaN,upward,45.9882,-59.047,2023-08-23T13:58:32Z,2023-08-23T13:58:32Z,2023-08-23T14:11:19Z,2023-08-23T14:09:34Z,61.481956,62.0,32.2524,32.2524,1.7419,2.839775,8.92497,8.2598,1.7668,NaN,2651
,M. Perley,9656151,Ryan Stanley,"Eastern Shore Water, St Anns Bank",PER2023767,"ScotiaFundy-6 ",,CTD_PER2023767_767A042_1_UP,NaN,upward,45.9882,-59.047,2023-08-23T13:58:32Z,2023-08-23T13:58:32Z,2023-08-23T14:11:19Z,2023-08-23T14:09:38Z,59.498955,60.0,32.1834,32.1834,1.7574,2.835447,8.92887,8.3045,1.8797,NaN,2667
,M. Perley,9656151,Ryan Stanley,"Eastern Shore Water, St Anns Bank",PER2023767,"ScotiaFundy-6 ",,CTD_PER2023767_767A042_1_UP,NaN,upward,45.9882,-59.047,2023-08-23T13:58:32Z,2023-08-23T13:58:32Z,2023-08-23T14:11:19Z,2023-08-23T14:09:41Z,57.515934,58.0,32.1419,32.1419,1.7782,2.833743,8.93078,8.3266,2.2328,NaN,2679
,M. Perley,9656151,Ryan Stanley,"Eastern Shore Water, St Anns Bank",PER2023767,"ScotiaFundy-6 ",,CTD_PER2023767_767A042_1_UP,NaN,upward,45.9882,-59.047,2023-08-23T13:58:32Z,2023-08-23T13:58:32Z,2023-08-23T14:11:19Z,2023-08-23T14:09:46Z,55.532898,56.0,32.1027,32.1027,1.8235,2.834202,8.9325,8.3341,2.075,NaN,2698
,M. Perley,9656151,Ryan Stanley,"Eastern Shore Water, St Anns Bank",PER2023767,"ScotiaFundy-6 ",,CTD_PER2023767_767A042_1_UP,NaN,upward,45.9882,-59.047,2023-08-23T13:58:32Z,2023-08-23T13:58:32Z,2023-08-23T14:11:19Z,2023-08-23T14:09:49Z,53.54984,54.0,32.0724,32.0724,1.8648,2.835048,8.93369,8.3452,2.1031,NaN,2713
,M. Perley,9656151,Ryan Stanley,"Eastern Shore Water, St Anns Bank",PER2023767,"ScotiaFundy-6 ",,CTD_PER2023767_767A042_1_UP,NaN,upward,45.9882,-59.047,2023-08-23T13:58:32Z,2023-08-23T13:58:32Z,2023-08-23T14:11:19Z,2023-08-23T14:09:53Z,51.56676,52.0,32.0565,32.0565,1.8974,2.836344,8.93395,8.368,2.2174,NaN,2728
,M. Perley,9656151,Ryan Stanley,"Eastern Shore Water, St Anns Bank",PER2023767,"ScotiaFundy-6 ",,CTD_PER2023767_767A042_1_UP,NaN,upward,45.9882,-59.047,2023-08-23T13:58:32Z,2023-08-23T13:58:32Z,2023-08-23T14:11:19Z,2023-08-23T14:09:57Z,49.583664,50.0,32.0154,32.0154,1.9553,2.837669,8.98786,8.4476,2.9769,NaN,2744
,M. Perley,9656151,Ryan Stanley,"Eastern Shore Water, St Anns Bank",PER2023767,"ScotiaFundy-6 ",,CTD_PER2023767_767A042_1_UP,NaN,upward,45.9882,-59.047,2023-08-23T13:58:32Z,2023-08-23T13:58:32Z,2023-08-23T14:11:19Z,2023-08-23T14:10:01Z,47.600548,48.0,32.0046,32.0046,1.9744,2.83826,9.12311,8.4983,2.8318,NaN,2757
,M. Perley,9656151,Ryan Stanley,"Eastern Shore Water, St Anns Bank",PER2023767,"ScotiaFundy-6 ",,CTD_PER2023767_767A042_1_UP,NaN,upward,45.9882,-59.047,2023-08-23T13:58:32Z,2023-08-23T13:58:32Z,2023-08-23T14:11:19Z,2023-08-23T14:10:04Z,45.617416,46.0,31.9229,31.9229,2.1033,2.842072,9.12383,8.4839,3.219,NaN,2770
,M. Perley,9656151,Ryan Stanley,"Eastern Shore Water, St Anns Bank",PER2023767,"ScotiaFundy-6 ",,CTD_PER2023767_767A042_1_UP,NaN,upward,45.9882,-59.047,2023-08-23T13:58:32Z,2023-08-23T13:58:32Z,2023-08-23T14:11:19Z,2023-08-23T14:10:07Z,43.634262,44.0,31.8887,31.8887,2.1461,2.842704,9.12487,8.491,3.1894,NaN,2783
,M. Perley,9656151,Ryan Stanley,"Eastern Shore Water, St Anns Bank",PER2023767,"ScotiaFundy-6 ",,CTD_PER2023767_767A042_1_UP,NaN,upward,45.9882,-59.047,2023-08-23T13:58:32Z,2023-08-23T13:58:32Z,2023-08-23T14:11:19Z,2023-08-23T14:10:10Z,41.65109,42.0,31.7317,31.7317,2.3647,2.847623,9.13488,8.4727,3.5892,NaN,2796
,M. Perley,9656151,Ryan Stanley,"Eastern Shore Water, St Anns Bank",PER2023767,"ScotiaFundy-6 ",,CTD_PER2023767_767A042_1_UP,NaN,upward,45.9882,-59.047,2023-08-23T13:58:32Z,2023-08-23T13:58:32Z,2023-08-23T14:11:19Z,2023-08-23T14:10:14Z,39.667896,40.0,31.7519,31.7519,2.3842,2.850748,9.13226,8.4771,3.3919,NaN,2810
,M. Perley,9656151,Ryan Stanley,"Eastern Shore Water, St Anns Bank",PER2023767,"ScotiaFundy-6 ",,CTD_PER2023767_767A042_1_UP,NaN,upward,45.9882,-59.047,2023-08-23T13:58:32Z,2023-08-23T13:58:32Z,2023-08-23T14:11:19Z,2023-08-23T14:10:17Z,37.68468,38.0,31.7437,31.7437,2.4269,2.853469,9.13161,8.5376,3.5705,NaN,2823
,M. Perley,9656151,Ryan Stanley,"Eastern Shore Water, St Anns Bank",PER2023767,"ScotiaFundy-6 ",,CTD_PER2023767_767A042_1_UP,NaN,upward,45.9882,-59.047,2023-08-23T13:58:32Z,2023-08-23T13:58:32Z,2023-08-23T14:11:19Z,2023-08-23T14:10:21Z,35.70145,36.0,31.7282,31.7282,2.6108,2.867047,9.13208,8.5476,3.6201,NaN,2837
,M. Perley,9656151,Ryan Stanley,"Eastern Shore Water, St Anns Bank",PER2023767,"ScotiaFundy-6 ",,CTD_PER2023767_767A042_1_UP,NaN,upward,45.9882,-59.047,2023-08-23T13:58:32Z,2023-08-23T13:58:32Z,2023-08-23T14:11:19Z,2023-08-23T14:10:24Z,33.7182,34.0,31.6931,31.6931,2.8694,2.885088,9.13172,8.5471,4.2354,NaN,2850
,M. Perley,9656151,Ryan Stanley,"Eastern Shore Water, St Anns Bank",PER2023767,"ScotiaFundy-6 ",,CTD_PER2023767_767A042_1_UP,NaN,upward,45.9882,-59.047,2023-08-23T13:58:32Z,2023-08-23T13:58:32Z,2023-08-23T14:11:19Z,2023-08-23T14:10:27Z,31.734932,32.0,31.5851,31.5851,3.2185,2.904449,9.12016,8.481,5.13,NaN,2864
,M. Perley,9656151,Ryan Stanley,"Eastern Shore Water, St Anns Bank",PER2023767,"ScotiaFundy-6 ",,CTD_PER2023767_767A042_1_UP,NaN,upward,45.9882,-59.047,2023-08-23T13:58:32Z,2023-08-23T13:58:32Z,2023-08-23T14:11:19Z,2023-08-23T14:10:31Z,29.751642,30.0,31.4374,31.4374,3.431,2.909325,9.06391,8.44,4.6767,NaN,2877
,M. Perley,9656151,Ryan Stanley,"Eastern Shore Water, St Anns Bank",PER2023767,"ScotiaFundy-6 ",,CTD_PER2023767_767A042_1_UP,NaN,upward,45.9882,-59.047,2023-08-23T13:58:32Z,2023-08-23T13:58:32Z,2023-08-23T14:11:19Z,2023-08-23T14:10:34Z,27.768335,28.0,31.2134,31.2134,3.7485,2.916094,9.07652,8.5077,4.7534,NaN,2891
,M. Perley,9656151,Ryan Stanley,"Eastern Shore Water, St Anns Bank",PER2023767,"ScotiaFundy-6 ",,CTD_PER2023767_767A042_1_UP,NaN,upward,45.9882,-59.047,2023-08-23T13:58:32Z,2023-08-23T13:58:32Z,2023-08-23T14:11:19Z,2023-08-23T14:10:37Z,25.785007,26.0,31.0942,31.0942,3.8222,2.911909,9.08202,8.6093,5.7745,NaN,2905
,M. Perley,9656151,Ryan Stanley,"Eastern Shore Water, St Anns Bank",PER2023767,"ScotiaFundy-6 ",,CTD_PER2023767_767A042_1_UP,NaN,upward,45.9882,-59.047,2023-08-23T13:58:32Z,2023-08-23T13:58:32Z,2023-08-23T14:11:19Z,2023-08-23T14:10:41Z,23.80166,24.0,30.9551,30.9551,4.2066,2.930991,9.08994,8.6166,7.0513,NaN,2918
,M. Perley,9656151,Ryan Stanley,"Eastern Shore Water, St Anns Bank",PER2023767,"ScotiaFundy-6 ",,CTD_PER2023767_767A042_1_UP,NaN,upward,45.9882,-59.047,2023-08-23T13:58:32Z,2023-08-23T13:58:32Z,2023-08-23T14:11:19Z,2023-08-23T14:10:44Z,21.818295,22.0,30.9173,30.9173,4.4447,2.94698,9.09058,8.8988,8.781,NaN,2931
,M. Perley,9656151,Ryan Stanley,"Eastern Shore Water, St Anns Bank",PER2023767,"ScotiaFundy-6 ",,CTD_PER2023767_767A042_1_UP,NaN,upward,45.9882,-59.047,2023-08-23T13:58:32Z,2023-08-23T13:58:32Z,2023-08-23T14:11:19Z,2023-08-23T14:10:48Z,19.83491,20.0,30.4748,30.4748,5.3922,2.9844,9.11879,8.6163,12.2055,NaN,2946
,M. Perley,9656151,Ryan Stanley,"Eastern Shore Water, St Anns Bank",PER2023767,"ScotiaFundy-6 ",,CTD_PER2023767_767A042_1_UP,NaN,upward,45.9882,-59.047,2023-08-23T13:58:32Z,2023-08-23T13:58:32Z,2023-08-23T14:11:19Z,2023-08-23T14:10:52Z,17.851505,18.0,29.9826,29.9826,6.1813,3.003519,9.14995,8.3831,14.6955,NaN,2961
,M. Perley,9656151,Ryan Stanley,"Eastern Shore Water, St Anns Bank",PER2023767,"ScotiaFundy-6 ",,CTD_PER2023767_767A042_1_UP,NaN,upward,45.9882,-59.047,2023-08-23T13:58:32Z,2023-08-23T13:58:32Z,2023-08-23T14:11:19Z,2023-08-23T14:10:56Z,15.868082,16.0,29.5038,29.5038,7.0537,3.029061,9.16695,8.215,15.759,NaN,2978
,M. Perley,9656151,Ryan Stanley,"Eastern Shore Water, St Anns Bank",PER2023767,"ScotiaFundy-6 ",,CTD_PER2023767_767A042_1_UP,NaN,upward,45.9882,-59.047,2023-08-23T13:58:32Z,2023-08-23T13:58:32Z,2023-08-23T14:11:19Z,2023-08-23T14:10:59Z,13.884639,14.0,29.6897,29.6897,6.8104,3.026612,8.28942,9.0115,14.2789,NaN,2992
,M. Perley,9656151,Ryan Stanley,"Eastern Shore Water, St Anns Bank",PER2023767,"ScotiaFundy-6 ",,CTD_PER2023767_767A042_1_UP,NaN,upward,45.9882,-59.047,2023-08-23T13:58:32Z,2023-08-23T13:58:32Z,2023-08-23T14:11:19Z,2023-08-23T14:11:03Z,11.901177,12.0,29.5591,29.5591,8.5867,3.156816,8.15488,8.0169,11.349,NaN,3007
,M. Perley,9656151,Ryan Stanley,"Eastern Shore Water, St Anns Bank",PER2023767,"ScotiaFundy-6 ",,CTD_PER2023767_767A042_1_UP,NaN,upward,45.9882,-59.047,2023-08-23T13:58:32Z,2023-08-23T13:58:32Z,2023-08-23T14:11:19Z,2023-08-23T14:11:06Z,9.917696,10.0,29.9079,29.9079,10.3442,3.334579,8.08455,7.5648,6.0879,NaN,3019
,M. Perley,9656151,Ryan Stanley,"Eastern Shore Water, St Anns Bank",PER2023767,"ScotiaFundy-6 ",,CTD_PER2023767_767A042_1_UP,NaN,upward,45.9882,-59.047,2023-08-23T13:58:32Z,2023-08-23T13:58:32Z,2023-08-23T14:11:19Z,2023-08-23T14:11:10Z,7.934195,8.0,28.7182,28.7182,13.9617,3.50761,8.13966,7.0253,6.1114,NaN,3033
,M. Perley,9656151,Ryan Stanley,"Eastern Shore Water, St Anns Bank",PER2023767,"ScotiaFundy-6 ",,CTD_PER2023767_767A042_1_UP,NaN,upward,45.9882,-59.047,2023-08-23T13:58:32Z,2023-08-23T13:58:32Z,2023-08-23T14:11:19Z,2023-08-23T14:11:12Z,5.9506755,6.0,28.6,28.6,14.724,3.557994,8.15997,6.943,4.5551,NaN,3044
,M. Perley,9656151,Ryan Stanley,"Eastern Shore Water, St Anns Bank",PER2023767,"ScotiaFundy-6 ",,CTD_PER2023767_767A042_1_UP,NaN,upward,45.9882,-59.047,2023-08-23T13:58:32Z,2023-08-23T13:58:32Z,2023-08-23T14:11:19Z,2023-08-23T14:11:16Z,3.9671361,4.0,28.5452,28.5452,16.5233,3.700255,8.14457,6.6666,3.9584,NaN,3058
,M. Perley,9656151,Ryan Stanley,"Eastern Shore Water, St Anns Bank",PER2023767,"ScotiaFundy-6 ",,CTD_PER2023767_767A042_1_UP,NaN,upward,45.9882,-59.047,2023-08-23T13:58:32Z,2023-08-23T13:58:32Z,2023-08-23T14:11:19Z,2023-08-23T14:11:19Z,1.9835777,2.0,28.0172,28.0172,16.8552,3.665744,8.18002,6.6297,3.6235,NaN,3070
,M. Perley,9656151,Ryan Stanley,"Eastern Shore Water, St Anns Bank",PER2023767,"ScotiaFundy-6 ",,CTD_PER2023767_767A043_1_DN,NaN,downward,45.9975,-58.8703,2023-08-23T16:14:48Z,2023-08-23T16:14:48Z,2023-08-23T16:20:05Z,2023-08-23T16:16:47Z,3.9671328,4.0,28.7754,28.7754,18.9042,3.928056,6.85042,6.3263,4.6771,NaN,478
,M. Perley,9656151,Ryan Stanley,"Eastern Shore Water, St Anns Bank",PER2023767,"ScotiaFundy-6 ",,CTD_PER2023767_767A043_1_DN,NaN,downward,45.9975,-58.8703,2023-08-23T16:14:48Z,2023-08-23T16:14:48Z,2023-08-23T16:20:05Z,2023-08-23T16:16:51Z,5.9506702,6.0,28.7764,28.7764,18.9013,3.928016,6.85083,6.3366,5.1079,NaN,493
,M. Perley,9656151,Ryan Stanley,"Eastern Shore Water, St Anns Bank",PER2023767,"ScotiaFundy-6 ",,CTD_PER2023767_767A043_1_DN,NaN,downward,45.9975,-58.8703,2023-08-23T16:14:48Z,2023-08-23T16:14:48Z,2023-08-23T16:20:05Z,2023-08-23T16:16:54Z,7.9341884,8.0,28.7828,28.7828,18.8903,3.92794,6.85098,6.3377,5.3835,NaN,507
,M. Perley,9656151,Ryan Stanley,"Eastern Shore Water, St Anns Bank",PER2023767,"ScotiaFundy-6 ",,CTD_PER2023767_767A043_1_DN,NaN,downward,45.9975,-58.8703,2023-08-23T16:14:48Z,2023-08-23T16:14:48Z,2023-08-23T16:20:05Z,2023-08-23T16:16:59Z,9.917687,10.0,28.7856,28.7856,18.8733,3.926913,6.85143,6.3573,6.0727,NaN,527
,M. Perley,9656151,Ryan Stanley,"Eastern Shore Water, St Anns Bank",PER2023767,"ScotiaFundy-6 ",,CTD_PER2023767_767A043_1_DN,NaN,downward,45.9975,-58.8703,2023-08-23T16:14:48Z,2023-08-23T16:14:48Z,2023-08-23T16:20:05Z,2023-08-23T16:17:12Z,15.868069,16.0,30.1479,30.1479,14.5122,3.712693,6.80577,7.1406,14.6576,NaN,581
,M. Perley,9656151,Ryan Stanley,"Eastern Shore Water, St Anns Bank",PER2023767,"ScotiaFundy-6 ",,CTD_PER2023767_767A043_1_DN,NaN,downward,45.9975,-58.8703,2023-08-23T16:14:48Z,2023-08-23T16:14:48Z,2023-08-23T16:20:05Z,2023-08-23T16:17:18Z,17.85149,18.0,30.673,30.673,13.7849,3.707305,7.98701,7.2309,16.39,NaN,603
,M. Perley,9656151,Ryan Stanley,"Eastern Shore Water, St Anns Bank",PER2023767,"ScotiaFundy-6 ",,CTD_PER2023767_767A043_1_DN,NaN,downward,45.9975,-58.8703,2023-08-23T16:14:48Z,2023-08-23T16:14:48Z,2023-08-23T16:20:05Z,2023-08-23T16:17:22Z,19.834892,20.0,31.4554,31.4554,10.8376,3.53428,8.37441,7.5485,19.5188,NaN,619
,M. Perley,9656151,Ryan Stanley,"Eastern Shore Water, St Anns Bank",PER2023767,"ScotiaFundy-6 ",,CTD_PER2023767_767A043_1_DN,NaN,downward,45.9975,-58.8703,2023-08-23T16:14:48Z,2023-08-23T16:14:48Z,2023-08-23T16:20:05Z,2023-08-23T16:17:27Z,21.818275,22.0,31.6867,31.6867,9.0263,3.400065,8.34747,7.5547,16.0985,NaN,640
,M. Perley,9656151,Ryan Stanley,"Eastern Shore Water, St Anns Bank",PER2023767,"ScotiaFundy-6 ",,CTD_PER2023767_767A043_1_DN,NaN,downward,45.9975,-58.8703,2023-08-23T16:14:48Z,2023-08-23T16:14:48Z,2023-08-23T16:20:05Z,2023-08-23T16:17:32Z,23.801641,24.0,32.6178,32.6178,7.6139,3.365559,8.2902,7.6706,11.7214,NaN,660
,M. Perley,9656151,Ryan Stanley,"Eastern Shore Water, St Anns Bank",PER2023767,"ScotiaFundy-6 ",,CTD_PER2023767_767A043_1_DN,NaN,downward,45.9975,-58.8703,2023-08-23T16:14:48Z,2023-08-23T16:14:48Z,2023-08-23T16:20:05Z,2023-08-23T16:17:38Z,25.784985,26.0,31.9098,31.9098,5.8086,3.147991,8.33997,7.972,9.8013,NaN,681
,M. Perley,9656151,Ryan Stanley,"Eastern Shore Water, St Anns Bank",PER2023767,"ScotiaFundy-6 ",,CTD_PER2023767_767A043_1_DN,NaN,downward,45.9975,-58.8703,2023-08-23T16:14:48Z,2023-08-23T16:14:48Z,2023-08-23T16:20:05Z,2023-08-23T16:17:42Z,27.76831,28.0,32.217,32.217,4.9425,3.100938,8.5944,8.0809,7.2198,NaN,700
,M. Perley,9656151,Ryan Stanley,"Eastern Shore Water, St Anns Bank",PER2023767,"ScotiaFundy-6 ",,CTD_PER2023767_767A043_1_DN,NaN,downward,45.9975,-58.8703,2023-08-23T16:14:48Z,2023-08-23T16:14:48Z,2023-08-23T16:20:05Z,2023-08-23T16:17:47Z,29.751617,30.0,32.527,32.527,5.1607,3.146388,10.26445,8.005,5.5019,NaN,719
,M. Perley,9656151,Ryan Stanley,"Eastern Shore Water, St Anns Bank",PER2023767,"ScotiaFundy-6 ",,CTD_PER2023767_767A043_1_DN,NaN,downward,45.9975,-58.8703,2023-08-23T16:14:48Z,2023-08-23T16:14:48Z,2023-08-23T16:20:05Z,2023-08-23T16:17:52Z,31.734905,32.0,31.9881,31.9881,4.673,3.058725,9.52306,8.0839,5.3314,NaN,740
,M. Perley,9656151,Ryan Stanley,"Eastern Shore Water, St Anns Bank",PER2023767,"ScotiaFundy-6 ",,CTD_PER2023767_767A043_1_DN,NaN,downward,45.9975,-58.8703,2023-08-23T16:14:48Z,2023-08-23T16:14:48Z,2023-08-23T16:20:05Z,2023-08-23T16:17:57Z,33.718174,34.0,31.9056,31.9056,4.1025,3.004161,9.53886,8.1787,5.0141,NaN,758
,M. Perley,9656151,Ryan Stanley,"Eastern Shore Water, St Anns Bank",PER2023767,"ScotiaFundy-6 ",,CTD_PER2023767_767A043_1_DN,NaN,downward,45.9975,-58.8703,2023-08-23T16:14:48Z,2023-08-23T16:14:48Z,2023-08-23T16:20:05Z,2023-08-23T16:18:01Z,35.70142,36.0,31.9204,31.9204,3.9699,2.994539,9.53643,8.1729,4.4032,NaN,776
,M. Perley,9656151,Ryan Stanley,"Eastern Shore Water, St Anns Bank",PER2023767,"ScotiaFundy-6 ",,CTD_PER2023767_767A043_1_DN,NaN,downward,45.9975,-58.8703,2023-08-23T16:14:48Z,2023-08-23T16:14:48Z,2023-08-23T16:20:05Z,2023-08-23T16:18:05Z,37.68465,38.0,32.0228,32.0228,3.4426,2.959644,9.52763,8.2438,3.4034,NaN,792
,M. Perley,9656151,Ryan Stanley,"Eastern Shore Water, St Anns Bank",PER2023767,"ScotiaFundy-6 ",,CTD_PER2023767_767A043_1_DN,NaN,downward,45.9975,-58.8703,2023-08-23T16:14:48Z,2023-08-23T16:14:48Z,2023-08-23T16:20:05Z,2023-08-23T16:18:10Z,39.667862,40.0,31.7395,31.7395,3.5109,2.941629,9.55344,8.2311,3.6501,NaN,811
,M. Perley,9656151,Ryan Stanley,"Eastern Shore Water, St Anns Bank",PER2023767,"ScotiaFundy-6 ",,CTD_PER2023767_767A043_1_DN,NaN,downward,45.9975,-58.8703,2023-08-23T16:14:48Z,2023-08-23T16:14:48Z,2023-08-23T16:20:05Z,2023-08-23T16:18:15Z,41.65105,42.0,31.8376,31.8376,2.9739,2.905889,9.44979,8.3664,3.7522,NaN,830
,M. Perley,9656151,Ryan Stanley,"Eastern Shore Water, St Anns Bank",PER2023767,"ScotiaFundy-6 ",,CTD_PER2023767_767A043_1_DN,NaN,downward,45.9975,-58.8703,2023-08-23T16:14:48Z,2023-08-23T16:14:48Z,2023-08-23T16:20:05Z,2023-08-23T16:18:19Z,43.634224,44.0,31.9186,31.9186,2.9218,2.908415,9.41448,8.2372,3.2933,NaN,847
,M. Perley,9656151,Ryan Stanley,"Eastern Shore Water, St Anns Bank",PER2023767,"ScotiaFundy-6 ",,CTD_PER2023767_767A043_1_DN,NaN,downward,45.9975,-58.8703,2023-08-23T16:14:48Z,2023-08-23T16:14:48Z,2023-08-23T16:20:05Z,2023-08-23T16:18:24Z,45.617374,46.0,31.9374,31.9374,2.7909,2.899335,9.40811,8.171,2.8815,NaN,866
,M. Perley,9656151,Ryan Stanley,"Eastern Shore Water, St Anns Bank",PER2023767,"ScotiaFundy-6 ",,CTD_PER2023767_767A043_1_DN,NaN,downward,45.9975,-58.8703,2023-08-23T16:14:48Z,2023-08-23T16:14:48Z,2023-08-23T16:20:05Z,2023-08-23T16:18:28Z,47.60051,48.0,31.9469,31.9469,2.5389,2.879582,9.4079,8.1581,3.046,NaN,884
,M. Perley,9656151,Ryan Stanley,"Eastern Shore Water, St Anns Bank",PER2023767,"ScotiaFundy-6 ",,CTD_PER2023767_767A043_1_DN,NaN,downward,45.9975,-58.8703,2023-08-23T16:14:48Z,2023-08-23T16:14:48Z,2023-08-23T16:20:05Z,2023-08-23T16:18:33Z,49.583622,50.0,32.0026,32.0026,2.419,2.874428,9.40574,8.0967,2.0811,NaN,905
,M. Perley,9656151,Ryan Stanley,"Eastern Shore Water, St Anns Bank",PER2023767,"ScotiaFundy-6 ",,CTD_PER2023767_767A043_1_DN,NaN,downward,45.9975,-58.8703,2023-08-23T16:14:48Z,2023-08-23T16:14:48Z,2023-08-23T16:20:05Z,2023-08-23T16:18:39Z,51.56672,52.0,32.0896,32.0896,2.1414,2.858894,9.40021,8.1721,1.6637,NaN,925
,M. Perley,9656151,Ryan Stanley,"Eastern Shore Water, St Anns Bank",PER2023767,"ScotiaFundy-6 ",,CTD_PER2023767_767A043_1_DN,NaN,downward,45.9975,-58.8703,2023-08-23T16:14:48Z,2023-08-23T16:14:48Z,2023-08-23T16:20:05Z,2023-08-23T16:18:43Z,53.549793,54.0,32.3146,32.3146,1.8723,2.855115,9.38218,8.2682,2.1765,NaN,944
,M. Perley,9656151,Ryan Stanley,"Eastern Shore Water, St Anns Bank",PER2023767,"ScotiaFundy-6 ",,CTD_PER2023767_767A043_1_DN,NaN,downward,45.9975,-58.8703,2023-08-23T16:14:48Z,2023-08-23T16:14:48Z,2023-08-23T16:20:05Z,2023-08-23T16:18:48Z,55.53285,56.0,32.2531,32.2531,2.0417,2.864092,9.08889,8.166,1.6483,NaN,962
,M. Perley,9656151,Ryan Stanley,"Eastern Shore Water, St Anns Bank",PER2023767,"ScotiaFundy-6 ",,CTD_PER2023767_767A043_1_DN,NaN,downward,45.9975,-58.8703,2023-08-23T16:14:48Z,2023-08-23T16:14:48Z,2023-08-23T16:20:05Z,2023-08-23T16:18:53Z,57.515884,58.0,32.2345,32.2345,2.0053,2.859702,9.12033,8.1798,1.5832,NaN,983
,M. Perley,9656151,Ryan Stanley,"Eastern Shore Water, St Anns Bank",PER2023767,"ScotiaFundy-6 ",,CTD_PER2023767_767A043_1_DN,NaN,downward,45.9975,-58.8703,2023-08-23T16:14:48Z,2023-08-23T16:14:48Z,2023-08-23T16:20:05Z,2023-08-23T16:18:57Z,59.498905,60.0,32.1752,32.1752,1.8228,2.840102,9.12319,8.2302,2.2288,NaN,1000
,M. Perley,9656151,Ryan Stanley,"Eastern Shore Water, St Anns Bank",PER2023767,"ScotiaFundy-6 ",,CTD_PER2023767_767A043_1_DN,NaN,downward,45.9975,-58.8703,2023-08-23T16:14:48Z,2023-08-23T16:14:48Z,2023-08-23T16:20:05Z,2023-08-23T16:19:02Z,61.481903,62.0,32.233,32.233,1.9458,2.854889,9.12146,8.1438,1.5326,NaN,1020
,M. Perley,9656151,Ryan Stanley,"Eastern Shore Water, St Anns Bank",PER2023767,"ScotiaFundy-6 ",,CTD_PER2023767_767A043_1_DN,NaN,downward,45.9975,-58.8703,2023-08-23T16:14:48Z,2023-08-23T16:14:48Z,2023-08-23T16:20:05Z,2023-08-23T16:19:08Z,63.46488,64.0,32.2835,32.2835,1.8743,2.853181,9.11728,7.9795,1.4969,NaN,1042
,M. Perley,9656151,Ryan Stanley,"Eastern Shore Water, St Anns Bank",PER2023767,"ScotiaFundy-6 ",,CTD_PER2023767_767A043_1_DN,NaN,downward,45.9975,-58.8703,2023-08-23T16:14:48Z,2023-08-23T16:14:48Z,2023-08-23T16:20:05Z,2023-08-23T16:19:14Z,65.44784,66.0,32.3514,32.3514,1.8465,2.856422,9.11322,7.9217,1.4965,NaN,1066
,M. Perley,9656151,Ryan Stanley,"Eastern Shore Water, St Anns Bank",PER2023767,"ScotiaFundy-6 ",,CTD_PER2023767_767A043_1_DN,NaN,downward,45.9975,-58.8703,2023-08-23T16:14:48Z,2023-08-23T16:14:48Z,2023-08-23T16:20:05Z,2023-08-23T16:19:23Z,69.413704,70.0,32.3701,32.3701,1.9228,2.86435,8.89861,7.8565,1.9143,NaN,1104
,M. Perley,9656151,Ryan Stanley,"Eastern Shore Water, St Anns Bank",PER2023767,"ScotiaFundy-6 ",,CTD_PER2023767_767A043_1_DN,NaN,downward,45.9975,-58.8703,2023-08-23T16:14:48Z,2023-08-23T16:14:48Z,2023-08-23T16:20:05Z,2023-08-23T16:19:29Z,71.39661,72.0,32.4004,32.4004,1.9363,2.867981,8.8973,7.8028,1.5433,NaN,1126
,M. Perley,9656151,Ryan Stanley,"Eastern Shore Water, St Anns Bank",PER2023767,"ScotiaFundy-6 ",,CTD_PER2023767_767A043_1_DN,NaN,downward,45.9975,-58.8703,2023-08-23T16:14:48Z,2023-08-23T16:14:48Z,2023-08-23T16:20:05Z,2023-08-23T16:19:34Z,73.379486,74.0,32.4248,32.4248,1.9091,2.867792,8.89652,7.8039,1.4118,NaN,1147
,M. Perley,9656151,Ryan Stanley,"Eastern Shore Water, St Anns Bank",PER2023767,"ScotiaFundy-6 ",,CTD_PER2023767_767A043_1_DN,NaN,downward,45.9975,-58.8703,2023-08-23T16:14:48Z,2023-08-23T16:14:48Z,2023-08-23T16:20:05Z,2023-08-23T16:19:39Z,75.36235,76.0,32.4604,32.4604,1.9067,2.870542,8.89485,7.7599,1.4313,NaN,1168
,M. Perley,9656151,Ryan Stanley,"Eastern Shore Water, St Anns Bank",PER2023767,"ScotiaFundy-6 ",,CTD_PER2023767_767A043_1_DN,NaN,downward,45.9975,-58.8703,2023-08-23T16:14:48Z,2023-08-23T16:14:48Z,2023-08-23T16:20:05Z,2023-08-23T16:19:44Z,77.3452,78.0,32.4902,32.4902,1.9391,2.875672,8.89333,7.7129,1.5147,NaN,1187
,M. Perley,9656151,Ryan Stanley,"Eastern Shore Water, St Anns Bank",PER2023767,"ScotiaFundy-6 ",,CTD_PER2023767_767A043_1_DN,NaN,downward,45.9975,-58.8703,2023-08-23T16:14:48Z,2023-08-23T16:14:48Z,2023-08-23T16:20:05Z,2023-08-23T16:19:58Z,83.29362,84.0,32.5522,32.5522,2.036,2.888885,8.58568,7.5638,1.452,NaN,1244
,M. Perley,9656151,Ryan Stanley,"Eastern Shore Water, St Anns Bank",PER2023767,"ScotiaFundy-6 ",,CTD_PER2023767_767A043_1_DN,NaN,downward,45.9975,-58.8703,2023-08-23T16:14:48Z,2023-08-23T16:14:48Z,2023-08-23T16:20:05Z,2023-08-23T16:20:05Z,85.27638,86.0,32.5907,32.5907,2.1362,2.900378,8.58415,7.5266,1.425,NaN,1269
,M. Perley,9656151,Ryan Stanley,"Eastern Shore Water, St Anns Bank",PER2023767,"ScotiaFundy-6 ",,CTD_PER2023767_767A043_1_UP,NaN,upward,45.9975,-58.8703,2023-08-23T16:14:48Z,2023-08-23T16:14:48Z,2023-08-23T16:25:59Z,2023-08-23T16:22:20Z,83.29362,84.0,32.6069,32.6069,2.1922,2.906233,8.37053,7.5232,1.5205,NaN,1810
,M. Perley,9656151,Ryan Stanley,"Eastern Shore Water, St Anns Bank",PER2023767,"ScotiaFundy-6 ",,CTD_PER2023767_767A043_1_UP,NaN,upward,45.9975,-58.8703,2023-08-23T16:14:48Z,2023-08-23T16:14:48Z,2023-08-23T16:25:59Z,2023-08-23T16:23:15Z,81.31083,82.0,32.5952,32.5952,2.2439,2.909477,8.28789,7.5687,1.6639,NaN,2031
,M. Perley,9656151,Ryan Stanley,"Eastern Shore Water, St Anns Bank",PER2023767,"ScotiaFundy-6 ",,CTD_PER2023767_767A043_1_UP,NaN,upward,45.9975,-58.8703,2023-08-23T16:14:48Z,2023-08-23T16:14:48Z,2023-08-23T16:25:59Z,2023-08-23T16:23:30Z,77.3452,78.0,32.5231,32.5231,2.0616,2.888397,8.25074,7.7018,1.5482,NaN,2090
,M. Perley,9656151,Ryan Stanley,"Eastern Shore Water, St Anns Bank",PER2023767,"ScotiaFundy-6 ",,CTD_PER2023767_767A043_1_UP,NaN,upward,45.9975,-58.8703,2023-08-23T16:14:48Z,2023-08-23T16:14:48Z,2023-08-23T16:25:59Z,2023-08-23T16:23:32Z,75.36235,76.0,32.5269,32.5269,2.0124,2.884586,8.24557,7.7343,1.6,NaN,2098
,M. Perley,9656151,Ryan Stanley,"Eastern Shore Water, St Anns Bank",PER2023767,"ScotiaFundy-6 ",,CTD_PER2023767_767A043_1_UP,NaN,upward,45.9975,-58.8703,2023-08-23T16:14:48Z,2023-08-23T16:14:48Z,2023-08-23T16:25:59Z,2023-08-23T16:23:36Z,73.379486,74.0,32.5436,32.5436,1.9785,2.883032,8.24653,7.7838,1.5963,NaN,2116
,M. Perley,9656151,Ryan Stanley,"Eastern Shore Water, St Anns Bank",PER2023767,"ScotiaFundy-6 ",,CTD_PER2023767_767A043_1_UP,NaN,upward,45.9975,-58.8703,2023-08-23T16:14:48Z,2023-08-23T16:14:48Z,2023-08-23T16:25:59Z,2023-08-23T16:23:40Z,71.39661,72.0,32.5412,32.5412,1.9729,2.882288,8.24623,7.7999,1.6413,NaN,2129
,M. Perley,9656151,Ryan Stanley,"Eastern Shore Water, St Anns Bank",PER2023767,"ScotiaFundy-6 ",,CTD_PER2023767_767A043_1_UP,NaN,upward,45.9975,-58.8703,2023-08-23T16:14:48Z,2023-08-23T16:14:48Z,2023-08-23T16:25:59Z,2023-08-23T16:23:43Z,69.413704,70.0,32.5256,32.5256,1.9611,2.879985,8.24663,7.8863,1.687,NaN,2143
,M. Perley,9656151,Ryan Stanley,"Eastern Shore Water, St Anns Bank",PER2023767,"ScotiaFundy-6 ",,CTD_PER2023767_767A043_1_UP,NaN,upward,45.9975,-58.8703,2023-08-23T16:14:48Z,2023-08-23T16:14:48Z,2023-08-23T16:25:59Z,2023-08-23T16:23:46Z,67.43078,68.0,32.4684,32.4684,1.947,2.874148,8.64814,7.9519,1.6947,NaN,2155
,M. Perley,9656151,Ryan Stanley,"Eastern Shore Water, St Anns Bank",PER2023767,"ScotiaFundy-6 ",,CTD_PER2023767_767A043_1_UP,NaN,upward,45.9975,-58.8703,2023-08-23T16:14:48Z,2023-08-23T16:14:48Z,2023-08-23T16:25:59Z,2023-08-23T16:23:50Z,65.44784,66.0,32.3928,32.3928,1.9003,2.864151,8.5853,8.1344,1.688,NaN,2170
,M. Perley,9656151,Ryan Stanley,"Eastern Shore Water, St Anns Bank",PER2023767,"ScotiaFundy-6 ",,CTD_PER2023767_767A043_1_UP,NaN,upward,45.9975,-58.8703,2023-08-23T16:14:48Z,2023-08-23T16:14:48Z,2023-08-23T16:25:59Z,2023-08-23T16:23:52Z,63.46488,64.0,32.3783,32.3783,1.8633,2.85987,8.58543,8.2,1.859,NaN,2181
,M. Perley,9656151,Ryan Stanley,"Eastern Shore Water, St Anns Bank",PER2023767,"ScotiaFundy-6 ",,CTD_PER2023767_767A043_1_UP,NaN,upward,45.9975,-58.8703,2023-08-23T16:14:48Z,2023-08-23T16:14:48Z,2023-08-23T16:25:59Z,2023-08-23T16:24:00Z,61.481903,62.0,32.2278,32.2278,1.8527,2.846869,8.59501,8.221,1.7622,NaN,2212
,M. Perley,9656151,Ryan Stanley,"Eastern Shore Water, St Anns Bank",PER2023767,"ScotiaFundy-6 ",,CTD_PER2023767_767A043_1_UP,NaN,upward,45.9975,-58.8703,2023-08-23T16:14:48Z,2023-08-23T16:14:48Z,2023-08-23T16:25:59Z,2023-08-23T16:24:05Z,59.498905,60.0,32.1994,32.1994,1.8349,2.84305,8.59428,8.2357,1.9755,NaN,2231
,M. Perley,9656151,Ryan Stanley,"Eastern Shore Water, St Anns Bank",PER2023767,"ScotiaFundy-6 ",,CTD_PER2023767_767A043_1_UP,NaN,upward,45.9975,-58.8703,2023-08-23T16:14:48Z,2023-08-23T16:14:48Z,2023-08-23T16:25:59Z,2023-08-23T16:24:09Z,57.515884,58.0,32.1893,32.1893,1.8493,2.843326,8.5952,8.2513,1.865,NaN,2249
,M. Perley,9656151,Ryan Stanley,"Eastern Shore Water, St Anns Bank",PER2023767,"ScotiaFundy-6 ",,CTD_PER2023767_767A043_1_UP,NaN,upward,45.9975,-58.8703,2023-08-23T16:14:48Z,2023-08-23T16:14:48Z,2023-08-23T16:25:59Z,2023-08-23T16:24:13Z,55.53285,56.0,32.1992,32.1992,1.8491,2.844016,8.59386,8.2672,1.8464,NaN,2265
,M. Perley,9656151,Ryan Stanley,"Eastern Shore Water, St Anns Bank",PER2023767,"ScotiaFundy-6 ",,CTD_PER2023767_767A043_1_UP,NaN,upward,45.9975,-58.8703,2023-08-23T16:14:48Z,2023-08-23T16:14:48Z,2023-08-23T16:25:59Z,2023-08-23T16:24:18Z,53.549793,54.0,32.1583,32.1583,1.8597,2.841516,9.00274,8.1798,2.0092,NaN,2282
,M. Perley,9656151,Ryan Stanley,"Eastern Shore Water, St Anns Bank",PER2023767,"ScotiaFundy-6 ",,CTD_PER2023767_767A043_1_UP,NaN,upward,45.9975,-58.8703,2023-08-23T16:14:48Z,2023-08-23T16:14:48Z,2023-08-23T16:25:59Z,2023-08-23T16:24:22Z,51.56672,52.0,32.1279,32.1279,1.9191,2.843841,9.05753,8.1859,2.0695,NaN,2297
,M. Perley,9656151,Ryan Stanley,"Eastern Shore Water, St Anns Bank",PER2023767,"ScotiaFundy-6 ",,CTD_PER2023767_767A043_1_UP,NaN,upward,45.9975,-58.8703,2023-08-23T16:14:48Z,2023-08-23T16:14:48Z,2023-08-23T16:25:59Z,2023-08-23T16:24:25Z,49.583622,50.0,32.0693,32.0693,2.0285,2.84796,9.06151,8.2672,2.4078,NaN,2312
,M. Perley,9656151,Ryan Stanley,"Eastern Shore Water, St Anns Bank",PER2023767,"ScotiaFundy-6 ",,CTD_PER2023767_767A043_1_UP,NaN,upward,45.9975,-58.8703,2023-08-23T16:14:48Z,2023-08-23T16:14:48Z,2023-08-23T16:25:59Z,2023-08-23T16:24:29Z,47.60051,48.0,31.9777,31.9777,2.2009,2.854519,9.0659,8.3715,2.74,NaN,2329
,M. Perley,9656151,Ryan Stanley,"Eastern Shore Water, St Anns Bank",PER2023767,"ScotiaFundy-6 ",,CTD_PER2023767_767A043_1_UP,NaN,upward,45.9975,-58.8703,2023-08-23T16:14:48Z,2023-08-23T16:14:48Z,2023-08-23T16:25:59Z,2023-08-23T16:24:33Z,45.617374,46.0,31.8911,31.8911,2.3302,2.85795,9.07064,8.4144,3.0931,NaN,2342
,M. Perley,9656151,Ryan Stanley,"Eastern Shore Water, St Anns Bank",PER2023767,"ScotiaFundy-6 ",,CTD_PER2023767_767A043_1_UP,NaN,upward,45.9975,-58.8703,2023-08-23T16:14:48Z,2023-08-23T16:14:48Z,2023-08-23T16:25:59Z,2023-08-23T16:24:36Z,43.634224,44.0,31.8354,31.8354,2.3986,2.858894,9.07388,8.5232,3.8466,NaN,2356
,M. Perley,9656151,Ryan Stanley,"Eastern Shore Water, St Anns Bank",PER2023767,"ScotiaFundy-6 ",,CTD_PER2023767_767A043_1_UP,NaN,upward,45.9975,-58.8703,2023-08-23T16:14:48Z,2023-08-23T16:14:48Z,2023-08-23T16:25:59Z,2023-08-23T16:24:40Z,41.65105,42.0,31.7535,31.7535,2.5491,2.864358,9.07761,8.513,4.0434,NaN,2373
,M. Perley,9656151,Ryan Stanley,"Eastern Shore Water, St Anns Bank",PER2023767,"ScotiaFundy-6 ",,CTD_PER2023767_767A043_1_UP,NaN,upward,45.9975,-58.8703,2023-08-23T16:14:48Z,2023-08-23T16:14:48Z,2023-08-23T16:25:59Z,2023-08-23T16:24:45Z,39.667862,40.0,31.6954,31.6954,2.6942,2.871304,9.1838,8.5153,3.9107,NaN,2392
,M. Perley,9656151,Ryan Stanley,"Eastern Shore Water, St Anns Bank",PER2023767,"ScotiaFundy-6 ",,CTD_PER2023767_767A043_1_UP,NaN,upward,45.9975,-58.8703,2023-08-23T16:14:48Z,2023-08-23T16:14:48Z,2023-08-23T16:25:59Z,2023-08-23T16:24:50Z,37.68465,38.0,31.7266,31.7266,2.7538,2.878622,9.17752,8.5114,4.1564,NaN,2411
,M. Perley,9656151,Ryan Stanley,"Eastern Shore Water, St Anns Bank",PER2023767,"ScotiaFundy-6 ",,CTD_PER2023767_767A043_1_UP,NaN,upward,45.9975,-58.8703,2023-08-23T16:14:48Z,2023-08-23T16:14:48Z,2023-08-23T16:25:59Z,2023-08-23T16:24:54Z,35.70142,36.0,31.6236,31.6236,2.9321,2.884547,9.19058,8.529,4.9162,NaN,2428
,M. Perley,9656151,Ryan Stanley,"Eastern Shore Water, St Anns Bank",PER2023767,"ScotiaFundy-6 ",,CTD_PER2023767_767A043_1_UP,NaN,upward,45.9975,-58.8703,2023-08-23T16:14:48Z,2023-08-23T16:14:48Z,2023-08-23T16:25:59Z,2023-08-23T16:24:59Z,33.718174,34.0,31.5058,31.5058,3.185,2.895236,9.19392,8.502,5.365,NaN,2446
,M. Perley,9656151,Ryan Stanley,"Eastern Shore Water, St Anns Bank",PER2023767,"ScotiaFundy-6 ",,CTD_PER2023767_767A043_1_UP,NaN,upward,45.9975,-58.8703,2023-08-23T16:14:48Z,2023-08-23T16:14:48Z,2023-08-23T16:25:59Z,2023-08-23T16:25:03Z,31.734905,32.0,31.5866,31.5866,3.274,2.90912,9.18428,8.5197,5.7431,NaN,2464
,M. Perley,9656151,Ryan Stanley,"Eastern Shore Water, St Anns Bank",PER2023767,"ScotiaFundy-6 ",,CTD_PER2023767_767A043_1_UP,NaN,upward,45.9975,-58.8703,2023-08-23T16:14:48Z,2023-08-23T16:14:48Z,2023-08-23T16:25:59Z,2023-08-23T16:25:07Z,29.751617,30.0,31.4153,31.4153,3.5334,2.915816,9.19743,8.4973,7.1358,NaN,2479
,M. Perley,9656151,Ryan Stanley,"Eastern Shore Water, St Anns Bank",PER2023767,"ScotiaFundy-6 ",,CTD_PER2023767_767A043_1_UP,NaN,upward,45.9975,-58.8703,2023-08-23T16:14:48Z,2023-08-23T16:14:48Z,2023-08-23T16:25:59Z,2023-08-23T16:25:11Z,27.76831,28.0,31.3943,31.3943,3.8884,2.942827,9.1971,8.5186,7.9431,NaN,2496
,M. Perley,9656151,Ryan Stanley,"Eastern Shore Water, St Anns Bank",PER2023767,"ScotiaFundy-6 ",,CTD_PER2023767_767A043_1_UP,NaN,upward,45.9975,-58.8703,2023-08-23T16:14:48Z,2023-08-23T16:14:48Z,2023-08-23T16:25:59Z,2023-08-23T16:25:15Z,25.784985,26.0,31.3969,31.3969,4.016,2.95338,9.14134,8.6512,9.6985,NaN,2513
,M. Perley,9656151,Ryan Stanley,"Eastern Shore Water, St Anns Bank",PER2023767,"ScotiaFundy-6 ",,CTD_PER2023767_767A043_1_UP,NaN,upward,45.9975,-58.8703,2023-08-23T16:14:48Z,2023-08-23T16:14:48Z,2023-08-23T16:25:59Z,2023-08-23T16:25:19Z,23.801641,24.0,31.291,31.291,4.3074,2.968009,9.1217,8.7164,11.7594,NaN,2527
,M. Perley,9656151,Ryan Stanley,"Eastern Shore Water, St Anns Bank",PER2023767,"ScotiaFundy-6 ",,CTD_PER2023767_767A043_1_UP,NaN,upward,45.9975,-58.8703,2023-08-23T16:14:48Z,2023-08-23T16:14:48Z,2023-08-23T16:25:59Z,2023-08-23T16:25:23Z,21.818275,22.0,31.2099,31.2099,4.5705,2.982416,9.12956,8.8398,15.1047,NaN,2542
,M. Perley,9656151,Ryan Stanley,"Eastern Shore Water, St Anns Bank",PER2023767,"ScotiaFundy-6 ",,CTD_PER2023767_767A043_1_UP,NaN,upward,45.9975,-58.8703,2023-08-23T16:14:48Z,2023-08-23T16:14:48Z,2023-08-23T16:25:59Z,2023-08-23T16:25:26Z,19.834892,20.0,31.4061,31.4061,5.0195,3.036226,9.10843,8.9036,17.102,NaN,2554
,M. Perley,9656151,Ryan Stanley,"Eastern Shore Water, St Anns Bank",PER2023767,"ScotiaFundy-6 ",,CTD_PER2023767_767A043_1_UP,NaN,upward,45.9975,-58.8703,2023-08-23T16:14:48Z,2023-08-23T16:14:48Z,2023-08-23T16:25:59Z,2023-08-23T16:25:30Z,17.85149,18.0,30.9782,30.9782,6.6718,3.134268,9.13245,8.6819,15.1706,NaN,2570
,M. Perley,9656151,Ryan Stanley,"Eastern Shore Water, St Anns Bank",PER2023767,"ScotiaFundy-6 ",,CTD_PER2023767_767A043_1_UP,NaN,upward,45.9975,-58.8703,2023-08-23T16:14:48Z,2023-08-23T16:14:48Z,2023-08-23T16:25:59Z,2023-08-23T16:25:33Z,15.868069,16.0,30.2944,30.2944,7.8949,3.171903,9.16682,8.3542,15.3017,NaN,2583
,M. Perley,9656151,Ryan Stanley,"Eastern Shore Water, St Anns Bank",PER2023767,"ScotiaFundy-6 ",,CTD_PER2023767_767A043_1_UP,NaN,upward,45.9975,-58.8703,2023-08-23T16:14:48Z,2023-08-23T16:14:48Z,2023-08-23T16:25:59Z,2023-08-23T16:25:37Z,13.884627,14.0,30.9875,30.9875,8.5858,3.294537,9.12468,8.5021,13.1057,NaN,2601
,M. Perley,9656151,Ryan Stanley,"Eastern Shore Water, St Anns Bank",PER2023767,"ScotiaFundy-6 ",,CTD_PER2023767_767A043_1_UP,NaN,upward,45.9975,-58.8703,2023-08-23T16:14:48Z,2023-08-23T16:14:48Z,2023-08-23T16:25:59Z,2023-08-23T16:25:41Z,11.901167,12.0,30.1068,30.1068,11.4574,3.448247,9.17561,7.4405,12.1662,NaN,2616
,M. Perley,9656151,Ryan Stanley,"Eastern Shore Water, St Anns Bank",PER2023767,"ScotiaFundy-6 ",,CTD_PER2023767_767A043_1_UP,NaN,upward,45.9975,-58.8703,2023-08-23T16:14:48Z,2023-08-23T16:14:48Z,2023-08-23T16:25:59Z,2023-08-23T16:25:44Z,9.917687,10.0,29.4621,29.4621,11.909,3.419106,9.21146,7.3384,4.6895,NaN,2628
,M. Perley,9656151,Ryan Stanley,"Eastern Shore Water, St Anns Bank",PER2023767,"ScotiaFundy-6 ",,CTD_PER2023767_767A043_1_UP,NaN,upward,45.9975,-58.8703,2023-08-23T16:14:48Z,2023-08-23T16:14:48Z,2023-08-23T16:25:59Z,2023-08-23T16:25:49Z,7.9341884,8.0,29.6466,29.6466,12.7668,3.509772,7.15442,7.1876,5.4904,NaN,2645
,M. Perley,9656151,Ryan Stanley,"Eastern Shore Water, St Anns Bank",PER2023767,"ScotiaFundy-6 ",,CTD_PER2023767_767A043_1_UP,NaN,upward,45.9975,-58.8703,2023-08-23T16:14:48Z,2023-08-23T16:14:48Z,2023-08-23T16:25:59Z,2023-08-23T16:25:52Z,5.9506702,6.0,29.4404,29.4404,14.3076,3.615998,7.14778,6.985,5.064,NaN,2658
,M. Perley,9656151,Ryan Stanley,"Eastern Shore Water, St Anns Bank",PER2023767,"ScotiaFundy-6 ",,CTD_PER2023767_767A043_1_UP,NaN,upward,45.9975,-58.8703,2023-08-23T16:14:48Z,2023-08-23T16:14:48Z,2023-08-23T16:25:59Z,2023-08-23T16:25:56Z,3.9671328,4.0,28.504,28.504,17.238,3.754608,7.177,6.612,3.8115,NaN,2673
,M. Perley,9656151,Ryan Stanley,"Eastern Shore Water, St Anns Bank",PER2023767,"ScotiaFundy-6 ",,CTD_PER2023767_767A043_1_UP,NaN,upward,45.9975,-58.8703,2023-08-23T16:14:48Z,2023-08-23T16:14:48Z,2023-08-23T16:25:59Z,2023-08-23T16:25:59Z,1.9835759,2.0,27.6355,27.6355,18.566,3.760979,7.22529,6.4699,3.4081,NaN,2686
,M. Perley,9656151,Ryan Stanley,"Eastern Shore Water, St Anns Bank",PER2023767,"ScotiaFundy-6 ",,CTD_PER2023767_767A044_1_DN,NaN,downward,45.9913,-58.9308,2023-08-23T17:58:56Z,2023-08-23T17:58:56Z,2023-08-23T18:09:25Z,2023-08-23T18:00:51Z,1.9835771,2.0,28.7437,28.7437,19.1806,3.947606,6.76924,6.0772,4.5894,NaN,464
,M. Perley,9656151,Ryan Stanley,"Eastern Shore Water, St Anns Bank",PER2023767,"ScotiaFundy-6 ",,CTD_PER2023767_767A044_1_DN,NaN,downward,45.9913,-58.9308,2023-08-23T17:58:56Z,2023-08-23T17:58:56Z,2023-08-23T18:09:25Z,2023-08-23T18:00:54Z,3.967135,4.0,28.7469,28.7469,19.1969,3.949463,6.79281,6.0788,4.872,NaN,476
,M. Perley,9656151,Ryan Stanley,"Eastern Shore Water, St Anns Bank",PER2023767,"ScotiaFundy-6 ",,CTD_PER2023767_767A044_1_DN,NaN,downward,45.9913,-58.9308,2023-08-23T17:58:56Z,2023-08-23T17:58:56Z,2023-08-23T18:09:25Z,2023-08-23T18:00:57Z,5.9506736,6.0,28.7361,28.7361,19.2091,3.949249,6.79295,6.173,6.1256,NaN,489
,M. Perley,9656151,Ryan Stanley,"Eastern Shore Water, St Anns Bank",PER2023767,"ScotiaFundy-6 ",,CTD_PER2023767_767A044_1_DN,NaN,downward,45.9913,-58.9308,2023-08-23T17:58:56Z,2023-08-23T17:58:56Z,2023-08-23T18:09:25Z,2023-08-23T18:01:01Z,7.9341927,8.0,28.7461,28.7461,19.1973,3.949544,6.79292,6.2175,7.0227,NaN,502
,M. Perley,9656151,Ryan Stanley,"Eastern Shore Water, St Anns Bank",PER2023767,"ScotiaFundy-6 ",,CTD_PER2023767_767A044_1_DN,NaN,downward,45.9913,-58.9308,2023-08-23T17:58:56Z,2023-08-23T17:58:56Z,2023-08-23T18:09:25Z,2023-08-23T18:01:04Z,9.917693,10.0,28.7471,28.7471,19.1937,3.949439,6.79334,6.2233,7.7676,NaN,516
,M. Perley,9656151,Ryan Stanley,"Eastern Shore Water, St Anns Bank",PER2023767,"ScotiaFundy-6 ",,CTD_PER2023767_767A044_1_DN,NaN,downward,45.9913,-58.9308,2023-08-23T17:58:56Z,2023-08-23T17:58:56Z,2023-08-23T18:09:25Z,2023-08-23T18:01:08Z,11.901174,12.0,28.7953,28.7953,19.0033,3.939222,6.7931,6.1615,9.548,NaN,530
,M. Perley,9656151,Ryan Stanley,"Eastern Shore Water, St Anns Bank",PER2023767,"ScotiaFundy-6 ",,CTD_PER2023767_767A044_1_DN,NaN,downward,45.9913,-58.9308,2023-08-23T17:58:56Z,2023-08-23T17:58:56Z,2023-08-23T18:09:25Z,2023-08-23T18:01:12Z,13.884635,14.0,29.0635,29.0635,16.9995,3.801168,6.79077,6.4696,12.4687,NaN,546
,M. Perley,9656151,Ryan Stanley,"Eastern Shore Water, St Anns Bank",PER2023767,"ScotiaFundy-6 ",,CTD_PER2023767_767A044_1_DN,NaN,downward,45.9913,-58.9308,2023-08-23T17:58:56Z,2023-08-23T17:58:56Z,2023-08-23T18:09:25Z,2023-08-23T18:01:16Z,15.868077,16.0,29.7106,29.7106,13.3105,3.562091,6.77099,7.3006,14.5348,NaN,563
,M. Perley,9656151,Ryan Stanley,"Eastern Shore Water, St Anns Bank",PER2023767,"ScotiaFundy-6 ",,CTD_PER2023767_767A044_1_DN,NaN,downward,45.9913,-58.9308,2023-08-23T17:58:56Z,2023-08-23T17:58:56Z,2023-08-23T18:09:25Z,2023-08-23T18:01:20Z,17.851501,18.0,30.6727,30.6727,8.9645,3.296154,6.73746,7.903,12.571,NaN,579
,M. Perley,9656151,Ryan Stanley,"Eastern Shore Water, St Anns Bank",PER2023767,"ScotiaFundy-6 ",,CTD_PER2023767_767A044_1_DN,NaN,downward,45.9913,-58.9308,2023-08-23T17:58:56Z,2023-08-23T17:58:56Z,2023-08-23T18:09:25Z,2023-08-23T18:01:24Z,19.834904,20.0,31.1583,31.1583,7.1129,3.187601,8.40336,8.0436,11.5913,NaN,596
,M. Perley,9656151,Ryan Stanley,"Eastern Shore Water, St Anns Bank",PER2023767,"ScotiaFundy-6 ",,CTD_PER2023767_767A044_1_DN,NaN,downward,45.9913,-58.9308,2023-08-23T17:58:56Z,2023-08-23T17:58:56Z,2023-08-23T18:09:25Z,2023-08-23T18:01:28Z,21.818289,22.0,31.4416,31.4416,5.9663,3.117927,8.96695,8.1039,13.4294,NaN,612
,M. Perley,9656151,Ryan Stanley,"Eastern Shore Water, St Anns Bank",PER2023767,"ScotiaFundy-6 ",,CTD_PER2023767_767A044_1_DN,NaN,downward,45.9913,-58.9308,2023-08-23T17:58:56Z,2023-08-23T17:58:56Z,2023-08-23T18:09:25Z,2023-08-23T18:01:33Z,23.801655,24.0,31.4597,31.4597,6.0423,3.126056,8.78911,8.0712,11.4513,NaN,629
,M. Perley,9656151,Ryan Stanley,"Eastern Shore Water, St Anns Bank",PER2023767,"ScotiaFundy-6 ",,CTD_PER2023767_767A044_1_DN,NaN,downward,45.9913,-58.9308,2023-08-23T17:58:56Z,2023-08-23T17:58:56Z,2023-08-23T18:09:25Z,2023-08-23T18:01:37Z,25.785,26.0,31.4114,31.4114,5.5555,3.081285,8.79144,8.1177,9.435,NaN,646
,M. Perley,9656151,Ryan Stanley,"Eastern Shore Water, St Anns Bank",PER2023767,"ScotiaFundy-6 ",,CTD_PER2023767_767A044_1_DN,NaN,downward,45.9913,-58.9308,2023-08-23T17:58:56Z,2023-08-23T17:58:56Z,2023-08-23T18:09:25Z,2023-08-23T18:01:41Z,27.768328,28.0,31.4974,31.4974,4.8126,3.027484,8.78542,8.138,7.8759,NaN,665
,M. Perley,9656151,Ryan Stanley,"Eastern Shore Water, St Anns Bank",PER2023767,"ScotiaFundy-6 ",,CTD_PER2023767_767A044_1_DN,NaN,downward,45.9913,-58.9308,2023-08-23T17:58:56Z,2023-08-23T17:58:56Z,2023-08-23T18:09:25Z,2023-08-23T18:01:45Z,29.751635,30.0,32.1159,32.1159,4.1395,3.025364,8.75077,8.1813,6.7909,NaN,677
,M. Perley,9656151,Ryan Stanley,"Eastern Shore Water, St Anns Bank",PER2023767,"ScotiaFundy-6 ",,CTD_PER2023767_767A044_1_DN,NaN,downward,45.9913,-58.9308,2023-08-23T17:58:56Z,2023-08-23T17:58:56Z,2023-08-23T18:09:25Z,2023-08-23T18:01:50Z,31.734922,32.0,31.6151,31.6151,4.4486,3.007898,8.77971,8.0031,4.9341,NaN,699
,M. Perley,9656151,Ryan Stanley,"Eastern Shore Water, St Anns Bank",PER2023767,"ScotiaFundy-6 ",,CTD_PER2023767_767A044_1_DN,NaN,downward,45.9913,-58.9308,2023-08-23T17:58:56Z,2023-08-23T17:58:56Z,2023-08-23T18:09:25Z,2023-08-23T18:01:54Z,33.718193,34.0,31.7925,31.7925,3.4987,2.944794,9.01915,8.1935,3.793,NaN,716
,M. Perley,9656151,Ryan Stanley,"Eastern Shore Water, St Anns Bank",PER2023767,"ScotiaFundy-6 ",,CTD_PER2023767_767A044_1_DN,NaN,downward,45.9913,-58.9308,2023-08-23T17:58:56Z,2023-08-23T17:58:56Z,2023-08-23T18:09:25Z,2023-08-23T18:01:59Z,35.701443,36.0,31.8279,31.8279,3.1135,2.916245,9.40052,8.3097,3.718,NaN,734
,M. Perley,9656151,Ryan Stanley,"Eastern Shore Water, St Anns Bank",PER2023767,"ScotiaFundy-6 ",,CTD_PER2023767_767A044_1_DN,NaN,downward,45.9913,-58.9308,2023-08-23T17:58:56Z,2023-08-23T17:58:56Z,2023-08-23T18:09:25Z,2023-08-23T18:02:03Z,37.684673,38.0,32.1189,32.1189,3.1173,2.940789,9.28122,8.2577,3.7804,NaN,752
,M. Perley,9656151,Ryan Stanley,"Eastern Shore Water, St Anns Bank",PER2023767,"ScotiaFundy-6 ",,CTD_PER2023767_767A044_1_DN,NaN,downward,45.9913,-58.9308,2023-08-23T17:58:56Z,2023-08-23T17:58:56Z,2023-08-23T18:09:25Z,2023-08-23T18:02:08Z,39.667885,40.0,31.9078,31.9078,2.9437,2.909146,9.30401,8.317,3.814,NaN,770
,M. Perley,9656151,Ryan Stanley,"Eastern Shore Water, St Anns Bank",PER2023767,"ScotiaFundy-6 ",,CTD_PER2023767_767A044_1_DN,NaN,downward,45.9913,-58.9308,2023-08-23T17:58:56Z,2023-08-23T17:58:56Z,2023-08-23T18:09:25Z,2023-08-23T18:02:12Z,41.651073,42.0,32.084,32.084,2.6209,2.897283,9.28499,8.3824,4.3138,NaN,789
,M. Perley,9656151,Ryan Stanley,"Eastern Shore Water, St Anns Bank",PER2023767,"ScotiaFundy-6 ",,CTD_PER2023767_767A044_1_DN,NaN,downward,45.9913,-58.9308,2023-08-23T17:58:56Z,2023-08-23T17:58:56Z,2023-08-23T18:09:25Z,2023-08-23T18:02:17Z,43.634247,44.0,31.8763,31.8763,2.7537,2.891181,9.30495,8.3274,3.0512,NaN,808
,M. Perley,9656151,Ryan Stanley,"Eastern Shore Water, St Anns Bank",PER2023767,"ScotiaFundy-6 ",,CTD_PER2023767_767A044_1_DN,NaN,downward,45.9913,-58.9308,2023-08-23T17:58:56Z,2023-08-23T17:58:56Z,2023-08-23T18:09:25Z,2023-08-23T18:02:22Z,45.6174,46.0,31.9002,31.9002,2.6475,2.884556,9.31408,8.3401,3.335,NaN,827
,M. Perley,9656151,Ryan Stanley,"Eastern Shore Water, St Anns Bank",PER2023767,"ScotiaFundy-6 ",,CTD_PER2023767_767A044_1_DN,NaN,downward,45.9913,-58.9308,2023-08-23T17:58:56Z,2023-08-23T17:58:56Z,2023-08-23T18:09:25Z,2023-08-23T18:02:26Z,47.600536,48.0,31.9294,31.9294,2.6913,2.890617,9.32652,8.3041,2.8972,NaN,845
,M. Perley,9656151,Ryan Stanley,"Eastern Shore Water, St Anns Bank",PER2023767,"ScotiaFundy-6 ",,CTD_PER2023767_767A044_1_DN,NaN,downward,45.9913,-58.9308,2023-08-23T17:58:56Z,2023-08-23T17:58:56Z,2023-08-23T18:09:25Z,2023-08-23T18:02:31Z,49.583652,50.0,31.85,31.85,2.5028,2.868824,9.33176,8.3203,2.6344,NaN,863
,M. Perley,9656151,Ryan Stanley,"Eastern Shore Water, St Anns Bank",PER2023767,"ScotiaFundy-6 ",,CTD_PER2023767_767A044_1_DN,NaN,downward,45.9913,-58.9308,2023-08-23T17:58:56Z,2023-08-23T17:58:56Z,2023-08-23T18:09:25Z,2023-08-23T18:02:36Z,51.566746,52.0,31.9356,31.9356,2.218,2.852684,9.32611,8.3542,2.3976,NaN,882
,M. Perley,9656151,Ryan Stanley,"Eastern Shore Water, St Anns Bank",PER2023767,"ScotiaFundy-6 ",,CTD_PER2023767_767A044_1_DN,NaN,downward,45.9913,-58.9308,2023-08-23T17:58:56Z,2023-08-23T17:58:56Z,2023-08-23T18:09:25Z,2023-08-23T18:02:41Z,53.549824,54.0,31.9196,31.9196,2.1454,2.845572,9.33369,8.2861,2.488,NaN,902
,M. Perley,9656151,Ryan Stanley,"Eastern Shore Water, St Anns Bank",PER2023767,"ScotiaFundy-6 ",,CTD_PER2023767_767A044_1_DN,NaN,downward,45.9913,-58.9308,2023-08-23T17:58:56Z,2023-08-23T17:58:56Z,2023-08-23T18:09:25Z,2023-08-23T18:02:46Z,55.53288,56.0,32.0496,32.0496,2.1233,2.85437,9.3174,8.1054,1.8939,NaN,922
,M. Perley,9656151,Ryan Stanley,"Eastern Shore Water, St Anns Bank",PER2023767,"ScotiaFundy-6 ",,CTD_PER2023767_767A044_1_DN,NaN,downward,45.9913,-58.9308,2023-08-23T17:58:56Z,2023-08-23T17:58:56Z,2023-08-23T18:09:25Z,2023-08-23T18:02:51Z,57.51592,58.0,32.0064,32.0064,2.2803,2.863761,9.32282,8.1022,1.991,NaN,945
,M. Perley,9656151,Ryan Stanley,"Eastern Shore Water, St Anns Bank",PER2023767,"ScotiaFundy-6 ",,CTD_PER2023767_767A044_1_DN,NaN,downward,45.9913,-58.9308,2023-08-23T17:58:56Z,2023-08-23T17:58:56Z,2023-08-23T18:09:25Z,2023-08-23T18:02:57Z,59.49894,60.0,32.0116,32.0116,2.281,2.864328,8.97043,8.0925,2.0483,NaN,968
,M. Perley,9656151,Ryan Stanley,"Eastern Shore Water, St Anns Bank",PER2023767,"ScotiaFundy-6 ",,CTD_PER2023767_767A044_1_DN,NaN,downward,45.9913,-58.9308,2023-08-23T17:58:56Z,2023-08-23T17:58:56Z,2023-08-23T18:09:25Z,2023-08-23T18:03:03Z,61.481937,62.0,32.033,32.033,2.1983,2.859402,9.02415,8.076,1.9674,NaN,991
,M. Perley,9656151,Ryan Stanley,"Eastern Shore Water, St Anns Bank",PER2023767,"ScotiaFundy-6 ",,CTD_PER2023767_767A044_1_DN,NaN,downward,45.9913,-58.9308,2023-08-23T17:58:56Z,2023-08-23T17:58:56Z,2023-08-23T18:09:25Z,2023-08-23T18:03:08Z,63.464916,64.0,32.0824,32.0824,2.1674,2.86096,9.02139,8.0372,1.8661,NaN,1013
,M. Perley,9656151,Ryan Stanley,"Eastern Shore Water, St Anns Bank",PER2023767,"ScotiaFundy-6 ",,CTD_PER2023767_767A044_1_DN,NaN,downward,45.9913,-58.9308,2023-08-23T17:58:56Z,2023-08-23T17:58:56Z,2023-08-23T18:09:25Z,2023-08-23T18:03:13Z,65.447876,66.0,32.0892,32.0892,2.1462,2.859873,9.02325,8.0044,1.8255,NaN,1031
,M. Perley,9656151,Ryan Stanley,"Eastern Shore Water, St Anns Bank",PER2023767,"ScotiaFundy-6 ",,CTD_PER2023767_767A044_1_DN,NaN,downward,45.9913,-58.9308,2023-08-23T17:58:56Z,2023-08-23T17:58:56Z,2023-08-23T18:09:25Z,2023-08-23T18:03:19Z,67.430824,68.0,32.1433,32.1433,2.0822,2.859092,9.01913,7.9679,1.6913,NaN,1054
,M. Perley,9656151,Ryan Stanley,"Eastern Shore Water, St Anns Bank",PER2023767,"ScotiaFundy-6 ",,CTD_PER2023767_767A044_1_DN,NaN,downward,45.9913,-58.9308,2023-08-23T17:58:56Z,2023-08-23T17:58:56Z,2023-08-23T18:09:25Z,2023-08-23T18:03:29Z,71.396645,72.0,32.2306,32.2306,1.9592,2.856216,8.86497,7.9547,1.5994,NaN,1096
,M. Perley,9656151,Ryan Stanley,"Eastern Shore Water, St Anns Bank",PER2023767,"ScotiaFundy-6 ",,CTD_PER2023767_767A044_1_DN,NaN,downward,45.9913,-58.9308,2023-08-23T17:58:56Z,2023-08-23T17:58:56Z,2023-08-23T18:09:25Z,2023-08-23T18:03:37Z,73.37953,74.0,32.3219,32.3219,1.9048,2.859195,8.85957,7.8532,1.5156,NaN,1127
,M. Perley,9656151,Ryan Stanley,"Eastern Shore Water, St Anns Bank",PER2023767,"ScotiaFundy-6 ",,CTD_PER2023767_767A044_1_DN,NaN,downward,45.9913,-58.9308,2023-08-23T17:58:56Z,2023-08-23T17:58:56Z,2023-08-23T18:09:25Z,2023-08-23T18:03:41Z,75.3624,76.0,32.3081,32.3081,1.9445,2.861419,8.86185,7.8933,1.5519,NaN,1145
,M. Perley,9656151,Ryan Stanley,"Eastern Shore Water, St Anns Bank",PER2023767,"ScotiaFundy-6 ",,CTD_PER2023767_767A044_1_DN,NaN,downward,45.9913,-58.9308,2023-08-23T17:58:56Z,2023-08-23T17:58:56Z,2023-08-23T18:09:25Z,2023-08-23T18:03:46Z,77.345245,78.0,32.3595,32.3595,1.9154,2.863252,8.85918,7.7767,1.5417,NaN,1165
,M. Perley,9656151,Ryan Stanley,"Eastern Shore Water, St Anns Bank",PER2023767,"ScotiaFundy-6 ",,CTD_PER2023767_767A044_1_DN,NaN,downward,45.9913,-58.9308,2023-08-23T17:58:56Z,2023-08-23T17:58:56Z,2023-08-23T18:09:25Z,2023-08-23T18:03:50Z,79.32807,80.0,32.4181,32.4181,1.8757,2.864778,8.85521,7.7221,1.39,NaN,1179
,M. Perley,9656151,Ryan Stanley,"Eastern Shore Water, St Anns Bank",PER2023767,"ScotiaFundy-6 ",,CTD_PER2023767_767A044_1_DN,NaN,downward,45.9913,-58.9308,2023-08-23T17:58:56Z,2023-08-23T17:58:56Z,2023-08-23T18:09:25Z,2023-08-23T18:04:24Z,89.24191,90.0,32.5116,32.5116,1.9871,2.88188,8.39374,7.5021,1.4446,NaN,1316
,M. Perley,9656151,Ryan Stanley,"Eastern Shore Water, St Anns Bank",PER2023767,"ScotiaFundy-6 ",,CTD_PER2023767_767A044_1_DN,NaN,downward,45.9913,-58.9308,2023-08-23T17:58:56Z,2023-08-23T17:58:56Z,2023-08-23T18:09:25Z,2023-08-23T18:04:28Z,91.224625,92.0,32.5657,32.5657,2.049,2.891421,8.39076,7.4568,1.4146,NaN,1333
,M. Perley,9656151,Ryan Stanley,"Eastern Shore Water, St Anns Bank",PER2023767,"ScotiaFundy-6 ",,CTD_PER2023767_767A044_1_DN,NaN,downward,45.9913,-58.9308,2023-08-23T17:58:56Z,2023-08-23T17:58:56Z,2023-08-23T18:09:25Z,2023-08-23T18:04:33Z,93.20731,94.0,32.5841,32.5841,2.0883,2.896245,8.39041,7.4181,1.4583,NaN,1351
,M. Perley,9656151,Ryan Stanley,"Eastern Shore Water, St Anns Bank",PER2023767,"ScotiaFundy-6 ",,CTD_PER2023767_767A044_1_DN,NaN,downward,45.9913,-58.9308,2023-08-23T17:58:56Z,2023-08-23T17:58:56Z,2023-08-23T18:09:25Z,2023-08-23T18:04:37Z,95.18999,96.0,32.5946,32.5946,2.1173,2.899566,8.39028,7.3757,1.4619,NaN,1369
,M. Perley,9656151,Ryan Stanley,"Eastern Shore Water, St Anns Bank",PER2023767,"ScotiaFundy-6 ",,CTD_PER2023767_767A044_1_DN,NaN,downward,45.9913,-58.9308,2023-08-23T17:58:56Z,2023-08-23T17:58:56Z,2023-08-23T18:09:25Z,2023-08-23T18:04:42Z,97.172646,98.0,32.5928,32.5928,2.1144,2.899279,8.39112,7.3582,1.4398,NaN,1387
,M. Perley,9656151,Ryan Stanley,"Eastern Shore Water, St Anns Bank",PER2023767,"ScotiaFundy-6 ",,CTD_PER2023767_767A044_1_DN,NaN,downward,45.9913,-58.9308,2023-08-23T17:58:56Z,2023-08-23T17:58:56Z,2023-08-23T18:09:25Z,2023-08-23T18:04:46Z,99.15528,100.0,32.5984,32.5984,2.1276,2.900906,8.39126,7.303,1.4152,NaN,1405
,M. Perley,9656151,Ryan Stanley,"Eastern Shore Water, St Anns Bank",PER2023767,"ScotiaFundy-6 ",,CTD_PER2023767_767A044_1_DN,NaN,downward,45.9913,-58.9308,2023-08-23T17:58:56Z,2023-08-23T17:58:56Z,2023-08-23T18:09:25Z,2023-08-23T18:04:50Z,101.13789,102.0,32.6265,32.6265,2.1895,2.908385,8.39031,7.2406,1.4226,NaN,1421
,M. Perley,9656151,Ryan Stanley,"Eastern Shore Water, St Anns Bank",PER2023767,"ScotiaFundy-6 ",,CTD_PER2023767_767A044_1_DN,NaN,downward,45.9913,-58.9308,2023-08-23T17:58:56Z,2023-08-23T17:58:56Z,2023-08-23T18:09:25Z,2023-08-23T18:05:07Z,107.085625,108.0,32.7311,32.7311,2.3382,2.929471,8.03378,7.0669,1.4393,NaN,1488
,M. Perley,9656151,Ryan Stanley,"Eastern Shore Water, St Anns Bank",PER2023767,"ScotiaFundy-6 ",,CTD_PER2023767_767A044_1_DN,NaN,downward,45.9913,-58.9308,2023-08-23T17:58:56Z,2023-08-23T17:58:56Z,2023-08-23T18:09:25Z,2023-08-23T18:05:11Z,109.06816,110.0,32.8087,32.8087,2.45,2.945179,8.02886,6.9637,1.3983,NaN,1505
,M. Perley,9656151,Ryan Stanley,"Eastern Shore Water, St Anns Bank",PER2023767,"ScotiaFundy-6 ",,CTD_PER2023767_767A044_1_DN,NaN,downward,45.9913,-58.9308,2023-08-23T17:58:56Z,2023-08-23T17:58:56Z,2023-08-23T18:09:25Z,2023-08-23T18:05:44Z,120.96299,122.0,33.0514,33.0514,3.0032,3.01204,7.55291,6.474,1.3917,NaN,1635
,M. Perley,9656151,Ryan Stanley,"Eastern Shore Water, St Anns Bank",PER2023767,"ScotiaFundy-6 ",,CTD_PER2023767_767A044_1_DN,NaN,downward,45.9913,-58.9308,2023-08-23T17:58:56Z,2023-08-23T17:58:56Z,2023-08-23T18:09:25Z,2023-08-23T18:05:49Z,122.9454,124.0,33.0756,33.0756,3.131,3.024937,7.55255,6.449,1.4226,NaN,1655
,M. Perley,9656151,Ryan Stanley,"Eastern Shore Water, St Anns Bank",PER2023767,"ScotiaFundy-6 ",,CTD_PER2023767_767A044_1_DN,NaN,downward,45.9913,-58.9308,2023-08-23T17:58:56Z,2023-08-23T17:58:56Z,2023-08-23T18:09:25Z,2023-08-23T18:05:53Z,124.92778,126.0,33.1136,33.1136,3.1996,3.033977,7.09351,6.2531,1.4063,NaN,1672
,M. Perley,9656151,Ryan Stanley,"Eastern Shore Water, St Anns Bank",PER2023767,"ScotiaFundy-6 ",,CTD_PER2023767_767A044_1_DN,NaN,downward,45.9913,-58.9308,2023-08-23T17:58:56Z,2023-08-23T17:58:56Z,2023-08-23T18:09:25Z,2023-08-23T18:05:58Z,126.91014,128.0,33.1417,33.1417,3.3454,3.04879,7.08752,6.1432,1.376,NaN,1690
,M. Perley,9656151,Ryan Stanley,"Eastern Shore Water, St Anns Bank",PER2023767,"ScotiaFundy-6 ",,CTD_PER2023767_767A044_1_DN,NaN,downward,45.9913,-58.9308,2023-08-23T17:58:56Z,2023-08-23T17:58:56Z,2023-08-23T18:09:25Z,2023-08-23T18:06:01Z,128.89249,130.0,33.0751,33.0751,3.5988,3.06488,7.09043,6.0713,1.4327,NaN,1705
,M. Perley,9656151,Ryan Stanley,"Eastern Shore Water, St Anns Bank",PER2023767,"ScotiaFundy-6 ",,CTD_PER2023767_767A044_1_DN,NaN,downward,45.9913,-58.9308,2023-08-23T17:58:56Z,2023-08-23T17:58:56Z,2023-08-23T18:09:25Z,2023-08-23T18:06:07Z,130.87482,132.0,33.2558,33.2558,3.5192,3.073272,7.08231,5.9932,1.3861,NaN,1725
,M. Perley,9656151,Ryan Stanley,"Eastern Shore Water, St Anns Bank",PER2023767,"ScotiaFundy-6 ",,CTD_PER2023767_767A044_1_DN,NaN,downward,45.9913,-58.9308,2023-08-23T17:58:56Z,2023-08-23T17:58:56Z,2023-08-23T18:09:25Z,2023-08-23T18:06:16Z,134.83942,136.0,33.3633,33.3633,3.7939,3.10598,7.07789,5.7161,1.4113,NaN,1763
,M. Perley,9656151,Ryan Stanley,"Eastern Shore Water, St Anns Bank",PER2023767,"ScotiaFundy-6 ",,CTD_PER2023767_767A044_1_DN,NaN,downward,45.9913,-58.9308,2023-08-23T17:58:56Z,2023-08-23T17:58:56Z,2023-08-23T18:09:25Z,2023-08-23T18:09:25Z,138.80394,140.0,33.4673,33.4673,4.1075,3.141983,6.05697,5.4856,1.3137,NaN,2520
,M. Perley,9656151,Ryan Stanley,"Eastern Shore Water, St Anns Bank",PER2023767,"ScotiaFundy-6 ",,CTD_PER2023767_767A044_1_UP,NaN,upward,45.9913,-58.9308,2023-08-23T17:58:56Z,2023-08-23T17:58:56Z,2023-08-23T18:13:44Z,2023-08-23T18:09:37Z,136.82169,138.0,33.4559,33.4559,4.0941,3.139743,6.05697,5.5637,1.2875,NaN,2566
,M. Perley,9656151,Ryan Stanley,"Eastern Shore Water, St Anns Bank",PER2023767,"ScotiaFundy-6 ",,CTD_PER2023767_767A044_1_UP,NaN,upward,45.9913,-58.9308,2023-08-23T17:58:56Z,2023-08-23T17:58:56Z,2023-08-23T18:13:44Z,2023-08-23T18:09:41Z,134.83942,136.0,33.4441,33.4441,4.0619,3.135878,6.05722,5.6275,1.2847,NaN,2583
,M. Perley,9656151,Ryan Stanley,"Eastern Shore Water, St Anns Bank",PER2023767,"ScotiaFundy-6 ",,CTD_PER2023767_767A044_1_UP,NaN,upward,45.9913,-58.9308,2023-08-23T17:58:56Z,2023-08-23T17:58:56Z,2023-08-23T18:13:44Z,2023-08-23T18:09:45Z,132.85713,134.0,33.4222,33.4222,4.0047,3.129,6.05798,5.7106,1.2907,NaN,2601
,M. Perley,9656151,Ryan Stanley,"Eastern Shore Water, St Anns Bank",PER2023767,"ScotiaFundy-6 ",,CTD_PER2023767_767A044_1_UP,NaN,upward,45.9913,-58.9308,2023-08-23T17:58:56Z,2023-08-23T17:58:56Z,2023-08-23T18:13:44Z,2023-08-23T18:09:49Z,130.87482,132.0,33.3976,33.3976,3.9476,3.121914,6.05785,5.8107,1.2775,NaN,2614
,M. Perley,9656151,Ryan Stanley,"Eastern Shore Water, St Anns Bank",PER2023767,"ScotiaFundy-6 ",,CTD_PER2023767_767A044_1_UP,NaN,upward,45.9913,-58.9308,2023-08-23T17:58:56Z,2023-08-23T17:58:56Z,2023-08-23T18:13:44Z,2023-08-23T18:09:53Z,128.89249,130.0,33.3761,33.3761,3.8595,3.112428,6.15833,5.906,1.2834,NaN,2631
,M. Perley,9656151,Ryan Stanley,"Eastern Shore Water, St Anns Bank",PER2023767,"ScotiaFundy-6 ",,CTD_PER2023767_767A044_1_UP,NaN,upward,45.9913,-58.9308,2023-08-23T17:58:56Z,2023-08-23T17:58:56Z,2023-08-23T18:13:44Z,2023-08-23T18:09:57Z,126.91014,128.0,33.3637,33.3637,3.791,3.105419,6.32067,5.9791,1.2812,NaN,2648
,M. Perley,9656151,Ryan Stanley,"Eastern Shore Water, St Anns Bank",PER2023767,"ScotiaFundy-6 ",,CTD_PER2023767_767A044_1_UP,NaN,upward,45.9913,-58.9308,2023-08-23T17:58:56Z,2023-08-23T17:58:56Z,2023-08-23T18:13:44Z,2023-08-23T18:10:01Z,124.92778,126.0,33.3346,33.3346,3.7084,3.095797,6.3429,6.0557,1.2934,NaN,2661
,M. Perley,9656151,Ryan Stanley,"Eastern Shore Water, St Anns Bank",PER2023767,"ScotiaFundy-6 ",,CTD_PER2023767_767A044_1_UP,NaN,upward,45.9913,-58.9308,2023-08-23T17:58:56Z,2023-08-23T17:58:56Z,2023-08-23T18:13:44Z,2023-08-23T18:10:05Z,122.9454,124.0,33.2923,33.2923,3.6107,3.083794,6.34449,6.2257,1.4076,NaN,2679
,M. Perley,9656151,Ryan Stanley,"Eastern Shore Water, St Anns Bank",PER2023767,"ScotiaFundy-6 ",,CTD_PER2023767_767A044_1_UP,NaN,upward,45.9913,-58.9308,2023-08-23T17:58:56Z,2023-08-23T17:58:56Z,2023-08-23T18:13:44Z,2023-08-23T18:10:10Z,120.96299,122.0,33.2018,33.2018,3.3766,3.05617,6.3482,6.338,1.2904,NaN,2698
,M. Perley,9656151,Ryan Stanley,"Eastern Shore Water, St Anns Bank",PER2023767,"ScotiaFundy-6 ",,CTD_PER2023767_767A044_1_UP,NaN,upward,45.9913,-58.9308,2023-08-23T17:58:56Z,2023-08-23T17:58:56Z,2023-08-23T18:13:44Z,2023-08-23T18:10:14Z,118.98057,120.0,33.191,33.191,3.2731,3.046376,6.34807,6.4115,1.2949,NaN,2713
,M. Perley,9656151,Ryan Stanley,"Eastern Shore Water, St Anns Bank",PER2023767,"ScotiaFundy-6 ",,CTD_PER2023767_767A044_1_UP,NaN,upward,45.9913,-58.9308,2023-08-23T17:58:56Z,2023-08-23T17:58:56Z,2023-08-23T18:13:44Z,2023-08-23T18:10:17Z,116.99812,118.0,33.2231,33.2231,3.2062,3.043247,6.34587,6.462,1.2965,NaN,2727
,M. Perley,9656151,Ryan Stanley,"Eastern Shore Water, St Anns Bank",PER2023767,"ScotiaFundy-6 ",,CTD_PER2023767_767A044_1_UP,NaN,upward,45.9913,-58.9308,2023-08-23T17:58:56Z,2023-08-23T17:58:56Z,2023-08-23T18:13:44Z,2023-08-23T18:10:21Z,115.01566,116.0,33.1493,33.1493,3.1224,3.029943,6.48386,6.5693,1.307,NaN,2745
,M. Perley,9656151,Ryan Stanley,"Eastern Shore Water, St Anns Bank",PER2023767,"ScotiaFundy-6 ",,CTD_PER2023767_767A044_1_UP,NaN,upward,45.9913,-58.9308,2023-08-23T17:58:56Z,2023-08-23T17:58:56Z,2023-08-23T18:13:44Z,2023-08-23T18:10:24Z,113.03318,114.0,33.0584,33.0584,3.0676,3.017699,7.25506,6.6011,1.3226,NaN,2756
,M. Perley,9656151,Ryan Stanley,"Eastern Shore Water, St Anns Bank",PER2023767,"ScotiaFundy-6 ",,CTD_PER2023767_767A044_1_UP,NaN,upward,45.9913,-58.9308,2023-08-23T17:58:56Z,2023-08-23T17:58:56Z,2023-08-23T18:13:44Z,2023-08-23T18:10:29Z,111.05068,112.0,33.0503,33.0503,2.9566,3.007567,7.14986,6.8051,1.3258,NaN,2773
,M. Perley,9656151,Ryan Stanley,"Eastern Shore Water, St Anns Bank",PER2023767,"ScotiaFundy-6 ",,CTD_PER2023767_767A044_1_UP,NaN,upward,45.9913,-58.9308,2023-08-23T17:58:56Z,2023-08-23T17:58:56Z,2023-08-23T18:13:44Z,2023-08-23T18:10:32Z,109.06816,110.0,33.0515,33.0515,2.9095,3.003595,7.14833,6.8349,1.3573,NaN,2785
,M. Perley,9656151,Ryan Stanley,"Eastern Shore Water, St Anns Bank",PER2023767,"ScotiaFundy-6 ",,CTD_PER2023767_767A044_1_UP,NaN,upward,45.9913,-58.9308,2023-08-23T17:58:56Z,2023-08-23T17:58:56Z,2023-08-23T18:13:44Z,2023-08-23T18:10:35Z,107.085625,108.0,32.9423,32.9423,2.7277,2.979243,7.15602,6.9991,1.3407,NaN,2801
,M. Perley,9656151,Ryan Stanley,"Eastern Shore Water, St Anns Bank",PER2023767,"ScotiaFundy-6 ",,CTD_PER2023767_767A044_1_UP,NaN,upward,45.9913,-58.9308,2023-08-23T17:58:56Z,2023-08-23T17:58:56Z,2023-08-23T18:13:44Z,2023-08-23T18:10:38Z,105.103065,106.0,32.8543,32.8543,2.6065,2.961791,7.15607,7.0542,1.3506,NaN,2811
,M. Perley,9656151,Ryan Stanley,"Eastern Shore Water, St Anns Bank",PER2023767,"ScotiaFundy-6 ",,CTD_PER2023767_767A044_1_UP,NaN,upward,45.9913,-58.9308,2023-08-23T17:58:56Z,2023-08-23T17:58:56Z,2023-08-23T18:13:44Z,2023-08-23T18:10:42Z,103.12049,104.0,32.8477,32.8477,2.4588,2.948809,7.15798,7.1348,1.3458,NaN,2828
,M. Perley,9656151,Ryan Stanley,"Eastern Shore Water, St Anns Bank",PER2023767,"ScotiaFundy-6 ",,CTD_PER2023767_767A044_1_UP,NaN,upward,45.9913,-58.9308,2023-08-23T17:58:56Z,2023-08-23T17:58:56Z,2023-08-23T18:13:44Z,2023-08-23T18:10:46Z,101.13789,102.0,32.8533,32.8533,2.4028,2.944491,7.15659,7.1799,1.3546,NaN,2841
,M. Perley,9656151,Ryan Stanley,"Eastern Shore Water, St Anns Bank",PER2023767,"ScotiaFundy-6 ",,CTD_PER2023767_767A044_1_UP,NaN,upward,45.9913,-58.9308,2023-08-23T17:58:56Z,2023-08-23T17:58:56Z,2023-08-23T18:13:44Z,2023-08-23T18:10:49Z,99.15528,100.0,32.8555,32.8555,2.3645,2.941381,7.15644,7.2457,1.3894,NaN,2855
,M. Perley,9656151,Ryan Stanley,"Eastern Shore Water, St Anns Bank",PER2023767,"ScotiaFundy-6 ",,CTD_PER2023767_767A044_1_UP,NaN,upward,45.9913,-58.9308,2023-08-23T17:58:56Z,2023-08-23T17:58:56Z,2023-08-23T18:13:44Z,2023-08-23T18:10:52Z,97.172646,98.0,32.8711,32.8711,2.3783,2.943709,7.46152,7.2569,1.3863,NaN,2868
,M. Perley,9656151,Ryan Stanley,"Eastern Shore Water, St Anns Bank",PER2023767,"ScotiaFundy-6 ",,CTD_PER2023767_767A044_1_UP,NaN,upward,45.9913,-58.9308,2023-08-23T17:58:56Z,2023-08-23T17:58:56Z,2023-08-23T18:13:44Z,2023-08-23T18:10:56Z,95.18999,96.0,32.8732,32.8732,2.279,2.935497,7.94248,7.3176,1.4071,NaN,2882
,M. Perley,9656151,Ryan Stanley,"Eastern Shore Water, St Anns Bank",PER2023767,"ScotiaFundy-6 ",,CTD_PER2023767_767A044_1_UP,NaN,upward,45.9913,-58.9308,2023-08-23T17:58:56Z,2023-08-23T17:58:56Z,2023-08-23T18:13:44Z,2023-08-23T18:10:59Z,93.20731,94.0,32.7629,32.7629,2.3725,2.934279,7.94013,7.337,1.3714,NaN,2894
,M. Perley,9656151,Ryan Stanley,"Eastern Shore Water, St Anns Bank",PER2023767,"ScotiaFundy-6 ",,CTD_PER2023767_767A044_1_UP,NaN,upward,45.9913,-58.9308,2023-08-23T17:58:56Z,2023-08-23T17:58:56Z,2023-08-23T18:13:44Z,2023-08-23T18:11:02Z,91.224625,92.0,32.7653,32.7653,2.2531,2.924439,7.93785,7.4245,1.4133,NaN,2908
,M. Perley,9656151,Ryan Stanley,"Eastern Shore Water, St Anns Bank",PER2023767,"ScotiaFundy-6 ",,CTD_PER2023767_767A044_1_UP,NaN,upward,45.9913,-58.9308,2023-08-23T17:58:56Z,2023-08-23T17:58:56Z,2023-08-23T18:13:44Z,2023-08-23T18:11:05Z,89.24191,90.0,32.7286,32.7286,2.2853,2.924072,7.93987,7.4514,1.4009,NaN,2919
,M. Perley,9656151,Ryan Stanley,"Eastern Shore Water, St Anns Bank",PER2023767,"ScotiaFundy-6 ",,CTD_PER2023767_767A044_1_UP,NaN,upward,45.9913,-58.9308,2023-08-23T17:58:56Z,2023-08-23T17:58:56Z,2023-08-23T18:13:44Z,2023-08-23T18:11:08Z,87.259186,88.0,32.7455,32.7455,2.1703,2.915778,7.93815,7.5194,1.3932,NaN,2930
,M. Perley,9656151,Ryan Stanley,"Eastern Shore Water, St Anns Bank",PER2023767,"ScotiaFundy-6 ",,CTD_PER2023767_767A044_1_UP,NaN,upward,45.9913,-58.9308,2023-08-23T17:58:56Z,2023-08-23T17:58:56Z,2023-08-23T18:13:44Z,2023-08-23T18:11:10Z,85.276436,86.0,32.6309,32.6309,2.1538,2.905082,7.94503,7.5719,1.4664,NaN,2940
,M. Perley,9656151,Ryan Stanley,"Eastern Shore Water, St Anns Bank",PER2023767,"ScotiaFundy-6 ",,CTD_PER2023767_767A044_1_UP,NaN,upward,45.9913,-58.9308,2023-08-23T17:58:56Z,2023-08-23T17:58:56Z,2023-08-23T18:13:44Z,2023-08-23T18:11:14Z,83.29366,84.0,32.6289,32.6289,2.0567,2.896781,7.94327,7.6379,1.4352,NaN,2953
,M. Perley,9656151,Ryan Stanley,"Eastern Shore Water, St Anns Bank",PER2023767,"ScotiaFundy-6 ",,CTD_PER2023767_767A044_1_UP,NaN,upward,45.9913,-58.9308,2023-08-23T17:58:56Z,2023-08-23T17:58:56Z,2023-08-23T18:13:44Z,2023-08-23T18:11:16Z,81.310875,82.0,32.5737,32.5737,2.0641,2.89288,7.94617,7.6524,1.4419,NaN,2963
,M. Perley,9656151,Ryan Stanley,"Eastern Shore Water, St Anns Bank",PER2023767,"ScotiaFundy-6 ",,CTD_PER2023767_767A044_1_UP,NaN,upward,45.9913,-58.9308,2023-08-23T17:58:56Z,2023-08-23T17:58:56Z,2023-08-23T18:13:44Z,2023-08-23T18:11:19Z,79.32807,80.0,32.5077,32.5077,1.975,2.88013,7.94999,7.7229,1.4915,NaN,2976
,M. Perley,9656151,Ryan Stanley,"Eastern Shore Water, St Anns Bank",PER2023767,"ScotiaFundy-6 ",,CTD_PER2023767_767A044_1_UP,NaN,upward,45.9913,-58.9308,2023-08-23T17:58:56Z,2023-08-23T17:58:56Z,2023-08-23T18:13:44Z,2023-08-23T18:11:22Z,77.345245,78.0,32.4717,32.4717,1.9482,2.874944,8.04396,7.803,1.5633,NaN,2986
,M. Perley,9656151,Ryan Stanley,"Eastern Shore Water, St Anns Bank",PER2023767,"ScotiaFundy-6 ",,CTD_PER2023767_767A044_1_UP,NaN,upward,45.9913,-58.9308,2023-08-23T17:58:56Z,2023-08-23T17:58:56Z,2023-08-23T18:13:44Z,2023-08-23T18:11:25Z,75.3624,76.0,32.4469,32.4469,1.9338,2.871684,8.3834,7.8773,1.564,NaN,2999
,M. Perley,9656151,Ryan Stanley,"Eastern Shore Water, St Anns Bank",PER2023767,"ScotiaFundy-6 ",,CTD_PER2023767_767A044_1_UP,NaN,upward,45.9913,-58.9308,2023-08-23T17:58:56Z,2023-08-23T17:58:56Z,2023-08-23T18:13:44Z,2023-08-23T18:11:28Z,73.37953,74.0,32.4287,32.4287,1.9419,2.870799,8.46365,7.9106,1.5584,NaN,3012
,M. Perley,9656151,Ryan Stanley,"Eastern Shore Water, St Anns Bank",PER2023767,"ScotiaFundy-6 ",,CTD_PER2023767_767A044_1_UP,NaN,upward,45.9913,-58.9308,2023-08-23T17:58:56Z,2023-08-23T17:58:56Z,2023-08-23T18:13:44Z,2023-08-23T18:11:31Z,71.396645,72.0,32.3782,32.3782,1.9341,2.866024,8.46602,7.9341,1.6145,NaN,3023
,M. Perley,9656151,Ryan Stanley,"Eastern Shore Water, St Anns Bank",PER2023767,"ScotiaFundy-6 ",,CTD_PER2023767_767A044_1_UP,NaN,upward,45.9913,-58.9308,2023-08-23T17:58:56Z,2023-08-23T17:58:56Z,2023-08-23T18:13:44Z,2023-08-23T18:11:35Z,69.41374,70.0,32.3125,32.3125,1.9339,2.860647,8.46959,7.9299,1.6182,NaN,3038
,M. Perley,9656151,Ryan Stanley,"Eastern Shore Water, St Anns Bank",PER2023767,"ScotiaFundy-6 ",,CTD_PER2023767_767A044_1_UP,NaN,upward,45.9913,-58.9308,2023-08-23T17:58:56Z,2023-08-23T17:58:56Z,2023-08-23T18:13:44Z,2023-08-23T18:11:39Z,67.430824,68.0,32.2957,32.2957,1.9556,2.860987,8.4701,7.9731,1.6967,NaN,3054
,M. Perley,9656151,Ryan Stanley,"Eastern Shore Water, St Anns Bank",PER2023767,"ScotiaFundy-6 ",,CTD_PER2023767_767A044_1_UP,NaN,upward,45.9913,-58.9308,2023-08-23T17:58:56Z,2023-08-23T17:58:56Z,2023-08-23T18:13:44Z,2023-08-23T18:11:41Z,65.447876,66.0,32.2864,32.2864,1.9657,2.860979,8.46967,8.0019,1.6421,NaN,3065
,M. Perley,9656151,Ryan Stanley,"Eastern Shore Water, St Anns Bank",PER2023767,"ScotiaFundy-6 ",,CTD_PER2023767_767A044_1_UP,NaN,upward,45.9913,-58.9308,2023-08-23T17:58:56Z,2023-08-23T17:58:56Z,2023-08-23T18:13:44Z,2023-08-23T18:11:44Z,63.464916,64.0,32.2406,32.2406,1.9713,2.857676,8.47241,8.0379,1.8359,NaN,3075
,M. Perley,9656151,Ryan Stanley,"Eastern Shore Water, St Anns Bank",PER2023767,"ScotiaFundy-6 ",,CTD_PER2023767_767A044_1_UP,NaN,upward,45.9913,-58.9308,2023-08-23T17:58:56Z,2023-08-23T17:58:56Z,2023-08-23T18:13:44Z,2023-08-23T18:11:48Z,61.481937,62.0,32.2184,32.2184,1.9878,2.857153,8.47264,8.1128,1.8659,NaN,3089
,M. Perley,9656151,Ryan Stanley,"Eastern Shore Water, St Anns Bank",PER2023767,"ScotiaFundy-6 ",,CTD_PER2023767_767A044_1_UP,NaN,upward,45.9913,-58.9308,2023-08-23T17:58:56Z,2023-08-23T17:58:56Z,2023-08-23T18:13:44Z,2023-08-23T18:11:51Z,59.49894,60.0,32.1399,32.1399,2.053,2.856076,8.58206,8.1407,1.9726,NaN,3104
,M. Perley,9656151,Ryan Stanley,"Eastern Shore Water, St Anns Bank",PER2023767,"ScotiaFundy-6 ",,CTD_PER2023767_767A044_1_UP,NaN,upward,45.9913,-58.9308,2023-08-23T17:58:56Z,2023-08-23T17:58:56Z,2023-08-23T18:13:44Z,2023-08-23T18:11:55Z,57.51592,58.0,32.0352,32.0352,2.1502,2.855487,8.96414,8.1484,2.4567,NaN,3119
,M. Perley,9656151,Ryan Stanley,"Eastern Shore Water, St Anns Bank",PER2023767,"ScotiaFundy-6 ",,CTD_PER2023767_767A044_1_UP,NaN,upward,45.9913,-58.9308,2023-08-23T17:58:56Z,2023-08-23T17:58:56Z,2023-08-23T18:13:44Z,2023-08-23T18:12:00Z,55.53288,56.0,31.9804,31.9804,2.1875,2.854002,8.83073,8.3263,2.435,NaN,3141
,M. Perley,9656151,Ryan Stanley,"Eastern Shore Water, St Anns Bank",PER2023767,"ScotiaFundy-6 ",,CTD_PER2023767_767A044_1_UP,NaN,upward,45.9913,-58.9308,2023-08-23T17:58:56Z,2023-08-23T17:58:56Z,2023-08-23T18:13:44Z,2023-08-23T18:12:04Z,53.549824,54.0,31.9954,31.9954,2.1355,2.85089,8.82867,8.438,2.5376,NaN,3156
,M. Perley,9656151,Ryan Stanley,"Eastern Shore Water, St Anns Bank",PER2023767,"ScotiaFundy-6 ",,CTD_PER2023767_767A044_1_UP,NaN,upward,45.9913,-58.9308,2023-08-23T17:58:56Z,2023-08-23T17:58:56Z,2023-08-23T18:13:44Z,2023-08-23T18:12:08Z,51.566746,52.0,31.9959,31.9959,2.1047,2.848339,8.82814,8.4865,2.8472,NaN,3170
,M. Perley,9656151,Ryan Stanley,"Eastern Shore Water, St Anns Bank",PER2023767,"ScotiaFundy-6 ",,CTD_PER2023767_767A044_1_UP,NaN,upward,45.9913,-58.9308,2023-08-23T17:58:56Z,2023-08-23T17:58:56Z,2023-08-23T18:13:44Z,2023-08-23T18:12:11Z,49.583652,50.0,32.0022,32.0022,2.0766,2.846465,8.82721,8.3995,3.1418,NaN,3184
,M. Perley,9656151,Ryan Stanley,"Eastern Shore Water, St Anns Bank",PER2023767,"ScotiaFundy-6 ",,CTD_PER2023767_767A044_1_UP,NaN,upward,45.9913,-58.9308,2023-08-23T17:58:56Z,2023-08-23T17:58:56Z,2023-08-23T18:13:44Z,2023-08-23T18:12:15Z,47.600536,48.0,31.9408,31.9408,2.0985,2.843208,8.83038,8.3511,3.2566,NaN,3199
,M. Perley,9656151,Ryan Stanley,"Eastern Shore Water, St Anns Bank",PER2023767,"ScotiaFundy-6 ",,CTD_PER2023767_767A044_1_UP,NaN,upward,45.9913,-58.9308,2023-08-23T17:58:56Z,2023-08-23T17:58:56Z,2023-08-23T18:13:44Z,2023-08-23T18:12:19Z,45.6174,46.0,31.8464,31.8464,2.1987,2.843636,8.83557,8.3623,2.9742,NaN,3213
,M. Perley,9656151,Ryan Stanley,"Eastern Shore Water, St Anns Bank",PER2023767,"ScotiaFundy-6 ",,CTD_PER2023767_767A044_1_UP,NaN,upward,45.9913,-58.9308,2023-08-23T17:58:56Z,2023-08-23T17:58:56Z,2023-08-23T18:13:44Z,2023-08-23T18:12:22Z,43.634247,44.0,31.7873,31.7873,2.3428,2.850454,8.91429,8.4359,3.1714,NaN,3227
,M. Perley,9656151,Ryan Stanley,"Eastern Shore Water, St Anns Bank",PER2023767,"ScotiaFundy-6 ",,CTD_PER2023767_767A044_1_UP,NaN,upward,45.9913,-58.9308,2023-08-23T17:58:56Z,2023-08-23T17:58:56Z,2023-08-23T18:13:44Z,2023-08-23T18:12:26Z,41.651073,42.0,31.8053,31.8053,2.407,2.857036,9.07999,8.4692,3.4908,NaN,3241
,M. Perley,9656151,Ryan Stanley,"Eastern Shore Water, St Anns Bank",PER2023767,"ScotiaFundy-6 ",,CTD_PER2023767_767A044_1_UP,NaN,upward,45.9913,-58.9308,2023-08-23T17:58:56Z,2023-08-23T17:58:56Z,2023-08-23T18:13:44Z,2023-08-23T18:12:29Z,39.667885,40.0,31.7774,31.7774,2.4227,2.85596,9.07081,8.4756,3.8562,NaN,3257
,M. Perley,9656151,Ryan Stanley,"Eastern Shore Water, St Anns Bank",PER2023767,"ScotiaFundy-6 ",,CTD_PER2023767_767A044_1_UP,NaN,upward,45.9913,-58.9308,2023-08-23T17:58:56Z,2023-08-23T17:58:56Z,2023-08-23T18:13:44Z,2023-08-23T18:12:32Z,37.684673,38.0,31.7897,31.7897,2.4767,2.861258,9.06857,8.4845,4.3046,NaN,3269
,M. Perley,9656151,Ryan Stanley,"Eastern Shore Water, St Anns Bank",PER2023767,"ScotiaFundy-6 ",,CTD_PER2023767_767A044_1_UP,NaN,upward,45.9913,-58.9308,2023-08-23T17:58:56Z,2023-08-23T17:58:56Z,2023-08-23T18:13:44Z,2023-08-23T18:12:36Z,35.701443,36.0,31.6971,31.6971,2.8577,2.884553,9.07248,8.4505,4.212,NaN,3284
,M. Perley,9656151,Ryan Stanley,"Eastern Shore Water, St Anns Bank",PER2023767,"ScotiaFundy-6 ",,CTD_PER2023767_767A044_1_UP,NaN,upward,45.9913,-58.9308,2023-08-23T17:58:56Z,2023-08-23T17:58:56Z,2023-08-23T18:13:44Z,2023-08-23T18:12:39Z,33.718193,34.0,31.628,31.628,3.0538,2.894721,9.07663,8.5084,5.0438,NaN,3297
,M. Perley,9656151,Ryan Stanley,"Eastern Shore Water, St Anns Bank",PER2023767,"ScotiaFundy-6 ",,CTD_PER2023767_767A044_1_UP,NaN,upward,45.9913,-58.9308,2023-08-23T17:58:56Z,2023-08-23T17:58:56Z,2023-08-23T18:13:44Z,2023-08-23T18:12:43Z,31.734922,32.0,31.5254,31.5254,3.1758,2.896015,9.08297,8.6202,6.2222,NaN,3312
,M. Perley,9656151,Ryan Stanley,"Eastern Shore Water, St Anns Bank",PER2023767,"ScotiaFundy-6 ",,CTD_PER2023767_767A044_1_UP,NaN,upward,45.9913,-58.9308,2023-08-23T17:58:56Z,2023-08-23T17:58:56Z,2023-08-23T18:13:44Z,2023-08-23T18:12:46Z,29.751635,30.0,31.437,31.437,3.2515,2.894723,9.08645,8.7248,9.1446,NaN,3325
,M. Perley,9656151,Ryan Stanley,"Eastern Shore Water, St Anns Bank",PER2023767,"ScotiaFundy-6 ",,CTD_PER2023767_767A044_1_UP,NaN,upward,45.9913,-58.9308,2023-08-23T17:58:56Z,2023-08-23T17:58:56Z,2023-08-23T18:13:44Z,2023-08-23T18:12:50Z,27.768328,28.0,31.5075,31.5075,3.4919,2.920068,9.07988,8.7219,9.9509,NaN,3341
,M. Perley,9656151,Ryan Stanley,"Eastern Shore Water, St Anns Bank",PER2023767,"ScotiaFundy-6 ",,CTD_PER2023767_767A044_1_UP,NaN,upward,45.9913,-58.9308,2023-08-23T17:58:56Z,2023-08-23T17:58:56Z,2023-08-23T18:13:44Z,2023-08-23T18:12:54Z,25.785,26.0,31.1858,31.1858,4.0047,2.934403,9.09067,8.7001,11.6044,NaN,3355
,M. Perley,9656151,Ryan Stanley,"Eastern Shore Water, St Anns Bank",PER2023767,"ScotiaFundy-6 ",,CTD_PER2023767_767A044_1_UP,NaN,upward,45.9913,-58.9308,2023-08-23T17:58:56Z,2023-08-23T17:58:56Z,2023-08-23T18:13:44Z,2023-08-23T18:12:58Z,23.801655,24.0,31.0762,31.0762,4.3107,2.949821,9.09427,8.7562,12.7941,NaN,3370
,M. Perley,9656151,Ryan Stanley,"Eastern Shore Water, St Anns Bank",PER2023767,"ScotiaFundy-6 ",,CTD_PER2023767_767A044_1_UP,NaN,upward,45.9913,-58.9308,2023-08-23T17:58:56Z,2023-08-23T17:58:56Z,2023-08-23T18:13:44Z,2023-08-23T18:13:01Z,21.818289,22.0,31.134,31.134,4.7967,2.994365,9.08547,8.7011,11.5672,NaN,3385
,M. Perley,9656151,Ryan Stanley,"Eastern Shore Water, St Anns Bank",PER2023767,"ScotiaFundy-6 ",,CTD_PER2023767_767A044_1_UP,NaN,upward,45.9913,-58.9308,2023-08-23T17:58:56Z,2023-08-23T17:58:56Z,2023-08-23T18:13:44Z,2023-08-23T18:13:05Z,19.834904,20.0,31.048,31.048,5.4162,3.037334,9.09319,8.746,11.105,NaN,3398
,M. Perley,9656151,Ryan Stanley,"Eastern Shore Water, St Anns Bank",PER2023767,"ScotiaFundy-6 ",,CTD_PER2023767_767A044_1_UP,NaN,upward,45.9913,-58.9308,2023-08-23T17:58:56Z,2023-08-23T17:58:56Z,2023-08-23T18:13:44Z,2023-08-23T18:13:09Z,17.851501,18.0,30.8514,30.8514,6.0026,3.067767,9.10203,8.7223,17.1053,NaN,3415
,M. Perley,9656151,Ryan Stanley,"Eastern Shore Water, St Anns Bank",PER2023767,"ScotiaFundy-6 ",,CTD_PER2023767_767A044_1_UP,NaN,upward,45.9913,-58.9308,2023-08-23T17:58:56Z,2023-08-23T17:58:56Z,2023-08-23T18:13:44Z,2023-08-23T18:13:13Z,15.868077,16.0,30.9271,30.9271,6.873,3.146093,9.09597,8.6952,15.6783,NaN,3430
,M. Perley,9656151,Ryan Stanley,"Eastern Shore Water, St Anns Bank",PER2023767,"ScotiaFundy-6 ",,CTD_PER2023767_767A044_1_UP,NaN,upward,45.9913,-58.9308,2023-08-23T17:58:56Z,2023-08-23T17:58:56Z,2023-08-23T18:13:44Z,2023-08-23T18:13:16Z,13.884635,14.0,30.5768,30.5768,9.081,3.296004,9.1043,7.8859,12.7333,NaN,3444
,M. Perley,9656151,Ryan Stanley,"Eastern Shore Water, St Anns Bank",PER2023767,"ScotiaFundy-6 ",,CTD_PER2023767_767A044_1_UP,NaN,upward,45.9913,-58.9308,2023-08-23T17:58:56Z,2023-08-23T17:58:56Z,2023-08-23T18:13:44Z,2023-08-23T18:13:20Z,11.901174,12.0,30.3379,30.3379,11.4202,3.468544,9.11529,7.4306,9.5365,NaN,3460
,M. Perley,9656151,Ryan Stanley,"Eastern Shore Water, St Anns Bank",PER2023767,"ScotiaFundy-6 ",,CTD_PER2023767_767A044_1_UP,NaN,upward,45.9913,-58.9308,2023-08-23T17:58:56Z,2023-08-23T17:58:56Z,2023-08-23T18:13:44Z,2023-08-23T18:13:24Z,9.917693,10.0,28.8134,28.8134,13.5642,3.487223,6.50637,7.1471,8.4365,NaN,3475
,M. Perley,9656151,Ryan Stanley,"Eastern Shore Water, St Anns Bank",PER2023767,"ScotiaFundy-6 ",,CTD_PER2023767_767A044_1_UP,NaN,upward,45.9913,-58.9308,2023-08-23T17:58:56Z,2023-08-23T17:58:56Z,2023-08-23T18:13:44Z,2023-08-23T18:13:29Z,7.9341927,8.0,28.9007,28.9007,16.681,3.755094,6.72955,6.6961,7.505,NaN,3494
,M. Perley,9656151,Ryan Stanley,"Eastern Shore Water, St Anns Bank",PER2023767,"ScotiaFundy-6 ",,CTD_PER2023767_767A044_1_UP,NaN,upward,45.9913,-58.9308,2023-08-23T17:58:56Z,2023-08-23T17:58:56Z,2023-08-23T18:13:44Z,2023-08-23T18:13:44Z,1.9835771,2.0,28.5763,28.5763,17.3652,3.774053,6.71429,6.6182,5.2165,NaN,3553
,M. Perley,9656151,Ryan Stanley,"Eastern Shore Water, St Anns Bank",PER2023767,"ScotiaFundy-6 ",,CTD_PER2023767_767A045_1_DN,NaN,downward,45.989,-59.2085,2023-08-23T19:34:53Z,2023-08-23T19:34:53Z,2023-08-23T19:41:31Z,2023-08-23T19:36:36Z,1.9835775,2.0,27.9941,27.9941,18.5371,3.801768,7.05583,5.7872,3.6185,NaN,413
,M. Perley,9656151,Ryan Stanley,"Eastern Shore Water, St Anns Bank",PER2023767,"ScotiaFundy-6 ",,CTD_PER2023767_767A045_1_DN,NaN,downward,45.989,-59.2085,2023-08-23T19:34:53Z,2023-08-23T19:34:53Z,2023-08-23T19:41:31Z,2023-08-23T19:37:25Z,3.967136,4.0,28.6456,28.6456,18.9225,3.913755,6.85308,6.0039,4.1038,NaN,612
,M. Perley,9656151,Ryan Stanley,"Eastern Shore Water, St Anns Bank",PER2023767,"ScotiaFundy-6 ",,CTD_PER2023767_767A045_1_DN,NaN,downward,45.989,-59.2085,2023-08-23T19:34:53Z,2023-08-23T19:34:53Z,2023-08-23T19:41:31Z,2023-08-23T19:37:33Z,5.950675,6.0,28.7012,28.7012,18.9638,3.924089,6.83525,6.1448,4.1892,NaN,642
,M. Perley,9656151,Ryan Stanley,"Eastern Shore Water, St Anns Bank",PER2023767,"ScotiaFundy-6 ",,CTD_PER2023767_767A045_1_DN,NaN,downward,45.989,-59.2085,2023-08-23T19:34:53Z,2023-08-23T19:34:53Z,2023-08-23T19:41:31Z,2023-08-23T19:37:37Z,7.9341946,8.0,28.7044,28.7044,18.9658,3.924729,6.83552,6.2205,4.7329,NaN,657
,M. Perley,9656151,Ryan Stanley,"Eastern Shore Water, St Anns Bank",PER2023767,"ScotiaFundy-6 ",,CTD_PER2023767_767A045_1_DN,NaN,downward,45.989,-59.2085,2023-08-23T19:34:53Z,2023-08-23T19:34:53Z,2023-08-23T19:41:31Z,2023-08-23T19:37:40Z,9.917695,10.0,28.7054,28.7054,18.9697,3.925262,6.83591,6.2477,4.9856,NaN,672
,M. Perley,9656151,Ryan Stanley,"Eastern Shore Water, St Anns Bank",PER2023767,"ScotiaFundy-6 ",,CTD_PER2023767_767A045_1_DN,NaN,downward,45.989,-59.2085,2023-08-23T19:34:53Z,2023-08-23T19:34:53Z,2023-08-23T19:41:31Z,2023-08-23T19:37:44Z,11.901176,12.0,28.7062,28.7062,18.9157,3.920853,6.83642,6.1578,5.5793,NaN,688
,M. Perley,9656151,Ryan Stanley,"Eastern Shore Water, St Anns Bank",PER2023767,"ScotiaFundy-6 ",,CTD_PER2023767_767A045_1_DN,NaN,downward,45.989,-59.2085,2023-08-23T19:34:53Z,2023-08-23T19:34:53Z,2023-08-23T19:41:31Z,2023-08-23T19:37:55Z,15.868081,16.0,28.9543,28.9543,15.0718,3.626722,6.88037,6.8923,14.3654,NaN,732
,M. Perley,9656151,Ryan Stanley,"Eastern Shore Water, St Anns Bank",PER2023767,"ScotiaFundy-6 ",,CTD_PER2023767_767A045_1_DN,NaN,downward,45.989,-59.2085,2023-08-23T19:34:53Z,2023-08-23T19:34:53Z,2023-08-23T19:41:31Z,2023-08-23T19:37:58Z,17.851505,18.0,31.0517,31.0517,6.9034,3.176123,6.76936,7.9938,18.1988,NaN,741
,M. Perley,9656151,Ryan Stanley,"Eastern Shore Water, St Anns Bank",PER2023767,"ScotiaFundy-6 ",,CTD_PER2023767_767A045_1_DN,NaN,downward,45.989,-59.2085,2023-08-23T19:34:53Z,2023-08-23T19:34:53Z,2023-08-23T19:41:31Z,2023-08-23T19:38:03Z,19.83491,20.0,30.2403,30.2403,10.3643,3.371278,6.82197,7.2667,12.3599,NaN,763
,M. Perley,9656151,Ryan Stanley,"Eastern Shore Water, St Anns Bank",PER2023767,"ScotiaFundy-6 ",,CTD_PER2023767_767A045_1_DN,NaN,downward,45.989,-59.2085,2023-08-23T19:34:53Z,2023-08-23T19:34:53Z,2023-08-23T19:41:31Z,2023-08-23T19:41:31Z,25.785006,26.0,31.5267,31.5267,3.9455,2.95864,8.88242,8.264,3.8746,NaN,1595
,M. Perley,9656151,Ryan Stanley,"Eastern Shore Water, St Anns Bank",PER2023767,"ScotiaFundy-6 ",,CTD_PER2023767_767A045_1_UP,NaN,upward,45.989,-59.2085,2023-08-23T19:34:53Z,2023-08-23T19:34:53Z,2023-08-23T19:42:20Z,2023-08-23T19:41:33Z,23.801659,24.0,31.5164,31.5164,3.9667,2.959433,8.88211,8.5134,6.1226,NaN,1602
,M. Perley,9656151,Ryan Stanley,"Eastern Shore Water, St Anns Bank",PER2023767,"ScotiaFundy-6 ",,CTD_PER2023767_767A045_1_UP,NaN,upward,45.989,-59.2085,2023-08-23T19:34:53Z,2023-08-23T19:34:53Z,2023-08-23T19:42:20Z,2023-08-23T19:41:36Z,21.818293,22.0,31.3867,31.3867,4.1869,2.96629,8.8903,8.5516,7.7132,NaN,1613
,M. Perley,9656151,Ryan Stanley,"Eastern Shore Water, St Anns Bank",PER2023767,"ScotiaFundy-6 ",,CTD_PER2023767_767A045_1_UP,NaN,upward,45.989,-59.2085,2023-08-23T19:34:53Z,2023-08-23T19:34:53Z,2023-08-23T19:42:20Z,2023-08-23T19:41:38Z,19.83491,20.0,31.3413,31.3413,4.4892,2.987005,8.88813,8.6453,12.7445,NaN,1623
,M. Perley,9656151,Ryan Stanley,"Eastern Shore Water, St Anns Bank",PER2023767,"ScotiaFundy-6 ",,CTD_PER2023767_767A045_1_UP,NaN,upward,45.989,-59.2085,2023-08-23T19:34:53Z,2023-08-23T19:34:53Z,2023-08-23T19:42:20Z,2023-08-23T19:41:41Z,17.851505,18.0,30.5428,30.5428,6.1847,3.055536,8.93573,8.2807,21.3702,NaN,1634
,M. Perley,9656151,Ryan Stanley,"Eastern Shore Water, St Anns Bank",PER2023767,"ScotiaFundy-6 ",,CTD_PER2023767_767A045_1_UP,NaN,upward,45.989,-59.2085,2023-08-23T19:34:53Z,2023-08-23T19:34:53Z,2023-08-23T19:42:20Z,2023-08-23T19:41:52Z,13.884638,14.0,30.9438,30.9438,9.1035,3.334039,7.63968,7.9579,8.2303,NaN,1679
,M. Perley,9656151,Ryan Stanley,"Eastern Shore Water, St Anns Bank",PER2023767,"ScotiaFundy-6 ",,CTD_PER2023767_767A045_1_UP,NaN,upward,45.989,-59.2085,2023-08-23T19:34:53Z,2023-08-23T19:34:53Z,2023-08-23T19:42:20Z,2023-08-23T19:42:10Z,7.9341946,8.0,28.8628,28.8628,15.0703,3.615913,7.71914,6.864,5.1122,NaN,1752
,M. Perley,9656151,Ryan Stanley,"Eastern Shore Water, St Anns Bank",PER2023767,"ScotiaFundy-6 ",,CTD_PER2023767_767A045_1_UP,NaN,upward,45.989,-59.2085,2023-08-23T19:34:53Z,2023-08-23T19:34:53Z,2023-08-23T19:42:20Z,2023-08-23T19:42:13Z,5.950675,6.0,28.6009,28.6009,14.8149,3.565124,7.74007,6.9106,4.8094,NaN,1761
,M. Perley,9656151,Ryan Stanley,"Eastern Shore Water, St Anns Bank",PER2023767,"ScotiaFundy-6 ",,CTD_PER2023767_767A045_1_UP,NaN,upward,45.989,-59.2085,2023-08-23T19:34:53Z,2023-08-23T19:34:53Z,2023-08-23T19:42:20Z,2023-08-23T19:42:16Z,3.967136,4.0,27.9808,27.9808,16.0153,3.592249,7.76882,6.7556,4.632,NaN,1775
,M. Perley,9656151,Ryan Stanley,"Eastern Shore Water, St Anns Bank",PER2023767,"ScotiaFundy-6 ",,CTD_PER2023767_767A045_1_UP,NaN,upward,45.989,-59.2085,2023-08-23T19:34:53Z,2023-08-23T19:34:53Z,2023-08-23T19:42:20Z,2023-08-23T19:42:20Z,1.9835775,2.0,29.1985,29.1985,15.5912,3.698546,7.71962,6.7921,4.106,NaN,1789
